group,schema,class,fragment_type,fragment,type_variation,identifier,source_type,translated_target_type,translated,attempted,timestamp,feedback
jansi.jansi.*,jansi.jansi.src.main.org.fusesource.jansi.Ansi.json,27-973:Ansi,field,29-29:FIRST_ESC_CHAR,types,char,char,Rune,True,True,2026-05-13 16:31:01,
jansi.jansi.*,jansi.jansi.src.main.org.fusesource.jansi.Ansi.json,27-973:Ansi,field,30-30:SECOND_ESC_CHAR,types,char,char,Rune,True,True,2026-05-13 16:31:01,
jansi.jansi.*,jansi.jansi.src.main.org.fusesource.jansi.Ansi.json,27-973:Ansi,field,157-157:DISABLE,types,String,String,String,True,True,2026-05-13 16:31:01,
jansi.jansi.*,jansi.jansi.src.main.org.fusesource.jansi.Ansi.json,27-973:Ansi,field,159-159:detector,types,Callable<Boolean>,Callable<Boolean>,() -> Bool,True,True,2026-05-14 11:54:49,
jansi.jansi.*,jansi.jansi.src.main.org.fusesource.jansi.Ansi.json,27-973:Ansi,field,174-179:holder,types,InheritableThreadLocal<Boolean>,InheritableThreadLocal<Boolean>,Any,True,True,2026-05-14 11:54:51,
jansi.jansi.*,jansi.jansi.src.main.org.fusesource.jansi.Ansi.json,27-973:Ansi,field,373-373:builder,types,StringBuilder,StringBuilder,StringBuilder,True,True,2026-05-14 11:54:54,
jansi.jansi.*,jansi.jansi.src.main.org.fusesource.jansi.Ansi.json,27-973:Ansi,field,374-374:attributeOptions,types,ArrayList<Integer>,ArrayList<Integer>,ArrayList<Int64>,True,True,2026-05-14 11:54:56,
jansi.jansi.*,jansi.jansi.src.main.org.fusesource.jansi.Ansi.json,27-973:Ansi,method,161-164:setDetector,return_types,void,void,Unit,True,True,2026-05-13 16:31:36,
jansi.jansi.*,jansi.jansi.src.main.org.fusesource.jansi.Ansi.json,27-973:Ansi,method,161-164:setDetector,body_types,IllegalArgumentException,IllegalArgumentException,IllegalArgumentException,True,True,2026-05-14 11:55:05,
jansi.jansi.*,jansi.jansi.src.main.org.fusesource.jansi.Ansi.json,27-973:Ansi,method,161-164:setDetector,parameters,final|Callable<Boolean>|detector,Callable<Boolean>,() -> Bool,True,True,2026-05-14 11:55:02,
jansi.jansi.*,jansi.jansi.src.main.org.fusesource.jansi.Ansi.json,27-973:Ansi,method,166-172:isDetected,return_types,boolean,boolean,Bool,True,True,2026-05-13 16:31:51,
jansi.jansi.*,jansi.jansi.src.main.org.fusesource.jansi.Ansi.json,27-973:Ansi,method,166-172:isDetected,body_types,Exception,Exception,Exception,True,True,2026-05-14 11:55:07,
jansi.jansi.*,jansi.jansi.src.main.org.fusesource.jansi.Ansi.json,27-973:Ansi,method,181-183:setEnabled,return_types,void,void,Unit,True,True,2026-05-13 16:32:00,
jansi.jansi.*,jansi.jansi.src.main.org.fusesource.jansi.Ansi.json,27-973:Ansi,method,181-183:setEnabled,parameters,final|boolean|flag,boolean,Bool,True,True,2026-05-13 16:32:00,
jansi.jansi.*,jansi.jansi.src.main.org.fusesource.jansi.Ansi.json,27-973:Ansi,method,185-187:isEnabled,return_types,boolean,boolean,Bool,True,True,2026-05-13 16:32:00,
jansi.jansi.*,jansi.jansi.src.main.org.fusesource.jansi.Ansi.json,27-973:Ansi,method,189-195:ansi,return_types,Ansi,Ansi,Ansi,True,True,2026-05-13 16:32:00,
jansi.jansi.*,jansi.jansi.src.main.org.fusesource.jansi.Ansi.json,27-973:Ansi,method,189-195:ansi,body_types,Ansi,Ansi,Ansi,True,True,2026-05-13 16:32:00,
jansi.jansi.*,jansi.jansi.src.main.org.fusesource.jansi.Ansi.json,27-973:Ansi,method,189-195:ansi,body_types,Ansi_NoAnsi,Ansi_NoAnsi,Ansi_NoAnsi,True,True,2026-05-13 16:32:00,
jansi.jansi.*,jansi.jansi.src.main.org.fusesource.jansi.Ansi.json,27-973:Ansi,method,197-203:ansi,return_types,Ansi,Ansi,Ansi,True,True,2026-05-13 16:32:00,
jansi.jansi.*,jansi.jansi.src.main.org.fusesource.jansi.Ansi.json,27-973:Ansi,method,197-203:ansi,body_types,Ansi,Ansi,Ansi,True,True,2026-05-13 16:32:07,
jansi.jansi.*,jansi.jansi.src.main.org.fusesource.jansi.Ansi.json,27-973:Ansi,method,197-203:ansi,body_types,Ansi_NoAnsi,Ansi_NoAnsi,Ansi_NoAnsi,True,True,2026-05-13 16:32:07,
jansi.jansi.*,jansi.jansi.src.main.org.fusesource.jansi.Ansi.json,27-973:Ansi,method,197-203:ansi,parameters,|StringBuilder|builder,StringBuilder,StringBuilder,True,True,2026-05-14 11:55:09,
jansi.jansi.*,jansi.jansi.src.main.org.fusesource.jansi.Ansi.json,27-973:Ansi,method,205-211:ansi,return_types,Ansi,Ansi,Ansi,True,True,2026-05-13 16:32:08,
jansi.jansi.*,jansi.jansi.src.main.org.fusesource.jansi.Ansi.json,27-973:Ansi,method,205-211:ansi,body_types,Ansi,Ansi,Ansi,True,True,2026-05-13 16:32:08,
jansi.jansi.*,jansi.jansi.src.main.org.fusesource.jansi.Ansi.json,27-973:Ansi,method,205-211:ansi,body_types,Ansi_NoAnsi,Ansi_NoAnsi,Ansi_NoAnsi,True,True,2026-05-13 16:32:08,
jansi.jansi.*,jansi.jansi.src.main.org.fusesource.jansi.Ansi.json,27-973:Ansi,method,205-211:ansi,parameters,|int|size,int,Int64,True,True,2026-05-13 16:32:08,
jansi.jansi.*,jansi.jansi.src.main.org.fusesource.jansi.Ansi.json,27-973:Ansi,method,376-378:Ansi,body_types,StringBuilder,StringBuilder,StringBuilder,True,True,2026-05-14 11:55:12,
jansi.jansi.*,jansi.jansi.src.main.org.fusesource.jansi.Ansi.json,27-973:Ansi,method,380-383:Ansi,body_types,StringBuilder,StringBuilder,StringBuilder,True,True,2026-05-14 11:55:14,
jansi.jansi.*,jansi.jansi.src.main.org.fusesource.jansi.Ansi.json,27-973:Ansi,method,380-383:Ansi,parameters,|Ansi|parent,Ansi,Ansi,True,True,2026-05-13 16:32:15,
jansi.jansi.*,jansi.jansi.src.main.org.fusesource.jansi.Ansi.json,27-973:Ansi,method,385-387:Ansi,body_types,StringBuilder,StringBuilder,StringBuilder,True,True,2026-05-14 11:55:17,
jansi.jansi.*,jansi.jansi.src.main.org.fusesource.jansi.Ansi.json,27-973:Ansi,method,385-387:Ansi,parameters,|int|size,int,Int64,True,True,2026-05-13 16:32:24,
jansi.jansi.*,jansi.jansi.src.main.org.fusesource.jansi.Ansi.json,27-973:Ansi,method,389-391:Ansi,parameters,|StringBuilder|builder,StringBuilder,StringBuilder,True,True,2026-05-14 11:55:19,
jansi.jansi.*,jansi.jansi.src.main.org.fusesource.jansi.Ansi.json,27-973:Ansi,method,393-396:fg,return_types,Ansi,Ansi,Ansi,True,True,2026-05-13 16:32:39,
jansi.jansi.*,jansi.jansi.src.main.org.fusesource.jansi.Ansi.json,27-973:Ansi,method,393-396:fg,parameters,|Color|color,Color,Color,True,True,2026-05-13 16:32:39,
jansi.jansi.*,jansi.jansi.src.main.org.fusesource.jansi.Ansi.json,27-973:Ansi,method,398-403:fg,return_types,Ansi,Ansi,Ansi,True,True,2026-05-13 16:32:39,
jansi.jansi.*,jansi.jansi.src.main.org.fusesource.jansi.Ansi.json,27-973:Ansi,method,398-403:fg,parameters,|int|color,int,Int64,True,True,2026-05-13 16:32:39,
jansi.jansi.*,jansi.jansi.src.main.org.fusesource.jansi.Ansi.json,27-973:Ansi,method,405-407:fgRgb,return_types,Ansi,Ansi,Ansi,True,True,2026-05-13 16:32:39,
jansi.jansi.*,jansi.jansi.src.main.org.fusesource.jansi.Ansi.json,27-973:Ansi,method,405-407:fgRgb,parameters,|int|color,int,Int64,True,True,2026-05-13 16:32:39,
jansi.jansi.*,jansi.jansi.src.main.org.fusesource.jansi.Ansi.json,27-973:Ansi,method,409-416:fgRgb,return_types,Ansi,Ansi,Ansi,True,True,2026-05-13 16:32:39,
jansi.jansi.*,jansi.jansi.src.main.org.fusesource.jansi.Ansi.json,27-973:Ansi,method,409-416:fgRgb,parameters,|int|r,int,Int64,True,True,2026-05-13 16:32:39,
jansi.jansi.*,jansi.jansi.src.main.org.fusesource.jansi.Ansi.json,27-973:Ansi,method,409-416:fgRgb,parameters,|int|g,int,Int64,True,True,2026-05-13 16:32:39,
jansi.jansi.*,jansi.jansi.src.main.org.fusesource.jansi.Ansi.json,27-973:Ansi,method,409-416:fgRgb,parameters,|int|b,int,Int64,True,True,2026-05-13 16:32:39,
jansi.jansi.*,jansi.jansi.src.main.org.fusesource.jansi.Ansi.json,27-973:Ansi,method,418-420:fgBlack,return_types,Ansi,Ansi,Ansi,True,True,2026-05-13 16:32:39,
jansi.jansi.*,jansi.jansi.src.main.org.fusesource.jansi.Ansi.json,27-973:Ansi,method,422-424:fgBlue,return_types,Ansi,Ansi,Ansi,True,True,2026-05-13 16:32:39,
jansi.jansi.*,jansi.jansi.src.main.org.fusesource.jansi.Ansi.json,27-973:Ansi,method,426-428:fgCyan,return_types,Ansi,Ansi,Ansi,True,True,2026-05-13 16:32:39,
jansi.jansi.*,jansi.jansi.src.main.org.fusesource.jansi.Ansi.json,27-973:Ansi,method,430-432:fgDefault,return_types,Ansi,Ansi,Ansi,True,True,2026-05-13 16:32:39,
jansi.jansi.*,jansi.jansi.src.main.org.fusesource.jansi.Ansi.json,27-973:Ansi,method,434-436:fgGreen,return_types,Ansi,Ansi,Ansi,True,True,2026-05-13 16:32:39,
jansi.jansi.*,jansi.jansi.src.main.org.fusesource.jansi.Ansi.json,27-973:Ansi,method,438-440:fgMagenta,return_types,Ansi,Ansi,Ansi,True,True,2026-05-13 16:32:39,
jansi.jansi.*,jansi.jansi.src.main.org.fusesource.jansi.Ansi.json,27-973:Ansi,method,442-444:fgRed,return_types,Ansi,Ansi,Ansi,True,True,2026-05-13 16:32:39,
jansi.jansi.*,jansi.jansi.src.main.org.fusesource.jansi.Ansi.json,27-973:Ansi,method,446-448:fgYellow,return_types,Ansi,Ansi,Ansi,True,True,2026-05-13 16:32:39,
jansi.jansi.*,jansi.jansi.src.main.org.fusesource.jansi.Ansi.json,27-973:Ansi,method,450-453:bg,return_types,Ansi,Ansi,Ansi,True,True,2026-05-13 16:32:39,
jansi.jansi.*,jansi.jansi.src.main.org.fusesource.jansi.Ansi.json,27-973:Ansi,method,450-453:bg,parameters,|Color|color,Color,Color,True,True,2026-05-13 16:32:39,
jansi.jansi.*,jansi.jansi.src.main.org.fusesource.jansi.Ansi.json,27-973:Ansi,method,455-460:bg,return_types,Ansi,Ansi,Ansi,True,True,2026-05-13 16:32:39,
jansi.jansi.*,jansi.jansi.src.main.org.fusesource.jansi.Ansi.json,27-973:Ansi,method,455-460:bg,parameters,|int|color,int,Int64,True,True,2026-05-13 16:32:39,
jansi.jansi.*,jansi.jansi.src.main.org.fusesource.jansi.Ansi.json,27-973:Ansi,method,462-464:bgRgb,return_types,Ansi,Ansi,Ansi,True,True,2026-05-13 16:32:39,
jansi.jansi.*,jansi.jansi.src.main.org.fusesource.jansi.Ansi.json,27-973:Ansi,method,462-464:bgRgb,parameters,|int|color,int,Int64,True,True,2026-05-13 16:32:39,
jansi.jansi.*,jansi.jansi.src.main.org.fusesource.jansi.Ansi.json,27-973:Ansi,method,466-473:bgRgb,return_types,Ansi,Ansi,Ansi,True,True,2026-05-13 16:32:39,
jansi.jansi.*,jansi.jansi.src.main.org.fusesource.jansi.Ansi.json,27-973:Ansi,method,466-473:bgRgb,parameters,|int|r,int,Int64,True,True,2026-05-13 16:32:39,
jansi.jansi.*,jansi.jansi.src.main.org.fusesource.jansi.Ansi.json,27-973:Ansi,method,466-473:bgRgb,parameters,|int|g,int,Int64,True,True,2026-05-13 16:32:39,
jansi.jansi.*,jansi.jansi.src.main.org.fusesource.jansi.Ansi.json,27-973:Ansi,method,466-473:bgRgb,parameters,|int|b,int,Int64,True,True,2026-05-13 16:32:39,
jansi.jansi.*,jansi.jansi.src.main.org.fusesource.jansi.Ansi.json,27-973:Ansi,method,475-477:bgCyan,return_types,Ansi,Ansi,Ansi,True,True,2026-05-13 16:32:39,
jansi.jansi.*,jansi.jansi.src.main.org.fusesource.jansi.Ansi.json,27-973:Ansi,method,479-481:bgDefault,return_types,Ansi,Ansi,Ansi,True,True,2026-05-13 16:32:39,
jansi.jansi.*,jansi.jansi.src.main.org.fusesource.jansi.Ansi.json,27-973:Ansi,method,483-485:bgGreen,return_types,Ansi,Ansi,Ansi,True,True,2026-05-13 16:32:39,
jansi.jansi.*,jansi.jansi.src.main.org.fusesource.jansi.Ansi.json,27-973:Ansi,method,487-489:bgMagenta,return_types,Ansi,Ansi,Ansi,True,True,2026-05-13 16:32:39,
jansi.jansi.*,jansi.jansi.src.main.org.fusesource.jansi.Ansi.json,27-973:Ansi,method,491-493:bgRed,return_types,Ansi,Ansi,Ansi,True,True,2026-05-13 16:32:39,
jansi.jansi.*,jansi.jansi.src.main.org.fusesource.jansi.Ansi.json,27-973:Ansi,method,495-497:bgYellow,return_types,Ansi,Ansi,Ansi,True,True,2026-05-13 16:32:39,
jansi.jansi.*,jansi.jansi.src.main.org.fusesource.jansi.Ansi.json,27-973:Ansi,method,499-502:fgBright,return_types,Ansi,Ansi,Ansi,True,True,2026-05-13 16:32:39,
jansi.jansi.*,jansi.jansi.src.main.org.fusesource.jansi.Ansi.json,27-973:Ansi,method,499-502:fgBright,parameters,|Color|color,Color,Color,True,True,2026-05-13 16:32:39,
jansi.jansi.*,jansi.jansi.src.main.org.fusesource.jansi.Ansi.json,27-973:Ansi,method,504-506:fgBrightBlack,return_types,Ansi,Ansi,Ansi,True,True,2026-05-13 16:32:39,
jansi.jansi.*,jansi.jansi.src.main.org.fusesource.jansi.Ansi.json,27-973:Ansi,method,508-510:fgBrightBlue,return_types,Ansi,Ansi,Ansi,True,True,2026-05-13 16:32:39,
jansi.jansi.*,jansi.jansi.src.main.org.fusesource.jansi.Ansi.json,27-973:Ansi,method,512-514:fgBrightCyan,return_types,Ansi,Ansi,Ansi,True,True,2026-05-13 16:32:39,
jansi.jansi.*,jansi.jansi.src.main.org.fusesource.jansi.Ansi.json,27-973:Ansi,method,516-518:fgBrightDefault,return_types,Ansi,Ansi,Ansi,True,True,2026-05-13 16:32:39,
jansi.jansi.*,jansi.jansi.src.main.org.fusesource.jansi.Ansi.json,27-973:Ansi,method,520-522:fgBrightGreen,return_types,Ansi,Ansi,Ansi,True,True,2026-05-13 16:32:39,
jansi.jansi.*,jansi.jansi.src.main.org.fusesource.jansi.Ansi.json,27-973:Ansi,method,524-526:fgBrightMagenta,return_types,Ansi,Ansi,Ansi,True,True,2026-05-13 16:32:39,
jansi.jansi.*,jansi.jansi.src.main.org.fusesource.jansi.Ansi.json,27-973:Ansi,method,528-530:fgBrightRed,return_types,Ansi,Ansi,Ansi,True,True,2026-05-13 16:32:39,
jansi.jansi.*,jansi.jansi.src.main.org.fusesource.jansi.Ansi.json,27-973:Ansi,method,532-534:fgBrightYellow,return_types,Ansi,Ansi,Ansi,True,True,2026-05-13 16:32:39,
jansi.jansi.*,jansi.jansi.src.main.org.fusesource.jansi.Ansi.json,27-973:Ansi,method,536-539:bgBright,return_types,Ansi,Ansi,Ansi,True,True,2026-05-13 16:32:39,
jansi.jansi.*,jansi.jansi.src.main.org.fusesource.jansi.Ansi.json,27-973:Ansi,method,536-539:bgBright,parameters,|Color|color,Color,Color,True,True,2026-05-13 16:32:39,
jansi.jansi.*,jansi.jansi.src.main.org.fusesource.jansi.Ansi.json,27-973:Ansi,method,541-543:bgBrightCyan,return_types,Ansi,Ansi,Ansi,True,True,2026-05-13 16:32:39,
jansi.jansi.*,jansi.jansi.src.main.org.fusesource.jansi.Ansi.json,27-973:Ansi,method,545-547:bgBrightDefault,return_types,Ansi,Ansi,Ansi,True,True,2026-05-13 16:32:39,
jansi.jansi.*,jansi.jansi.src.main.org.fusesource.jansi.Ansi.json,27-973:Ansi,method,549-551:bgBrightGreen,return_types,Ansi,Ansi,Ansi,True,True,2026-05-13 16:32:39,
jansi.jansi.*,jansi.jansi.src.main.org.fusesource.jansi.Ansi.json,27-973:Ansi,method,553-555:bgBrightMagenta,return_types,Ansi,Ansi,Ansi,True,True,2026-05-13 16:32:39,
jansi.jansi.*,jansi.jansi.src.main.org.fusesource.jansi.Ansi.json,27-973:Ansi,method,557-559:bgBrightRed,return_types,Ansi,Ansi,Ansi,True,True,2026-05-13 16:32:39,
jansi.jansi.*,jansi.jansi.src.main.org.fusesource.jansi.Ansi.json,27-973:Ansi,method,561-563:bgBrightYellow,return_types,Ansi,Ansi,Ansi,True,True,2026-05-13 16:32:39,
jansi.jansi.*,jansi.jansi.src.main.org.fusesource.jansi.Ansi.json,27-973:Ansi,method,565-568:a,return_types,Ansi,Ansi,Ansi,True,True,2026-05-13 16:32:39,
jansi.jansi.*,jansi.jansi.src.main.org.fusesource.jansi.Ansi.json,27-973:Ansi,method,565-568:a,parameters,|Attribute|attribute,Attribute,Attribute,True,True,2026-05-13 16:32:40,
jansi.jansi.*,jansi.jansi.src.main.org.fusesource.jansi.Ansi.json,27-973:Ansi,method,578-580:cursor,return_types,Ansi,Ansi,Ansi,True,True,2026-05-13 16:32:40,
jansi.jansi.*,jansi.jansi.src.main.org.fusesource.jansi.Ansi.json,27-973:Ansi,method,578-580:cursor,parameters,final|int|row,int,Int64,True,True,2026-05-13 16:32:40,
jansi.jansi.*,jansi.jansi.src.main.org.fusesource.jansi.Ansi.json,27-973:Ansi,method,578-580:cursor,parameters,final|int|column,int,Int64,True,True,2026-05-13 16:32:40,
jansi.jansi.*,jansi.jansi.src.main.org.fusesource.jansi.Ansi.json,27-973:Ansi,method,589-591:cursorToColumn,return_types,Ansi,Ansi,Ansi,True,True,2026-05-13 16:32:40,
jansi.jansi.*,jansi.jansi.src.main.org.fusesource.jansi.Ansi.json,27-973:Ansi,method,589-591:cursorToColumn,parameters,final|int|x,int,Int64,True,True,2026-05-13 16:32:40,
jansi.jansi.*,jansi.jansi.src.main.org.fusesource.jansi.Ansi.json,27-973:Ansi,method,599-601:cursorUp,return_types,Ansi,Ansi,Ansi,True,True,2026-05-13 16:32:40,
jansi.jansi.*,jansi.jansi.src.main.org.fusesource.jansi.Ansi.json,27-973:Ansi,method,599-601:cursorUp,parameters,final|int|y,int,Int64,True,True,2026-05-13 16:32:40,
jansi.jansi.*,jansi.jansi.src.main.org.fusesource.jansi.Ansi.json,27-973:Ansi,method,609-611:cursorDown,return_types,Ansi,Ansi,Ansi,True,True,2026-05-13 16:32:40,
jansi.jansi.*,jansi.jansi.src.main.org.fusesource.jansi.Ansi.json,27-973:Ansi,method,609-611:cursorDown,parameters,final|int|y,int,Int64,True,True,2026-05-13 16:32:40,
jansi.jansi.*,jansi.jansi.src.main.org.fusesource.jansi.Ansi.json,27-973:Ansi,method,619-621:cursorRight,return_types,Ansi,Ansi,Ansi,True,True,2026-05-13 16:32:40,
jansi.jansi.*,jansi.jansi.src.main.org.fusesource.jansi.Ansi.json,27-973:Ansi,method,619-621:cursorRight,parameters,final|int|x,int,Int64,True,True,2026-05-13 16:32:40,
jansi.jansi.*,jansi.jansi.src.main.org.fusesource.jansi.Ansi.json,27-973:Ansi,method,629-631:cursorLeft,return_types,Ansi,Ansi,Ansi,True,True,2026-05-13 16:32:40,
jansi.jansi.*,jansi.jansi.src.main.org.fusesource.jansi.Ansi.json,27-973:Ansi,method,629-631:cursorLeft,parameters,final|int|x,int,Int64,True,True,2026-05-13 16:32:40,
jansi.jansi.*,jansi.jansi.src.main.org.fusesource.jansi.Ansi.json,27-973:Ansi,method,642-644:cursorMove,return_types,Ansi,Ansi,Ansi,True,True,2026-05-13 16:32:40,
jansi.jansi.*,jansi.jansi.src.main.org.fusesource.jansi.Ansi.json,27-973:Ansi,method,642-644:cursorMove,parameters,final|int|x,int,Int64,True,True,2026-05-13 16:32:40,
jansi.jansi.*,jansi.jansi.src.main.org.fusesource.jansi.Ansi.json,27-973:Ansi,method,642-644:cursorMove,parameters,final|int|y,int,Int64,True,True,2026-05-13 16:32:40,
jansi.jansi.*,jansi.jansi.src.main.org.fusesource.jansi.Ansi.json,27-973:Ansi,method,651-653:cursorDownLine,return_types,Ansi,Ansi,Ansi,True,True,2026-05-13 16:32:40,
jansi.jansi.*,jansi.jansi.src.main.org.fusesource.jansi.Ansi.json,27-973:Ansi,method,662-664:cursorDownLine,return_types,Ansi,Ansi,Ansi,True,True,2026-05-13 16:32:40,
jansi.jansi.*,jansi.jansi.src.main.org.fusesource.jansi.Ansi.json,27-973:Ansi,method,662-664:cursorDownLine,parameters,final|int|n,int,Int64,True,True,2026-05-13 16:32:40,
jansi.jansi.*,jansi.jansi.src.main.org.fusesource.jansi.Ansi.json,27-973:Ansi,method,671-673:cursorUpLine,return_types,Ansi,Ansi,Ansi,True,True,2026-05-13 16:32:40,
jansi.jansi.*,jansi.jansi.src.main.org.fusesource.jansi.Ansi.json,27-973:Ansi,method,682-684:cursorUpLine,return_types,Ansi,Ansi,Ansi,True,True,2026-05-13 16:32:40,
jansi.jansi.*,jansi.jansi.src.main.org.fusesource.jansi.Ansi.json,27-973:Ansi,method,682-684:cursorUpLine,parameters,final|int|n,int,Int64,True,True,2026-05-13 16:32:40,
jansi.jansi.*,jansi.jansi.src.main.org.fusesource.jansi.Ansi.json,27-973:Ansi,method,686-688:eraseScreen,return_types,Ansi,Ansi,Ansi,True,True,2026-05-13 16:32:40,
jansi.jansi.*,jansi.jansi.src.main.org.fusesource.jansi.Ansi.json,27-973:Ansi,method,690-692:eraseScreen,return_types,Ansi,Ansi,Ansi,True,True,2026-05-13 16:32:40,
jansi.jansi.*,jansi.jansi.src.main.org.fusesource.jansi.Ansi.json,27-973:Ansi,method,690-692:eraseScreen,parameters,final|Erase|kind,Erase,Erase,True,True,2026-05-13 16:32:40,
jansi.jansi.*,jansi.jansi.src.main.org.fusesource.jansi.Ansi.json,27-973:Ansi,method,694-696:eraseLine,return_types,Ansi,Ansi,Ansi,True,True,2026-05-13 16:32:40,
jansi.jansi.*,jansi.jansi.src.main.org.fusesource.jansi.Ansi.json,27-973:Ansi,method,698-700:eraseLine,return_types,Ansi,Ansi,Ansi,True,True,2026-05-13 16:32:40,
jansi.jansi.*,jansi.jansi.src.main.org.fusesource.jansi.Ansi.json,27-973:Ansi,method,698-700:eraseLine,parameters,final|Erase|kind,Erase,Erase,True,True,2026-05-13 16:32:40,
jansi.jansi.*,jansi.jansi.src.main.org.fusesource.jansi.Ansi.json,27-973:Ansi,method,702-707:scrollUp,return_types,Ansi,Ansi,Ansi,True,True,2026-05-13 16:32:40,
jansi.jansi.*,jansi.jansi.src.main.org.fusesource.jansi.Ansi.json,27-973:Ansi,method,702-707:scrollUp,parameters,final|int|rows,int,Int64,True,True,2026-05-13 16:32:40,
jansi.jansi.*,jansi.jansi.src.main.org.fusesource.jansi.Ansi.json,27-973:Ansi,method,709-714:scrollDown,return_types,Ansi,Ansi,Ansi,True,True,2026-05-13 16:32:40,
jansi.jansi.*,jansi.jansi.src.main.org.fusesource.jansi.Ansi.json,27-973:Ansi,method,709-714:scrollDown,parameters,final|int|rows,int,Int64,True,True,2026-05-13 16:32:40,
jansi.jansi.*,jansi.jansi.src.main.org.fusesource.jansi.Ansi.json,27-973:Ansi,method,716-719:restorCursorPosition,return_types,Ansi,Ansi,Ansi,True,True,2026-05-13 16:32:40,
jansi.jansi.*,jansi.jansi.src.main.org.fusesource.jansi.Ansi.json,27-973:Ansi,method,721-724:saveCursorPosition,return_types,Ansi,Ansi,Ansi,True,True,2026-05-13 16:32:40,
jansi.jansi.*,jansi.jansi.src.main.org.fusesource.jansi.Ansi.json,27-973:Ansi,method,727-729:saveCursorPositionSCO,return_types,Ansi,Ansi,Ansi,True,True,2026-05-13 16:32:40,
jansi.jansi.*,jansi.jansi.src.main.org.fusesource.jansi.Ansi.json,27-973:Ansi,method,732-736:saveCursorPositionDEC,return_types,Ansi,Ansi,Ansi,True,True,2026-05-13 16:32:40,
jansi.jansi.*,jansi.jansi.src.main.org.fusesource.jansi.Ansi.json,27-973:Ansi,method,738-741:restoreCursorPosition,return_types,Ansi,Ansi,Ansi,True,True,2026-05-13 16:32:40,
jansi.jansi.*,jansi.jansi.src.main.org.fusesource.jansi.Ansi.json,27-973:Ansi,method,744-746:restoreCursorPositionSCO,return_types,Ansi,Ansi,Ansi,True,True,2026-05-13 16:32:40,
jansi.jansi.*,jansi.jansi.src.main.org.fusesource.jansi.Ansi.json,27-973:Ansi,method,749-753:restoreCursorPositionDEC,return_types,Ansi,Ansi,Ansi,True,True,2026-05-13 16:32:40,
jansi.jansi.*,jansi.jansi.src.main.org.fusesource.jansi.Ansi.json,27-973:Ansi,method,755-757:reset,return_types,Ansi,Ansi,Ansi,True,True,2026-05-13 16:32:40,
jansi.jansi.*,jansi.jansi.src.main.org.fusesource.jansi.Ansi.json,27-973:Ansi,method,759-761:bold,return_types,Ansi,Ansi,Ansi,True,True,2026-05-13 16:32:40,
jansi.jansi.*,jansi.jansi.src.main.org.fusesource.jansi.Ansi.json,27-973:Ansi,method,763-765:boldOff,return_types,Ansi,Ansi,Ansi,True,True,2026-05-13 16:32:40,
jansi.jansi.*,jansi.jansi.src.main.org.fusesource.jansi.Ansi.json,27-973:Ansi,method,767-771:a,return_types,Ansi,Ansi,Ansi,True,True,2026-05-13 16:32:40,
jansi.jansi.*,jansi.jansi.src.main.org.fusesource.jansi.Ansi.json,27-973:Ansi,method,767-771:a,parameters,|String|value,String,String,True,True,2026-05-13 16:32:40,
jansi.jansi.*,jansi.jansi.src.main.org.fusesource.jansi.Ansi.json,27-973:Ansi,method,773-777:a,return_types,Ansi,Ansi,Ansi,True,True,2026-05-13 16:32:40,
jansi.jansi.*,jansi.jansi.src.main.org.fusesource.jansi.Ansi.json,27-973:Ansi,method,773-777:a,parameters,|boolean|value,boolean,Bool,True,True,2026-05-13 16:32:40,
jansi.jansi.*,jansi.jansi.src.main.org.fusesource.jansi.Ansi.json,27-973:Ansi,method,779-783:a,return_types,Ansi,Ansi,Ansi,True,True,2026-05-13 16:32:40,
jansi.jansi.*,jansi.jansi.src.main.org.fusesource.jansi.Ansi.json,27-973:Ansi,method,779-783:a,parameters,|char|value,char,Rune,True,True,2026-05-13 16:32:40,
jansi.jansi.*,jansi.jansi.src.main.org.fusesource.jansi.Ansi.json,27-973:Ansi,method,785-789:a,return_types,Ansi,Ansi,Ansi,True,True,2026-05-13 16:32:40,
jansi.jansi.*,jansi.jansi.src.main.org.fusesource.jansi.Ansi.json,27-973:Ansi,method,785-789:a,parameters,|char[]|value,char[],Array<UInt16>,True,True,2026-05-14 11:55:26,"Cangjie compilation error: [31merror[0m: expected declaration, found 'from'  [36m==>[0m /tmp/tmpczcahqm8.cj:3:1:   [36m| [0m [36m3[0m [36m| [0mfrom std.core import Array[0m   [36m| [0m[31m^^^^ expected declaration here[0m   [36m| [0m   [36m#[0m [0mnote[0m: only declarations or macro expressions can be used in the top-level  1 error generated, 1 error printed. "
jansi.jansi.*,jansi.jansi.src.main.org.fusesource.jansi.Ansi.json,27-973:Ansi,method,785-789:a,parameters,|int|offset,int,Int64,True,True,2026-05-13 16:32:47,
jansi.jansi.*,jansi.jansi.src.main.org.fusesource.jansi.Ansi.json,27-973:Ansi,method,785-789:a,parameters,|int|len,int,Int64,True,True,2026-05-13 16:32:47,
jansi.jansi.*,jansi.jansi.src.main.org.fusesource.jansi.Ansi.json,27-973:Ansi,method,791-795:a,return_types,Ansi,Ansi,Ansi,True,True,2026-05-13 16:32:47,
jansi.jansi.*,jansi.jansi.src.main.org.fusesource.jansi.Ansi.json,27-973:Ansi,method,791-795:a,parameters,|char[]|value,char[],Array<UInt16>,True,True,2026-05-14 11:55:32,"Cangjie compilation error: [31merror[0m: expected declaration, found 'from'  [36m==>[0m /tmp/tmp3nvoc29r.cj:3:1:   [36m| [0m [36m3[0m [36m| [0mfrom std.core import Array[0m   [36m| [0m[31m^^^^ expected declaration here[0m   [36m| [0m   [36m#[0m [0mnote[0m: only declarations or macro expressions can be used in the top-level  1 error generated, 1 error printed. "
jansi.jansi.*,jansi.jansi.src.main.org.fusesource.jansi.Ansi.json,27-973:Ansi,method,797-801:a,return_types,Ansi,Ansi,Ansi,True,True,2026-05-13 16:32:55,
jansi.jansi.*,jansi.jansi.src.main.org.fusesource.jansi.Ansi.json,27-973:Ansi,method,797-801:a,parameters,|CharSequence|value,CharSequence,String,True,True,2026-05-14 11:55:32,
jansi.jansi.*,jansi.jansi.src.main.org.fusesource.jansi.Ansi.json,27-973:Ansi,method,797-801:a,parameters,|int|start,int,Int64,True,True,2026-05-13 16:33:06,
jansi.jansi.*,jansi.jansi.src.main.org.fusesource.jansi.Ansi.json,27-973:Ansi,method,797-801:a,parameters,|int|end,int,Int64,True,True,2026-05-13 16:33:06,
jansi.jansi.*,jansi.jansi.src.main.org.fusesource.jansi.Ansi.json,27-973:Ansi,method,803-807:a,return_types,Ansi,Ansi,Ansi,True,True,2026-05-13 16:33:06,
jansi.jansi.*,jansi.jansi.src.main.org.fusesource.jansi.Ansi.json,27-973:Ansi,method,803-807:a,parameters,|CharSequence|value,CharSequence,String,True,True,2026-05-14 11:55:34,
jansi.jansi.*,jansi.jansi.src.main.org.fusesource.jansi.Ansi.json,27-973:Ansi,method,809-813:a,return_types,Ansi,Ansi,Ansi,True,True,2026-05-13 16:33:15,
jansi.jansi.*,jansi.jansi.src.main.org.fusesource.jansi.Ansi.json,27-973:Ansi,method,809-813:a,parameters,|double|value,double,Float64,True,True,2026-05-13 16:33:15,
jansi.jansi.*,jansi.jansi.src.main.org.fusesource.jansi.Ansi.json,27-973:Ansi,method,815-819:a,return_types,Ansi,Ansi,Ansi,True,True,2026-05-13 16:33:15,
jansi.jansi.*,jansi.jansi.src.main.org.fusesource.jansi.Ansi.json,27-973:Ansi,method,815-819:a,parameters,|float|value,float,Float32,True,True,2026-05-13 16:33:15,
jansi.jansi.*,jansi.jansi.src.main.org.fusesource.jansi.Ansi.json,27-973:Ansi,method,821-825:a,return_types,Ansi,Ansi,Ansi,True,True,2026-05-13 16:33:15,
jansi.jansi.*,jansi.jansi.src.main.org.fusesource.jansi.Ansi.json,27-973:Ansi,method,821-825:a,parameters,|int|value,int,Int64,True,True,2026-05-13 16:33:15,
jansi.jansi.*,jansi.jansi.src.main.org.fusesource.jansi.Ansi.json,27-973:Ansi,method,827-831:a,return_types,Ansi,Ansi,Ansi,True,True,2026-05-13 16:33:15,
jansi.jansi.*,jansi.jansi.src.main.org.fusesource.jansi.Ansi.json,27-973:Ansi,method,827-831:a,parameters,|long|value,long,Int64,True,True,2026-05-13 16:33:15,
jansi.jansi.*,jansi.jansi.src.main.org.fusesource.jansi.Ansi.json,27-973:Ansi,method,833-837:a,return_types,Ansi,Ansi,Ansi,True,True,2026-05-13 16:33:15,
jansi.jansi.*,jansi.jansi.src.main.org.fusesource.jansi.Ansi.json,27-973:Ansi,method,833-837:a,parameters,|Object|value,Object,Any,True,True,2026-05-13 16:33:15,
jansi.jansi.*,jansi.jansi.src.main.org.fusesource.jansi.Ansi.json,27-973:Ansi,method,839-843:a,return_types,Ansi,Ansi,Ansi,True,True,2026-05-13 16:33:15,
jansi.jansi.*,jansi.jansi.src.main.org.fusesource.jansi.Ansi.json,27-973:Ansi,method,839-843:a,parameters,|StringBuffer|value,StringBuffer,StringBuilder,True,True,2026-05-14 11:55:36,
jansi.jansi.*,jansi.jansi.src.main.org.fusesource.jansi.Ansi.json,27-973:Ansi,method,845-849:newline,return_types,Ansi,Ansi,Ansi,True,True,2026-05-13 16:33:23,
jansi.jansi.*,jansi.jansi.src.main.org.fusesource.jansi.Ansi.json,27-973:Ansi,method,851-855:format,return_types,Ansi,Ansi,Ansi,True,True,2026-05-13 16:33:23,
jansi.jansi.*,jansi.jansi.src.main.org.fusesource.jansi.Ansi.json,27-973:Ansi,method,851-855:format,parameters,|String|pattern,String,String,True,True,2026-05-13 16:33:24,
jansi.jansi.*,jansi.jansi.src.main.org.fusesource.jansi.Ansi.json,27-973:Ansi,method,864-867:apply,return_types,Ansi,Ansi,Ansi,True,True,2026-05-13 16:33:24,
jansi.jansi.*,jansi.jansi.src.main.org.fusesource.jansi.Ansi.json,27-973:Ansi,method,864-867:apply,parameters,|Ansi_Consumer|fun,Ansi_Consumer,Ansi_Consumer,True,True,2026-05-13 16:33:24,
jansi.jansi.*,jansi.jansi.src.main.org.fusesource.jansi.Ansi.json,27-973:Ansi,method,877-880:render,return_types,Ansi,Ansi,Ansi,True,True,2026-05-13 16:33:24,
jansi.jansi.*,jansi.jansi.src.main.org.fusesource.jansi.Ansi.json,27-973:Ansi,method,877-880:render,parameters,final|String|text,String,String,True,True,2026-05-13 16:33:24,
jansi.jansi.*,jansi.jansi.src.main.org.fusesource.jansi.Ansi.json,27-973:Ansi,method,891-894:render,return_types,Ansi,Ansi,Ansi,True,True,2026-05-13 16:33:24,
jansi.jansi.*,jansi.jansi.src.main.org.fusesource.jansi.Ansi.json,27-973:Ansi,method,891-894:render,parameters,final|String|text,String,String,True,True,2026-05-13 16:33:24,
jansi.jansi.*,jansi.jansi.src.main.org.fusesource.jansi.Ansi.json,27-973:Ansi,method,896-900:toString,return_types,String,String,String,True,True,2026-05-13 16:33:24,
jansi.jansi.*,jansi.jansi.src.main.org.fusesource.jansi.Ansi.json,27-973:Ansi,method,906-912:appendEscapeSequence,return_types,Ansi,Ansi,Ansi,True,True,2026-05-13 16:33:24,
jansi.jansi.*,jansi.jansi.src.main.org.fusesource.jansi.Ansi.json,27-973:Ansi,method,906-912:appendEscapeSequence,parameters,|char|command,char,Rune,True,True,2026-05-13 16:33:24,
jansi.jansi.*,jansi.jansi.src.main.org.fusesource.jansi.Ansi.json,27-973:Ansi,method,914-921:appendEscapeSequence,return_types,Ansi,Ansi,Ansi,True,True,2026-05-13 16:33:24,
jansi.jansi.*,jansi.jansi.src.main.org.fusesource.jansi.Ansi.json,27-973:Ansi,method,914-921:appendEscapeSequence,parameters,|char|command,char,Rune,True,True,2026-05-13 16:33:24,
jansi.jansi.*,jansi.jansi.src.main.org.fusesource.jansi.Ansi.json,27-973:Ansi,method,914-921:appendEscapeSequence,parameters,|int|option,int,Int64,True,True,2026-05-13 16:33:24,
jansi.jansi.*,jansi.jansi.src.main.org.fusesource.jansi.Ansi.json,27-973:Ansi,method,923-926:appendEscapeSequence,return_types,Ansi,Ansi,Ansi,True,True,2026-05-13 16:33:24,
jansi.jansi.*,jansi.jansi.src.main.org.fusesource.jansi.Ansi.json,27-973:Ansi,method,923-926:appendEscapeSequence,parameters,|char|command,char,Rune,True,True,2026-05-13 16:33:24,
jansi.jansi.*,jansi.jansi.src.main.org.fusesource.jansi.Ansi.json,27-973:Ansi,method,928-938:flushAttributes,return_types,void,void,Unit,True,True,2026-05-13 16:33:24,
jansi.jansi.*,jansi.jansi.src.main.org.fusesource.jansi.Ansi.json,27-973:Ansi,method,940-954:_appendEscapeSequence,return_types,Ansi,Ansi,Ansi,True,True,2026-05-13 16:33:24,
jansi.jansi.*,jansi.jansi.src.main.org.fusesource.jansi.Ansi.json,27-973:Ansi,method,940-954:_appendEscapeSequence,body_types,int,int,Int64,True,True,2026-05-13 16:33:24,
jansi.jansi.*,jansi.jansi.src.main.org.fusesource.jansi.Ansi.json,27-973:Ansi,method,940-954:_appendEscapeSequence,parameters,|char|command,char,Rune,True,True,2026-05-13 16:33:24,
jansi.jansi.*,jansi.jansi.src.main.org.fusesource.jansi.Ansi.json,27-973:Ansi,method,956-960:append,return_types,Ansi,Ansi,Ansi,True,True,2026-05-13 16:33:24,
jansi.jansi.*,jansi.jansi.src.main.org.fusesource.jansi.Ansi.json,27-973:Ansi,method,956-960:append,parameters,|CharSequence|csq,CharSequence,String,True,True,2026-05-14 11:55:39,
jansi.jansi.*,jansi.jansi.src.main.org.fusesource.jansi.Ansi.json,27-973:Ansi,method,962-966:append,return_types,Ansi,Ansi,Ansi,True,True,2026-05-13 16:33:32,
jansi.jansi.*,jansi.jansi.src.main.org.fusesource.jansi.Ansi.json,27-973:Ansi,method,962-966:append,parameters,|CharSequence|csq,CharSequence,String,True,True,2026-05-14 11:55:41,
jansi.jansi.*,jansi.jansi.src.main.org.fusesource.jansi.Ansi.json,27-973:Ansi,method,962-966:append,parameters,|int|start,int,Int64,True,True,2026-05-13 16:33:41,
jansi.jansi.*,jansi.jansi.src.main.org.fusesource.jansi.Ansi.json,27-973:Ansi,method,962-966:append,parameters,|int|end,int,Int64,True,True,2026-05-13 16:33:41,
jansi.jansi.*,jansi.jansi.src.main.org.fusesource.jansi.Ansi.json,27-973:Ansi,method,968-972:append,return_types,Ansi,Ansi,Ansi,True,True,2026-05-13 16:33:41,
jansi.jansi.*,jansi.jansi.src.main.org.fusesource.jansi.Ansi.json,27-973:Ansi,method,968-972:append,parameters,|char|c,char,Rune,True,True,2026-05-13 16:33:41,
jansi.jansi.*,jansi.jansi.src.main.org.fusesource.jansi.Ansi.json,35-78:Color,field,46-46:value,types,int,int,Int64,True,True,2026-05-13 16:33:41,
jansi.jansi.*,jansi.jansi.src.main.org.fusesource.jansi.Ansi.json,35-78:Color,field,47-47:name,types,String,String,String,True,True,2026-05-13 16:33:41,
jansi.jansi.*,jansi.jansi.src.main.org.fusesource.jansi.Ansi.json,35-78:Color,method,49-52:Color,parameters,|int|index,int,Int64,True,True,2026-05-13 16:33:41,
jansi.jansi.*,jansi.jansi.src.main.org.fusesource.jansi.Ansi.json,35-78:Color,method,49-52:Color,parameters,|String|name,String,String,True,True,2026-05-13 16:33:41,
jansi.jansi.*,jansi.jansi.src.main.org.fusesource.jansi.Ansi.json,35-78:Color,method,54-57:toString,return_types,String,String,String,True,True,2026-05-13 16:33:41,
jansi.jansi.*,jansi.jansi.src.main.org.fusesource.jansi.Ansi.json,35-78:Color,method,59-61:value,return_types,int,int,Int64,True,True,2026-05-13 16:33:41,
jansi.jansi.*,jansi.jansi.src.main.org.fusesource.jansi.Ansi.json,35-78:Color,method,63-65:fg,return_types,int,int,Int64,True,True,2026-05-13 16:33:41,
jansi.jansi.*,jansi.jansi.src.main.org.fusesource.jansi.Ansi.json,35-78:Color,method,67-69:bg,return_types,int,int,Int64,True,True,2026-05-13 16:33:41,
jansi.jansi.*,jansi.jansi.src.main.org.fusesource.jansi.Ansi.json,35-78:Color,method,71-73:fgBright,return_types,int,int,Int64,True,True,2026-05-13 16:33:41,
jansi.jansi.*,jansi.jansi.src.main.org.fusesource.jansi.Ansi.json,35-78:Color,method,75-77:bgBright,return_types,int,int,Int64,True,True,2026-05-13 16:33:41,
jansi.jansi.*,jansi.jansi.src.main.org.fusesource.jansi.Ansi.json,85-121:Attribute,field,105-105:value,types,int,int,Int64,True,True,2026-05-13 16:33:41,
jansi.jansi.*,jansi.jansi.src.main.org.fusesource.jansi.Ansi.json,85-121:Attribute,field,106-106:name,types,String,String,String,True,True,2026-05-13 16:33:41,
jansi.jansi.*,jansi.jansi.src.main.org.fusesource.jansi.Ansi.json,85-121:Attribute,method,108-111:Attribute,parameters,|int|index,int,Int64,True,True,2026-05-13 16:33:41,
jansi.jansi.*,jansi.jansi.src.main.org.fusesource.jansi.Ansi.json,85-121:Attribute,method,108-111:Attribute,parameters,|String|name,String,String,True,True,2026-05-13 16:33:41,
jansi.jansi.*,jansi.jansi.src.main.org.fusesource.jansi.Ansi.json,85-121:Attribute,method,113-116:toString,return_types,String,String,String,True,True,2026-05-13 16:33:41,
jansi.jansi.*,jansi.jansi.src.main.org.fusesource.jansi.Ansi.json,85-121:Attribute,method,118-120:value,return_types,int,int,Int64,True,True,2026-05-13 16:33:41,
jansi.jansi.*,jansi.jansi.src.main.org.fusesource.jansi.Ansi.json,129-150:Erase,field,134-134:value,types,int,int,Int64,True,True,2026-05-13 16:33:41,
jansi.jansi.*,jansi.jansi.src.main.org.fusesource.jansi.Ansi.json,129-150:Erase,field,135-135:name,types,String,String,String,True,True,2026-05-13 16:33:41,
jansi.jansi.*,jansi.jansi.src.main.org.fusesource.jansi.Ansi.json,129-150:Erase,method,137-140:Erase,parameters,|int|index,int,Int64,True,True,2026-05-13 16:33:41,
jansi.jansi.*,jansi.jansi.src.main.org.fusesource.jansi.Ansi.json,129-150:Erase,method,137-140:Erase,parameters,|String|name,String,String,True,True,2026-05-13 16:33:41,
jansi.jansi.*,jansi.jansi.src.main.org.fusesource.jansi.Ansi.json,129-150:Erase,method,142-145:toString,return_types,String,String,String,True,True,2026-05-13 16:33:41,
jansi.jansi.*,jansi.jansi.src.main.org.fusesource.jansi.Ansi.json,129-150:Erase,method,147-149:value,return_types,int,int,Int64,True,True,2026-05-13 16:33:41,
jansi.jansi.*,jansi.jansi.src.main.org.fusesource.jansi.Ansi.json,152-155:Ansi_Consumer,method,154-154:apply,return_types,void,void,Unit,True,True,2026-05-13 16:33:41,
jansi.jansi.*,jansi.jansi.src.main.org.fusesource.jansi.Ansi.json,152-155:Ansi_Consumer,method,154-154:apply,parameters,|Ansi|ansi,Ansi,Ansi,True,True,2026-05-13 16:33:42,
jansi.jansi.*,jansi.jansi.src.main.org.fusesource.jansi.Ansi.json,213-371:Ansi_NoAnsi,method,218-220:Ansi_NoAnsi,parameters,|int|size,int,Int64,True,True,2026-05-13 16:33:42,
jansi.jansi.*,jansi.jansi.src.main.org.fusesource.jansi.Ansi.json,213-371:Ansi_NoAnsi,method,222-224:Ansi_NoAnsi,parameters,|StringBuilder|builder,StringBuilder,StringBuilder,True,True,2026-05-14 11:55:43,
jansi.jansi.*,jansi.jansi.src.main.org.fusesource.jansi.Ansi.json,213-371:Ansi_NoAnsi,method,226-229:fg,return_types,Ansi,Ansi,Ansi,True,True,2026-05-13 16:33:50,
jansi.jansi.*,jansi.jansi.src.main.org.fusesource.jansi.Ansi.json,213-371:Ansi_NoAnsi,method,226-229:fg,parameters,|Color|color,Color,Color,True,True,2026-05-13 16:33:50,
jansi.jansi.*,jansi.jansi.src.main.org.fusesource.jansi.Ansi.json,213-371:Ansi_NoAnsi,method,231-234:bg,return_types,Ansi,Ansi,Ansi,True,True,2026-05-13 16:33:50,
jansi.jansi.*,jansi.jansi.src.main.org.fusesource.jansi.Ansi.json,213-371:Ansi_NoAnsi,method,231-234:bg,parameters,|Color|color,Color,Color,True,True,2026-05-13 16:33:50,
jansi.jansi.*,jansi.jansi.src.main.org.fusesource.jansi.Ansi.json,213-371:Ansi_NoAnsi,method,236-239:fgBright,return_types,Ansi,Ansi,Ansi,True,True,2026-05-13 16:33:50,
jansi.jansi.*,jansi.jansi.src.main.org.fusesource.jansi.Ansi.json,213-371:Ansi_NoAnsi,method,236-239:fgBright,parameters,|Color|color,Color,Color,True,True,2026-05-13 16:33:50,
jansi.jansi.*,jansi.jansi.src.main.org.fusesource.jansi.Ansi.json,213-371:Ansi_NoAnsi,method,241-244:bgBright,return_types,Ansi,Ansi,Ansi,True,True,2026-05-13 16:33:50,
jansi.jansi.*,jansi.jansi.src.main.org.fusesource.jansi.Ansi.json,213-371:Ansi_NoAnsi,method,241-244:bgBright,parameters,|Color|color,Color,Color,True,True,2026-05-13 16:33:50,
jansi.jansi.*,jansi.jansi.src.main.org.fusesource.jansi.Ansi.json,213-371:Ansi_NoAnsi,method,246-249:fg,return_types,Ansi,Ansi,Ansi,True,True,2026-05-13 16:33:50,
jansi.jansi.*,jansi.jansi.src.main.org.fusesource.jansi.Ansi.json,213-371:Ansi_NoAnsi,method,246-249:fg,parameters,|int|color,int,Int64,True,True,2026-05-13 16:33:50,
jansi.jansi.*,jansi.jansi.src.main.org.fusesource.jansi.Ansi.json,213-371:Ansi_NoAnsi,method,251-254:fgRgb,return_types,Ansi,Ansi,Ansi,True,True,2026-05-13 16:33:50,
jansi.jansi.*,jansi.jansi.src.main.org.fusesource.jansi.Ansi.json,213-371:Ansi_NoAnsi,method,251-254:fgRgb,parameters,|int|r,int,Int64,True,True,2026-05-13 16:33:50,
jansi.jansi.*,jansi.jansi.src.main.org.fusesource.jansi.Ansi.json,213-371:Ansi_NoAnsi,method,251-254:fgRgb,parameters,|int|g,int,Int64,True,True,2026-05-13 16:33:50,
jansi.jansi.*,jansi.jansi.src.main.org.fusesource.jansi.Ansi.json,213-371:Ansi_NoAnsi,method,251-254:fgRgb,parameters,|int|b,int,Int64,True,True,2026-05-13 16:33:50,
jansi.jansi.*,jansi.jansi.src.main.org.fusesource.jansi.Ansi.json,213-371:Ansi_NoAnsi,method,256-259:bg,return_types,Ansi,Ansi,Ansi,True,True,2026-05-13 16:33:50,
jansi.jansi.*,jansi.jansi.src.main.org.fusesource.jansi.Ansi.json,213-371:Ansi_NoAnsi,method,256-259:bg,parameters,|int|color,int,Int64,True,True,2026-05-13 16:33:50,
jansi.jansi.*,jansi.jansi.src.main.org.fusesource.jansi.Ansi.json,213-371:Ansi_NoAnsi,method,261-264:bgRgb,return_types,Ansi,Ansi,Ansi,True,True,2026-05-13 16:33:50,
jansi.jansi.*,jansi.jansi.src.main.org.fusesource.jansi.Ansi.json,213-371:Ansi_NoAnsi,method,261-264:bgRgb,parameters,|int|r,int,Int64,True,True,2026-05-13 16:33:50,
jansi.jansi.*,jansi.jansi.src.main.org.fusesource.jansi.Ansi.json,213-371:Ansi_NoAnsi,method,261-264:bgRgb,parameters,|int|g,int,Int64,True,True,2026-05-13 16:33:50,
jansi.jansi.*,jansi.jansi.src.main.org.fusesource.jansi.Ansi.json,213-371:Ansi_NoAnsi,method,261-264:bgRgb,parameters,|int|b,int,Int64,True,True,2026-05-13 16:33:50,
jansi.jansi.*,jansi.jansi.src.main.org.fusesource.jansi.Ansi.json,213-371:Ansi_NoAnsi,method,266-269:a,return_types,Ansi,Ansi,Ansi,True,True,2026-05-13 16:33:50,
jansi.jansi.*,jansi.jansi.src.main.org.fusesource.jansi.Ansi.json,213-371:Ansi_NoAnsi,method,266-269:a,parameters,|Attribute|attribute,Attribute,Attribute,True,True,2026-05-13 16:33:50,
jansi.jansi.*,jansi.jansi.src.main.org.fusesource.jansi.Ansi.json,213-371:Ansi_NoAnsi,method,271-274:cursor,return_types,Ansi,Ansi,Ansi,True,True,2026-05-13 16:33:50,
jansi.jansi.*,jansi.jansi.src.main.org.fusesource.jansi.Ansi.json,213-371:Ansi_NoAnsi,method,271-274:cursor,parameters,|int|row,int,Int64,True,True,2026-05-13 16:33:50,
jansi.jansi.*,jansi.jansi.src.main.org.fusesource.jansi.Ansi.json,213-371:Ansi_NoAnsi,method,271-274:cursor,parameters,|int|column,int,Int64,True,True,2026-05-13 16:33:50,
jansi.jansi.*,jansi.jansi.src.main.org.fusesource.jansi.Ansi.json,213-371:Ansi_NoAnsi,method,276-279:cursorToColumn,return_types,Ansi,Ansi,Ansi,True,True,2026-05-13 16:33:50,
jansi.jansi.*,jansi.jansi.src.main.org.fusesource.jansi.Ansi.json,213-371:Ansi_NoAnsi,method,276-279:cursorToColumn,parameters,|int|x,int,Int64,True,True,2026-05-13 16:33:50,
jansi.jansi.*,jansi.jansi.src.main.org.fusesource.jansi.Ansi.json,213-371:Ansi_NoAnsi,method,281-284:cursorUp,return_types,Ansi,Ansi,Ansi,True,True,2026-05-13 16:33:50,
jansi.jansi.*,jansi.jansi.src.main.org.fusesource.jansi.Ansi.json,213-371:Ansi_NoAnsi,method,281-284:cursorUp,parameters,|int|y,int,Int64,True,True,2026-05-13 16:33:50,
jansi.jansi.*,jansi.jansi.src.main.org.fusesource.jansi.Ansi.json,213-371:Ansi_NoAnsi,method,286-289:cursorRight,return_types,Ansi,Ansi,Ansi,True,True,2026-05-13 16:33:50,
jansi.jansi.*,jansi.jansi.src.main.org.fusesource.jansi.Ansi.json,213-371:Ansi_NoAnsi,method,286-289:cursorRight,parameters,|int|x,int,Int64,True,True,2026-05-13 16:33:50,
jansi.jansi.*,jansi.jansi.src.main.org.fusesource.jansi.Ansi.json,213-371:Ansi_NoAnsi,method,291-294:cursorDown,return_types,Ansi,Ansi,Ansi,True,True,2026-05-13 16:33:50,
jansi.jansi.*,jansi.jansi.src.main.org.fusesource.jansi.Ansi.json,213-371:Ansi_NoAnsi,method,291-294:cursorDown,parameters,|int|y,int,Int64,True,True,2026-05-13 16:33:50,
jansi.jansi.*,jansi.jansi.src.main.org.fusesource.jansi.Ansi.json,213-371:Ansi_NoAnsi,method,296-299:cursorLeft,return_types,Ansi,Ansi,Ansi,True,True,2026-05-13 16:33:50,
jansi.jansi.*,jansi.jansi.src.main.org.fusesource.jansi.Ansi.json,213-371:Ansi_NoAnsi,method,296-299:cursorLeft,parameters,|int|x,int,Int64,True,True,2026-05-13 16:33:50,
jansi.jansi.*,jansi.jansi.src.main.org.fusesource.jansi.Ansi.json,213-371:Ansi_NoAnsi,method,301-304:cursorDownLine,return_types,Ansi,Ansi,Ansi,True,True,2026-05-13 16:33:50,
jansi.jansi.*,jansi.jansi.src.main.org.fusesource.jansi.Ansi.json,213-371:Ansi_NoAnsi,method,306-309:cursorDownLine,return_types,Ansi,Ansi,Ansi,True,True,2026-05-13 16:33:50,
jansi.jansi.*,jansi.jansi.src.main.org.fusesource.jansi.Ansi.json,213-371:Ansi_NoAnsi,method,306-309:cursorDownLine,parameters,final|int|n,int,Int64,True,True,2026-05-13 16:33:50,
jansi.jansi.*,jansi.jansi.src.main.org.fusesource.jansi.Ansi.json,213-371:Ansi_NoAnsi,method,311-314:cursorUpLine,return_types,Ansi,Ansi,Ansi,True,True,2026-05-13 16:33:50,
jansi.jansi.*,jansi.jansi.src.main.org.fusesource.jansi.Ansi.json,213-371:Ansi_NoAnsi,method,316-319:cursorUpLine,return_types,Ansi,Ansi,Ansi,True,True,2026-05-13 16:33:50,
jansi.jansi.*,jansi.jansi.src.main.org.fusesource.jansi.Ansi.json,213-371:Ansi_NoAnsi,method,316-319:cursorUpLine,parameters,final|int|n,int,Int64,True,True,2026-05-13 16:33:50,
jansi.jansi.*,jansi.jansi.src.main.org.fusesource.jansi.Ansi.json,213-371:Ansi_NoAnsi,method,321-324:eraseScreen,return_types,Ansi,Ansi,Ansi,True,True,2026-05-13 16:33:50,
jansi.jansi.*,jansi.jansi.src.main.org.fusesource.jansi.Ansi.json,213-371:Ansi_NoAnsi,method,326-329:eraseScreen,return_types,Ansi,Ansi,Ansi,True,True,2026-05-13 16:33:50,
jansi.jansi.*,jansi.jansi.src.main.org.fusesource.jansi.Ansi.json,213-371:Ansi_NoAnsi,method,326-329:eraseScreen,parameters,|Erase|kind,Erase,Erase,True,True,2026-05-13 16:33:50,
jansi.jansi.*,jansi.jansi.src.main.org.fusesource.jansi.Ansi.json,213-371:Ansi_NoAnsi,method,331-334:eraseLine,return_types,Ansi,Ansi,Ansi,True,True,2026-05-13 16:33:51,
jansi.jansi.*,jansi.jansi.src.main.org.fusesource.jansi.Ansi.json,213-371:Ansi_NoAnsi,method,336-339:eraseLine,return_types,Ansi,Ansi,Ansi,True,True,2026-05-13 16:33:51,
jansi.jansi.*,jansi.jansi.src.main.org.fusesource.jansi.Ansi.json,213-371:Ansi_NoAnsi,method,336-339:eraseLine,parameters,|Erase|kind,Erase,Erase,True,True,2026-05-13 16:33:51,
jansi.jansi.*,jansi.jansi.src.main.org.fusesource.jansi.Ansi.json,213-371:Ansi_NoAnsi,method,341-344:scrollUp,return_types,Ansi,Ansi,Ansi,True,True,2026-05-13 16:33:51,
jansi.jansi.*,jansi.jansi.src.main.org.fusesource.jansi.Ansi.json,213-371:Ansi_NoAnsi,method,341-344:scrollUp,parameters,|int|rows,int,Int64,True,True,2026-05-13 16:33:51,
jansi.jansi.*,jansi.jansi.src.main.org.fusesource.jansi.Ansi.json,213-371:Ansi_NoAnsi,method,346-349:scrollDown,return_types,Ansi,Ansi,Ansi,True,True,2026-05-13 16:33:51,
jansi.jansi.*,jansi.jansi.src.main.org.fusesource.jansi.Ansi.json,213-371:Ansi_NoAnsi,method,346-349:scrollDown,parameters,|int|rows,int,Int64,True,True,2026-05-13 16:33:51,
jansi.jansi.*,jansi.jansi.src.main.org.fusesource.jansi.Ansi.json,213-371:Ansi_NoAnsi,method,351-354:saveCursorPosition,return_types,Ansi,Ansi,Ansi,True,True,2026-05-13 16:33:51,
jansi.jansi.*,jansi.jansi.src.main.org.fusesource.jansi.Ansi.json,213-371:Ansi_NoAnsi,method,356-360:restorCursorPosition,return_types,Ansi,Ansi,Ansi,True,True,2026-05-13 16:33:51,
jansi.jansi.*,jansi.jansi.src.main.org.fusesource.jansi.Ansi.json,213-371:Ansi_NoAnsi,method,362-365:restoreCursorPosition,return_types,Ansi,Ansi,Ansi,True,True,2026-05-13 16:33:51,
jansi.jansi.*,jansi.jansi.src.main.org.fusesource.jansi.Ansi.json,213-371:Ansi_NoAnsi,method,367-370:reset,return_types,Ansi,Ansi,Ansi,True,True,2026-05-13 16:33:51,
jansi.jansi.*,jansi.jansi.src.main.org.fusesource.jansi.AnsiColors.json,23-37:AnsiColors,field,28-28:description,types,String,String,String,True,True,2026-05-13 16:43:10,
jansi.jansi.*,jansi.jansi.src.main.org.fusesource.jansi.AnsiColors.json,23-37:AnsiColors,method,30-32:AnsiColors,parameters,|String|description,String,String,True,True,2026-05-13 16:43:10,
jansi.jansi.*,jansi.jansi.src.main.org.fusesource.jansi.AnsiColors.json,23-37:AnsiColors,method,34-36:getDescription,return_types,String,String,String,True,True,2026-05-13 16:43:10,
jansi.jansi.*,jansi.jansi.src.main.org.fusesource.jansi.AnsiConsole.json,61-568:AnsiConsole,field,69-69:JANSI_MODE,types,String,String,String,True,True,2026-05-13 17:05:22,
jansi.jansi.*,jansi.jansi.src.main.org.fusesource.jansi.AnsiConsole.json,61-568:AnsiConsole,field,73-73:JANSI_OUT_MODE,types,String,String,String,True,True,2026-05-13 17:05:22,
jansi.jansi.*,jansi.jansi.src.main.org.fusesource.jansi.AnsiConsole.json,61-568:AnsiConsole,field,77-77:JANSI_ERR_MODE,types,String,String,String,True,True,2026-05-13 17:05:22,
jansi.jansi.*,jansi.jansi.src.main.org.fusesource.jansi.AnsiConsole.json,61-568:AnsiConsole,field,82-82:JANSI_MODE_STRIP,types,String,String,String,True,True,2026-05-13 17:05:22,
jansi.jansi.*,jansi.jansi.src.main.org.fusesource.jansi.AnsiConsole.json,61-568:AnsiConsole,field,86-86:JANSI_MODE_FORCE,types,String,String,String,True,True,2026-05-13 17:05:22,
jansi.jansi.*,jansi.jansi.src.main.org.fusesource.jansi.AnsiConsole.json,61-568:AnsiConsole,field,90-90:JANSI_MODE_DEFAULT,types,String,String,String,True,True,2026-05-13 17:05:22,
jansi.jansi.*,jansi.jansi.src.main.org.fusesource.jansi.AnsiConsole.json,61-568:AnsiConsole,field,98-98:JANSI_COLORS,types,String,String,String,True,True,2026-05-13 17:05:22,
jansi.jansi.*,jansi.jansi.src.main.org.fusesource.jansi.AnsiConsole.json,61-568:AnsiConsole,field,102-102:JANSI_OUT_COLORS,types,String,String,String,True,True,2026-05-13 17:05:22,
jansi.jansi.*,jansi.jansi.src.main.org.fusesource.jansi.AnsiConsole.json,61-568:AnsiConsole,field,106-106:JANSI_ERR_COLORS,types,String,String,String,True,True,2026-05-13 17:05:22,
jansi.jansi.*,jansi.jansi.src.main.org.fusesource.jansi.AnsiConsole.json,61-568:AnsiConsole,field,112-112:JANSI_COLORS_16,types,String,String,String,True,True,2026-05-13 17:05:22,
jansi.jansi.*,jansi.jansi.src.main.org.fusesource.jansi.AnsiConsole.json,61-568:AnsiConsole,field,117-117:JANSI_COLORS_256,types,String,String,String,True,True,2026-05-13 17:05:22,
jansi.jansi.*,jansi.jansi.src.main.org.fusesource.jansi.AnsiConsole.json,61-568:AnsiConsole,field,121-121:JANSI_COLORS_TRUECOLOR,types,String,String,String,True,True,2026-05-13 17:05:22,
jansi.jansi.*,jansi.jansi.src.main.org.fusesource.jansi.AnsiConsole.json,61-568:AnsiConsole,field,129-130:JANSI_PASSTHROUGH,types,String,String,String,True,True,2026-05-13 17:05:22,
jansi.jansi.*,jansi.jansi.src.main.org.fusesource.jansi.AnsiConsole.json,61-568:AnsiConsole,field,137-138:JANSI_STRIP,types,String,String,String,True,True,2026-05-13 17:05:22,
jansi.jansi.*,jansi.jansi.src.main.org.fusesource.jansi.AnsiConsole.json,61-568:AnsiConsole,field,147-148:JANSI_FORCE,types,String,String,String,True,True,2026-05-13 17:05:22,
jansi.jansi.*,jansi.jansi.src.main.org.fusesource.jansi.AnsiConsole.json,61-568:AnsiConsole,field,157-158:JANSI_EAGER,types,String,String,String,True,True,2026-05-13 17:05:22,
jansi.jansi.*,jansi.jansi.src.main.org.fusesource.jansi.AnsiConsole.json,61-568:AnsiConsole,field,163-163:JANSI_NORESET,types,String,String,String,True,True,2026-05-13 17:05:22,
jansi.jansi.*,jansi.jansi.src.main.org.fusesource.jansi.AnsiConsole.json,61-568:AnsiConsole,field,169-169:JANSI_GRACEFUL,types,String,String,String,True,True,2026-05-13 17:05:22,
jansi.jansi.*,jansi.jansi.src.main.org.fusesource.jansi.AnsiConsole.json,61-568:AnsiConsole,field,174-175:system_out,types,PrintStream,PrintStream,Any,True,True,2026-05-14 13:28:00,Cangjie compilation error: [31merror[0m: undeclared type name 'PrintStream'   [36m==>[0m /tmp/tmpahl1a5c3.cj:58:20:    [36m| [0m [36m58[0m [36m| [0m    let _test_val: PrintStream[0m    [36m| [0m                   [31m^ [0m    [36m| [0m  [33mwarning[0m: unused import 'std.io.*'  [36m==>[0m /tmp/tmpahl1a5c3.cj:3:1:   [36m| [0m [36m3[0m [36m| [0mimport std.io.*[0m   [36m| [0m[33m^^^^^^^^^^^^^^^ unused import[0m   [36m| [0m   [36m#[0m [0mnote[0m: this warning ca
jansi.jansi.*,jansi.jansi.src.main.org.fusesource.jansi.AnsiConsole.json,61-568:AnsiConsole,field,179-180:out,types,PrintStream,PrintStream,Any,True,True,2026-05-14 13:28:07,"Cangjie compilation error: [31merror[0m: expected declaration, found 'from'  [36m==>[0m /tmp/tmp7o1i62un.cj:3:1:   [36m| [0m [36m3[0m [36m| [0mfrom std import std[0m   [36m| [0m[31m^^^^ expected declaration here[0m   [36m| [0m   [36m#[0m [0mnote[0m: only declarations or macro expressions can be used in the top-level  1 error generated, 1 error printed. "
jansi.jansi.*,jansi.jansi.src.main.org.fusesource.jansi.AnsiConsole.json,61-568:AnsiConsole,field,184-185:system_err,types,PrintStream,PrintStream,Any,True,True,2026-05-14 13:28:13,Cangjie compilation error: [31merror[0m: undeclared type name 'Stdout'   [36m==>[0m /tmp/tmpbsde4zih.cj:58:20:    [36m| [0m [36m58[0m [36m| [0m    let _test_val: Stdout[0m    [36m| [0m                   [31m^ [0m    [36m| [0m  [33mwarning[0m: unused import 'std.io.*'  [36m==>[0m /tmp/tmpbsde4zih.cj:3:1:   [36m| [0m [36m3[0m [36m| [0mimport std.io.*[0m   [36m| [0m[33m^^^^^^^^^^^^^^^ unused import[0m   [36m| [0m   [36m#[0m [0mnote[0m: this warning can be suppr
jansi.jansi.*,jansi.jansi.src.main.org.fusesource.jansi.AnsiConsole.json,61-568:AnsiConsole,field,189-190:err,types,PrintStream,PrintStream,Any,True,True,2026-05-14 13:28:18,Cangjie compilation error: [31merror[0m: undeclared type name 'PrintStream'   [36m==>[0m /tmp/tmp_f8guxe8.cj:58:20:    [36m| [0m [36m58[0m [36m| [0m    let _test_val: PrintStream[0m    [36m| [0m                   [31m^ [0m    [36m| [0m  [33mwarning[0m: unused import 'std.io.*'  [36m==>[0m /tmp/tmp_f8guxe8.cj:3:1:   [36m| [0m [36m3[0m [36m| [0mimport std.io.*[0m   [36m| [0m[33m^^^^^^^^^^^^^^^ unused import[0m   [36m| [0m   [36m#[0m [0mnote[0m: this warning ca
jansi.jansi.*,jansi.jansi.src.main.org.fusesource.jansi.AnsiConsole.json,61-568:AnsiConsole,field,206-207:IS_WINDOWS,types,boolean,boolean,Bool,True,True,2026-05-13 17:05:58,
jansi.jansi.*,jansi.jansi.src.main.org.fusesource.jansi.AnsiConsole.json,61-568:AnsiConsole,field,209-210:IS_CYGWIN,types,boolean,boolean,Bool,True,True,2026-05-13 17:05:58,
jansi.jansi.*,jansi.jansi.src.main.org.fusesource.jansi.AnsiConsole.json,61-568:AnsiConsole,field,212-215:IS_MSYSTEM,types,boolean,boolean,Bool,True,True,2026-05-13 17:05:58,
jansi.jansi.*,jansi.jansi.src.main.org.fusesource.jansi.AnsiConsole.json,61-568:AnsiConsole,field,217-217:IS_CONEMU,types,boolean,boolean,Bool,True,True,2026-05-13 17:05:59,
jansi.jansi.*,jansi.jansi.src.main.org.fusesource.jansi.AnsiConsole.json,61-568:AnsiConsole,field,219-219:ENABLE_VIRTUAL_TERMINAL_PROCESSING,types,int,int,Int64,True,True,2026-05-13 17:05:59,
jansi.jansi.*,jansi.jansi.src.main.org.fusesource.jansi.AnsiConsole.json,61-568:AnsiConsole,field,221-221:STDOUT_FILENO,types,int,int,Int64,True,True,2026-05-13 17:05:59,
jansi.jansi.*,jansi.jansi.src.main.org.fusesource.jansi.AnsiConsole.json,61-568:AnsiConsole,field,223-223:STDERR_FILENO,types,int,int,Int64,True,True,2026-05-13 17:05:59,
jansi.jansi.*,jansi.jansi.src.main.org.fusesource.jansi.AnsiConsole.json,61-568:AnsiConsole,field,231-231:initialized,types,boolean,boolean,Bool,True,True,2026-05-13 17:05:59,
jansi.jansi.*,jansi.jansi.src.main.org.fusesource.jansi.AnsiConsole.json,61-568:AnsiConsole,field,232-232:installed,types,int,int,Int64,True,True,2026-05-13 17:05:59,
jansi.jansi.*,jansi.jansi.src.main.org.fusesource.jansi.AnsiConsole.json,61-568:AnsiConsole,field,233-233:virtualProcessing,types,int,int,Int64,True,True,2026-05-13 17:05:59,
jansi.jansi.*,jansi.jansi.src.main.org.fusesource.jansi.AnsiConsole.json,61-568:AnsiConsole,method,198-204:getTerminalWidth,return_types,int,int,Int64,True,True,2026-05-13 17:05:59,
jansi.jansi.*,jansi.jansi.src.main.org.fusesource.jansi.AnsiConsole.json,61-568:AnsiConsole,method,198-204:getTerminalWidth,body_types,int,int,Int64,True,True,2026-05-13 17:05:59,
jansi.jansi.*,jansi.jansi.src.main.org.fusesource.jansi.AnsiConsole.json,61-568:AnsiConsole,method,237-445:ansiStream,return_types,AnsiPrintStream,AnsiPrintStream,AnsiPrintStream,True,True,2026-05-13 17:05:59,
jansi.jansi.*,jansi.jansi.src.main.org.fusesource.jansi.AnsiConsole.json,61-568:AnsiConsole,method,237-445:ansiStream,body_types,FileDescriptor,FileDescriptor,FileDescriptor,True,True,2026-05-14 13:28:18,
jansi.jansi.*,jansi.jansi.src.main.org.fusesource.jansi.AnsiConsole.json,61-568:AnsiConsole,method,237-445:ansiStream,body_types,OutputStream,OutputStream,OutputStream,True,True,2026-05-13 17:06:11,
jansi.jansi.*,jansi.jansi.src.main.org.fusesource.jansi.AnsiConsole.json,61-568:AnsiConsole,method,237-445:ansiStream,body_types,FastBufferedOutputStream,FastBufferedOutputStream,FastBufferedOutputStream,True,True,2026-05-13 17:06:11,
jansi.jansi.*,jansi.jansi.src.main.org.fusesource.jansi.AnsiConsole.json,61-568:AnsiConsole,method,237-445:ansiStream,body_types,FileOutputStream,FileOutputStream,Any,True,True,2026-05-14 13:28:26,"Cangjie compilation error: [31merror[0m: expected declaration, found 'from'  [36m==>[0m /tmp/tmpd_n14d0f.cj:3:1:   [36m| [0m [36m3[0m [36m| [0mfrom std.io import File[0m   [36m| [0m[31m^^^^ expected declaration here[0m   [36m| [0m   [36m#[0m [0mnote[0m: only declarations or macro expressions can be used in the top-level  1 error generated, 1 error printed. "
jansi.jansi.*,jansi.jansi.src.main.org.fusesource.jansi.AnsiConsole.json,61-568:AnsiConsole,method,237-445:ansiStream,body_types,String,String,String,True,True,2026-05-13 17:06:20,
jansi.jansi.*,jansi.jansi.src.main.org.fusesource.jansi.AnsiConsole.json,61-568:AnsiConsole,method,237-445:ansiStream,body_types,boolean,boolean,Bool,True,True,2026-05-13 17:06:20,
jansi.jansi.*,jansi.jansi.src.main.org.fusesource.jansi.AnsiConsole.json,61-568:AnsiConsole,method,237-445:ansiStream,body_types,int,int,Int64,True,True,2026-05-13 17:06:20,
jansi.jansi.*,jansi.jansi.src.main.org.fusesource.jansi.AnsiConsole.json,61-568:AnsiConsole,method,237-445:ansiStream,body_types,Throwable,Throwable,Exception,True,True,2026-05-14 13:28:32,"Cangjie compilation error: [31merror[0m: expected type name after ':', found keyword 'class'   [36m==>[0m /tmp/tmp3o3khshw.cj:58:20:    [36m| [0m [36m58[0m [36m| [0m    let _test_val: class Throwable <: Error {[0m    [36m| [0m                 [36m~[0m [31m^^^^^ expected type name here[0m    [36m| [0m                 [36m|[0m    [36m| [0m                 [36mafter ':'[0m    [36m| [0m  1 error generated, 1 error printed. "
jansi.jansi.*,jansi.jansi.src.main.org.fusesource.jansi.AnsiConsole.json,61-568:AnsiConsole,method,237-445:ansiStream,body_types,AnsiOutputStream.AnsiOutputStream_WidthSupplier,AnsiOutputStream.AnsiOutputStream_WidthSupplier,AnsiOutputStream.AnsiOutputStream_WidthSupplier,True,True,2026-05-13 17:06:30,
jansi.jansi.*,jansi.jansi.src.main.org.fusesource.jansi.AnsiConsole.json,61-568:AnsiConsole,method,237-445:ansiStream,body_types,AnsiOutputStream,AnsiOutputStream,AnsiOutputStream,True,True,2026-05-13 17:06:30,
jansi.jansi.*,jansi.jansi.src.main.org.fusesource.jansi.AnsiConsole.json,61-568:AnsiConsole,method,237-445:ansiStream,body_types,AnsiOutputStream_WidthSupplier,AnsiOutputStream_WidthSupplier,AnsiOutputStream_WidthSupplier,True,True,2026-05-13 17:06:30,
jansi.jansi.*,jansi.jansi.src.main.org.fusesource.jansi.AnsiConsole.json,61-568:AnsiConsole,method,237-445:ansiStream,body_types,AnsiProcessor,AnsiProcessor,AnsiProcessor,True,True,2026-05-13 17:06:30,
jansi.jansi.*,jansi.jansi.src.main.org.fusesource.jansi.AnsiConsole.json,61-568:AnsiConsole,method,237-445:ansiStream,body_types,AnsiType,AnsiType,AnsiType,True,True,2026-05-13 17:06:30,
jansi.jansi.*,jansi.jansi.src.main.org.fusesource.jansi.AnsiConsole.json,61-568:AnsiConsole,method,237-445:ansiStream,body_types,AnsiOutputStream.AnsiOutputStream_IoRunnable,AnsiOutputStream.AnsiOutputStream_IoRunnable,AnsiOutputStream.AnsiOutputStream_IoRunnable,True,True,2026-05-13 17:06:30,
jansi.jansi.*,jansi.jansi.src.main.org.fusesource.jansi.AnsiConsole.json,61-568:AnsiConsole,method,237-445:ansiStream,body_types,AnsiOutputStream_IoRunnable,AnsiOutputStream_IoRunnable,AnsiOutputStream_IoRunnable,True,True,2026-05-13 17:06:30,
jansi.jansi.*,jansi.jansi.src.main.org.fusesource.jansi.AnsiConsole.json,61-568:AnsiConsole,method,237-445:ansiStream,body_types,AnsiOutputStream.AnsiOutputStream_ZeroWidthSupplier,AnsiOutputStream.AnsiOutputStream_ZeroWidthSupplier,AnsiOutputStream.AnsiOutputStream_ZeroWidthSupplier,True,True,2026-05-13 17:06:30,
jansi.jansi.*,jansi.jansi.src.main.org.fusesource.jansi.AnsiConsole.json,61-568:AnsiConsole,method,237-445:ansiStream,body_types,AnsiOutputStream_ZeroWidthSupplier,AnsiOutputStream_ZeroWidthSupplier,AnsiOutputStream_ZeroWidthSupplier,True,True,2026-05-13 17:06:30,
jansi.jansi.*,jansi.jansi.src.main.org.fusesource.jansi.AnsiConsole.json,61-568:AnsiConsole,method,237-445:ansiStream,body_types,long,long,Int64,True,True,2026-05-13 17:06:30,
jansi.jansi.*,jansi.jansi.src.main.org.fusesource.jansi.AnsiConsole.json,61-568:AnsiConsole,method,237-445:ansiStream,body_types,int[],int[],Array<Int64>,True,True,2026-05-14 13:28:32,
jansi.jansi.*,jansi.jansi.src.main.org.fusesource.jansi.AnsiConsole.json,61-568:AnsiConsole,method,237-445:ansiStream,body_types,Kernel32_CONSOLE_SCREEN_BUFFER_INFO,Kernel32_CONSOLE_SCREEN_BUFFER_INFO,Kernel32_CONSOLE_SCREEN_BUFFER_INFO,True,True,2026-05-13 17:06:39,
jansi.jansi.*,jansi.jansi.src.main.org.fusesource.jansi.AnsiConsole.json,61-568:AnsiConsole,method,237-445:ansiStream,body_types,AnsiConsole,AnsiConsole,AnsiConsole,True,True,2026-05-13 17:06:39,
jansi.jansi.*,jansi.jansi.src.main.org.fusesource.jansi.AnsiConsole.json,61-568:AnsiConsole,method,237-445:ansiStream,body_types,MingwSupport,MingwSupport,MingwSupport,True,True,2026-05-13 17:06:39,
jansi.jansi.*,jansi.jansi.src.main.org.fusesource.jansi.AnsiConsole.json,61-568:AnsiConsole,method,237-445:ansiStream,body_types,WindowsAnsiProcessor,WindowsAnsiProcessor,WindowsAnsiProcessor,True,True,2026-05-13 17:06:39,
jansi.jansi.*,jansi.jansi.src.main.org.fusesource.jansi.AnsiConsole.json,61-568:AnsiConsole,method,237-445:ansiStream,body_types,CLibrary_WinSize,CLibrary_WinSize,CLibrary_WinSize,True,True,2026-05-13 17:06:39,
jansi.jansi.*,jansi.jansi.src.main.org.fusesource.jansi.AnsiConsole.json,61-568:AnsiConsole,method,237-445:ansiStream,body_types,AnsiMode,AnsiMode,AnsiMode,True,True,2026-05-13 17:06:39,
jansi.jansi.*,jansi.jansi.src.main.org.fusesource.jansi.AnsiConsole.json,61-568:AnsiConsole,method,237-445:ansiStream,body_types,AnsiColors,AnsiColors,AnsiColors,True,True,2026-05-13 17:06:39,
jansi.jansi.*,jansi.jansi.src.main.org.fusesource.jansi.AnsiConsole.json,61-568:AnsiConsole,method,237-445:ansiStream,body_types,Charset,Charset,Any,True,True,2026-05-14 13:28:41,"Cangjie compilation error: [31merror[0m: can not find package 'std.encoding'  [36m==>[0m /tmp/tmp96xe8ka8.cj:3:8:   [36m| [0m [36m3[0m [36m| [0mimport std.encoding.*[0m   [36m| [0m       [31m^^^^^^^^^^^^ [0m   [36m| [0m   [36m#[0m [0mhelp[0m: check if the .cjo file of the package exists in CANGJIE_PATH or CANGJIE_HOME, or use '--import-path' to specify the .cjo file path  1 error generated, 1 error printed. "
jansi.jansi.*,jansi.jansi.src.main.org.fusesource.jansi.AnsiConsole.json,61-568:AnsiConsole,method,237-445:ansiStream,body_types,UnsupportedCharsetException,UnsupportedCharsetException,Any,True,True,2026-05-14 13:28:47,"Cangjie compilation error: [31merror[0m: expected declaration, found 'from'  [36m==>[0m /tmp/tmpk2eqpwds.cj:3:1:   [36m| [0m [36m3[0m [36m| [0mfrom std.encoding import UnsupportedCharsetException[0m   [36m| [0m[31m^^^^ expected declaration here[0m   [36m| [0m   [36m#[0m [0mnote[0m: only declarations or macro expressions can be used in the top-level  1 error generated, 1 error printed. "
jansi.jansi.*,jansi.jansi.src.main.org.fusesource.jansi.AnsiConsole.json,61-568:AnsiConsole,method,237-445:ansiStream,parameters,|boolean|stdout,boolean,Bool,True,True,2026-05-13 17:05:59,
jansi.jansi.*,jansi.jansi.src.main.org.fusesource.jansi.AnsiConsole.json,61-568:AnsiConsole,method,447-455:newPrintStream,return_types,AnsiPrintStream,AnsiPrintStream,AnsiPrintStream,True,True,2026-05-13 17:07:05,
jansi.jansi.*,jansi.jansi.src.main.org.fusesource.jansi.AnsiConsole.json,61-568:AnsiConsole,method,447-455:newPrintStream,body_types,AnsiPrintStream,AnsiPrintStream,AnsiPrintStream,True,True,2026-05-13 17:07:05,
jansi.jansi.*,jansi.jansi.src.main.org.fusesource.jansi.AnsiConsole.json,61-568:AnsiConsole,method,447-455:newPrintStream,body_types,UnsupportedEncodingException,UnsupportedEncodingException,Any,True,True,2026-05-14 13:28:52,Cangjie compilation error: [31merror[0m: undeclared type name 'IOException'   [36m==>[0m /tmp/tmpqc3g7dym.cj:58:20:    [36m| [0m [36m58[0m [36m| [0m    let _test_val: IOException[0m    [36m| [0m                   [31m^ [0m    [36m| [0m  [33mwarning[0m: unused import 'std.io'  [36m==>[0m /tmp/tmpqc3g7dym.cj:3:1:   [36m| [0m [36m3[0m [36m| [0mimport std.io[0m   [36m| [0m[33m^^^^^^^^^^^^^ unused import[0m   [36m| [0m   [36m#[0m [0mnote[0m: this warning can be s
jansi.jansi.*,jansi.jansi.src.main.org.fusesource.jansi.AnsiConsole.json,61-568:AnsiConsole,method,447-455:newPrintStream,parameters,|AnsiOutputStream|out,AnsiOutputStream,AnsiOutputStream,True,True,2026-05-13 17:07:05,
jansi.jansi.*,jansi.jansi.src.main.org.fusesource.jansi.AnsiConsole.json,61-568:AnsiConsole,method,447-455:newPrintStream,parameters,|String|enc,String,String,True,True,2026-05-13 17:07:05,
jansi.jansi.*,jansi.jansi.src.main.org.fusesource.jansi.AnsiConsole.json,61-568:AnsiConsole,method,457-465:getBoolean,return_types,boolean,boolean,Bool,True,True,2026-05-13 17:07:16,
jansi.jansi.*,jansi.jansi.src.main.org.fusesource.jansi.AnsiConsole.json,61-568:AnsiConsole,method,457-465:getBoolean,body_types,boolean,boolean,Bool,True,True,2026-05-13 17:07:16,
jansi.jansi.*,jansi.jansi.src.main.org.fusesource.jansi.AnsiConsole.json,61-568:AnsiConsole,method,457-465:getBoolean,body_types,String,String,String,True,True,2026-05-13 17:07:16,
jansi.jansi.*,jansi.jansi.src.main.org.fusesource.jansi.AnsiConsole.json,61-568:AnsiConsole,method,457-465:getBoolean,body_types,IllegalArgumentException | NullPointerException,IllegalArgumentException | NullPointerException,Exception,True,True,2026-05-14 13:28:53,
jansi.jansi.*,jansi.jansi.src.main.org.fusesource.jansi.AnsiConsole.json,61-568:AnsiConsole,method,457-465:getBoolean,body_types,IllegalArgumentException,IllegalArgumentException,IllegalArgumentException,True,True,2026-05-14 13:28:56,
jansi.jansi.*,jansi.jansi.src.main.org.fusesource.jansi.AnsiConsole.json,61-568:AnsiConsole,method,457-465:getBoolean,body_types,NullPointerException,NullPointerException,Any,True,True,2026-05-14 13:29:02,"Cangjie compilation error: [31merror[0m: expected declaration, found 'from'  [36m==>[0m /tmp/tmp5yd128qi.cj:3:1:   [36m| [0m [36m3[0m [36m| [0mfrom std.core import NullPointerException[0m   [36m| [0m[31m^^^^ expected declaration here[0m   [36m| [0m   [36m#[0m [0mnote[0m: only declarations or macro expressions can be used in the top-level  1 error generated, 1 error printed. "
jansi.jansi.*,jansi.jansi.src.main.org.fusesource.jansi.AnsiConsole.json,61-568:AnsiConsole,method,457-465:getBoolean,parameters,|String|name,String,String,True,True,2026-05-13 17:07:16,
jansi.jansi.*,jansi.jansi.src.main.org.fusesource.jansi.AnsiConsole.json,61-568:AnsiConsole,method,475-478:out,return_types,AnsiPrintStream,AnsiPrintStream,AnsiPrintStream,True,True,2026-05-13 17:07:44,
jansi.jansi.*,jansi.jansi.src.main.org.fusesource.jansi.AnsiConsole.json,61-568:AnsiConsole,method,475-478:out,body_types,AnsiPrintStream,AnsiPrintStream,AnsiPrintStream,True,True,2026-05-13 17:07:44,
jansi.jansi.*,jansi.jansi.src.main.org.fusesource.jansi.AnsiConsole.json,61-568:AnsiConsole,method,485-487:sysOut,return_types,PrintStream,PrintStream,Any,True,True,2026-05-14 13:29:07,"Cangjie compilation error: [31merror[0m: expected declaration, found 'from'  [36m==>[0m /tmp/tmp5tstxl4c.cj:3:1:   [36m| [0m [36m3[0m [36m| [0mfrom std.io import Stdout[0m   [36m| [0m[31m^^^^ expected declaration here[0m   [36m| [0m   [36m#[0m [0mnote[0m: only declarations or macro expressions can be used in the top-level  1 error generated, 1 error printed. "
jansi.jansi.*,jansi.jansi.src.main.org.fusesource.jansi.AnsiConsole.json,61-568:AnsiConsole,method,497-500:err,return_types,AnsiPrintStream,AnsiPrintStream,AnsiPrintStream,True,True,2026-05-13 17:07:54,
jansi.jansi.*,jansi.jansi.src.main.org.fusesource.jansi.AnsiConsole.json,61-568:AnsiConsole,method,497-500:err,body_types,AnsiPrintStream,AnsiPrintStream,AnsiPrintStream,True,True,2026-05-13 17:07:54,
jansi.jansi.*,jansi.jansi.src.main.org.fusesource.jansi.AnsiConsole.json,61-568:AnsiConsole,method,507-509:sysErr,return_types,PrintStream,PrintStream,Any,True,True,2026-05-14 13:29:14,Cangjie compilation error: [31merror[0m: undeclared type name 'PrintStream'   [36m==>[0m /tmp/tmpvs8rkcj7.cj:58:20:    [36m| [0m [36m58[0m [36m| [0m    let _test_val: PrintStream[0m    [36m| [0m                   [31m^ [0m    [36m| [0m  [33mwarning[0m: unused import 'std.io.*'  [36m==>[0m /tmp/tmpvs8rkcj7.cj:3:1:   [36m| [0m [36m3[0m [36m| [0mimport std.io.*[0m   [36m| [0m[33m^^^^^^^^^^^^^^^ unused import[0m   [36m| [0m   [36m#[0m [0mnote[0m: this warning ca
jansi.jansi.*,jansi.jansi.src.main.org.fusesource.jansi.AnsiConsole.json,61-568:AnsiConsole,method,516-529:systemInstall,return_types,void,void,Unit,True,True,2026-05-13 17:08:05,
jansi.jansi.*,jansi.jansi.src.main.org.fusesource.jansi.AnsiConsole.json,61-568:AnsiConsole,method,516-529:systemInstall,body_types,AnsiPrintStream,AnsiPrintStream,AnsiPrintStream,True,True,2026-05-13 17:08:05,
jansi.jansi.*,jansi.jansi.src.main.org.fusesource.jansi.AnsiConsole.json,61-568:AnsiConsole,method,516-529:systemInstall,body_types,IOException,IOException,IOException,True,True,2026-05-14 13:29:18,"Cangjie compilation error: [31merror[0m: expected declaration, found 'from'  [36m==>[0m /tmp/tmp5efem9cx.cj:3:1:   [36m| [0m [36m3[0m [36m| [0mfrom std.io import IOException[0m   [36m| [0m[31m^^^^ expected declaration here[0m   [36m| [0m   [36m#[0m [0mnote[0m: only declarations or macro expressions can be used in the top-level  1 error generated, 1 error printed. "
jansi.jansi.*,jansi.jansi.src.main.org.fusesource.jansi.AnsiConsole.json,61-568:AnsiConsole,method,516-529:systemInstall,body_types,IOError,IOError,Error,True,True,2026-05-14 13:29:24,"Cangjie compilation error: [31merror[0m: expected declaration, found 'from'  [36m==>[0m /tmp/tmpfesd4rnc.cj:3:1:   [36m| [0m [36m3[0m [36m| [0mfrom std.io import IOException[0m   [36m| [0m[31m^^^^ expected declaration here[0m   [36m| [0m   [36m#[0m [0mnote[0m: only declarations or macro expressions can be used in the top-level  [31merror[0m: expected type name after ':', found keyword 'class'   [36m==>[0m /tmp/tmpfesd4rnc.cj:58:20:    [36m| [0m [36m58[0m [36m| [0m "
jansi.jansi.*,jansi.jansi.src.main.org.fusesource.jansi.AnsiConsole.json,61-568:AnsiConsole,method,534-536:isInstalled,return_types,boolean,boolean,Bool,True,True,2026-05-13 17:08:22,
jansi.jansi.*,jansi.jansi.src.main.org.fusesource.jansi.AnsiConsole.json,61-568:AnsiConsole,method,543-556:systemUninstall,return_types,void,void,Unit,True,True,2026-05-13 17:08:22,
jansi.jansi.*,jansi.jansi.src.main.org.fusesource.jansi.AnsiConsole.json,61-568:AnsiConsole,method,543-556:systemUninstall,body_types,AnsiPrintStream,AnsiPrintStream,AnsiPrintStream,True,True,2026-05-13 17:08:22,
jansi.jansi.*,jansi.jansi.src.main.org.fusesource.jansi.AnsiConsole.json,61-568:AnsiConsole,method,543-556:systemUninstall,body_types,IOException,IOException,IOException,True,True,2026-05-14 13:29:28,"Cangjie compilation error: [31merror[0m: expected declaration, found 'from'  [36m==>[0m /tmp/tmpsj65o9b8.cj:3:1:   [36m| [0m [36m3[0m [36m| [0mfrom std.io import IOException[0m   [36m| [0m[31m^^^^ expected declaration here[0m   [36m| [0m   [36m#[0m [0mnote[0m: only declarations or macro expressions can be used in the top-level  1 error generated, 1 error printed. "
jansi.jansi.*,jansi.jansi.src.main.org.fusesource.jansi.AnsiConsole.json,61-568:AnsiConsole,method,543-556:systemUninstall,body_types,IOError,IOError,Error,True,True,2026-05-14 13:29:34,"Cangjie compilation error: [31merror[0m: expected type name after ':', found keyword 'class'   [36m==>[0m /tmp/tmpeuaum4fl.cj:58:20:    [36m| [0m [36m58[0m [36m| [0m    let _test_val: class IOError <: Error {[0m    [36m| [0m                 [36m~[0m [31m^^^^^ expected type name here[0m    [36m| [0m                 [36m|[0m    [36m| [0m                 [36mafter ':'[0m    [36m| [0m  [31merror[0m: expected declaration, found 'new'   [36m==>[0m /tmp/tmpeuaum4fl.cj:59:"
jansi.jansi.*,jansi.jansi.src.main.org.fusesource.jansi.AnsiConsole.json,61-568:AnsiConsole,method,561-567:initStreams,return_types,void,void,Unit,True,True,2026-05-13 17:08:42,
jansi.jansi.*,jansi.jansi.src.main.org.fusesource.jansi.AnsiMain.json,55-344:AnsiMain,method,56-192:main,return_types,void,void,Unit,True,True,2026-05-13 16:33:51,
jansi.jansi.*,jansi.jansi.src.main.org.fusesource.jansi.AnsiMain.json,55-344:AnsiMain,method,56-192:main,body_types,boolean,boolean,Bool,True,True,2026-05-13 16:33:51,
jansi.jansi.*,jansi.jansi.src.main.org.fusesource.jansi.AnsiMain.json,55-344:AnsiMain,method,56-192:main,body_types,String,String,String,True,True,2026-05-13 16:33:51,
jansi.jansi.*,jansi.jansi.src.main.org.fusesource.jansi.AnsiMain.json,55-344:AnsiMain,method,56-192:main,body_types,Throwable,Throwable,Exception,True,True,2026-05-14 11:55:45,
jansi.jansi.*,jansi.jansi.src.main.org.fusesource.jansi.AnsiMain.json,55-344:AnsiMain,method,56-192:main,body_types,AnsiType,AnsiType,AnsiType,True,True,2026-05-13 16:33:59,
jansi.jansi.*,jansi.jansi.src.main.org.fusesource.jansi.AnsiMain.json,55-344:AnsiMain,method,56-192:main,body_types,AnsiColors,AnsiColors,AnsiColors,True,True,2026-05-13 16:33:59,
jansi.jansi.*,jansi.jansi.src.main.org.fusesource.jansi.AnsiMain.json,55-344:AnsiMain,method,56-192:main,body_types,AnsiMode,AnsiMode,AnsiMode,True,True,2026-05-13 16:33:59,
jansi.jansi.*,jansi.jansi.src.main.org.fusesource.jansi.AnsiMain.json,55-344:AnsiMain,method,56-192:main,body_types,File,File,Any,True,True,2026-05-14 11:55:53,"Cangjie compilation error: [31merror[0m: expected declaration, found 'from'  [36m==>[0m /tmp/tmpkbv2elid.cj:3:1:   [36m| [0m [36m3[0m [36m| [0mfrom std.core import File[0m   [36m| [0m[31m^^^^ expected declaration here[0m   [36m| [0m   [36m#[0m [0mnote[0m: only declarations or macro expressions can be used in the top-level  1 error generated, 1 error printed. "
jansi.jansi.*,jansi.jansi.src.main.org.fusesource.jansi.AnsiMain.json,55-344:AnsiMain,method,56-192:main,body_types,int,int,Int64,True,True,2026-05-13 16:34:07,
jansi.jansi.*,jansi.jansi.src.main.org.fusesource.jansi.AnsiMain.json,55-344:AnsiMain,method,194-197:getJansiVersion,return_types,String,String,String,True,True,2026-05-13 16:34:07,
jansi.jansi.*,jansi.jansi.src.main.org.fusesource.jansi.AnsiMain.json,55-344:AnsiMain,method,194-197:getJansiVersion,body_types,Package,Package,Any,True,True,2026-05-14 11:55:59,"Cangjie compilation error: [31merror[0m: undeclared type name 'Package'   [36m==>[0m /tmp/tmp902n0e8w.cj:58:20:    [36m| [0m [36m58[0m [36m| [0m    let _test_val: Package[0m    [36m| [0m                   [31m^ [0m    [36m| [0m  1 error generated, 1 error printed. "
jansi.jansi.*,jansi.jansi.src.main.org.fusesource.jansi.AnsiMain.json,55-344:AnsiMain,method,194-197:getJansiVersion,body_types,AnsiMain,AnsiMain,AnsiMain,True,True,2026-05-13 16:34:15,
jansi.jansi.*,jansi.jansi.src.main.org.fusesource.jansi.AnsiMain.json,55-344:AnsiMain,method,199-232:diagnoseTty,return_types,void,void,Unit,True,True,2026-05-13 16:34:15,
jansi.jansi.*,jansi.jansi.src.main.org.fusesource.jansi.AnsiMain.json,55-344:AnsiMain,method,199-232:diagnoseTty,body_types,int,int,Int64,True,True,2026-05-13 16:34:15,
jansi.jansi.*,jansi.jansi.src.main.org.fusesource.jansi.AnsiMain.json,55-344:AnsiMain,method,199-232:diagnoseTty,body_types,long,long,Int64,True,True,2026-05-13 16:34:15,
jansi.jansi.*,jansi.jansi.src.main.org.fusesource.jansi.AnsiMain.json,55-344:AnsiMain,method,199-232:diagnoseTty,body_types,int[],int[],Array<Int64>,True,True,2026-05-14 11:55:59,
jansi.jansi.*,jansi.jansi.src.main.org.fusesource.jansi.AnsiMain.json,55-344:AnsiMain,method,199-232:diagnoseTty,body_types,MingwSupport,MingwSupport,MingwSupport,True,True,2026-05-13 16:34:24,
jansi.jansi.*,jansi.jansi.src.main.org.fusesource.jansi.AnsiMain.json,55-344:AnsiMain,method,199-232:diagnoseTty,body_types,String,String,String,True,True,2026-05-13 16:34:24,
jansi.jansi.*,jansi.jansi.src.main.org.fusesource.jansi.AnsiMain.json,55-344:AnsiMain,method,199-232:diagnoseTty,body_types,Kernel32.Kernel32_CONSOLE_SCREEN_BUFFER_INFO,Kernel32.Kernel32_CONSOLE_SCREEN_BUFFER_INFO,Kernel32.Kernel32_CONSOLE_SCREEN_BUFFER_INFO,True,True,2026-05-13 16:34:24,
jansi.jansi.*,jansi.jansi.src.main.org.fusesource.jansi.AnsiMain.json,55-344:AnsiMain,method,199-232:diagnoseTty,body_types,Kernel32,Kernel32,Kernel32,True,True,2026-05-13 16:34:24,
jansi.jansi.*,jansi.jansi.src.main.org.fusesource.jansi.AnsiMain.json,55-344:AnsiMain,method,199-232:diagnoseTty,body_types,Kernel32_CONSOLE_SCREEN_BUFFER_INFO,Kernel32_CONSOLE_SCREEN_BUFFER_INFO,Kernel32_CONSOLE_SCREEN_BUFFER_INFO,True,True,2026-05-13 16:34:24,
jansi.jansi.*,jansi.jansi.src.main.org.fusesource.jansi.AnsiMain.json,55-344:AnsiMain,method,199-232:diagnoseTty,body_types,CLibrary.CLibrary_WinSize,CLibrary.CLibrary_WinSize,CLibrary.CLibrary_WinSize,True,True,2026-05-13 16:34:24,
jansi.jansi.*,jansi.jansi.src.main.org.fusesource.jansi.AnsiMain.json,55-344:AnsiMain,method,199-232:diagnoseTty,body_types,CLibrary,CLibrary,CLibrary,True,True,2026-05-13 16:34:24,
jansi.jansi.*,jansi.jansi.src.main.org.fusesource.jansi.AnsiMain.json,55-344:AnsiMain,method,199-232:diagnoseTty,body_types,CLibrary_WinSize,CLibrary_WinSize,CLibrary_WinSize,True,True,2026-05-13 16:34:24,
jansi.jansi.*,jansi.jansi.src.main.org.fusesource.jansi.AnsiMain.json,55-344:AnsiMain,method,199-232:diagnoseTty,parameters,|boolean|stderr,boolean,Bool,True,True,2026-05-13 16:34:15,
jansi.jansi.*,jansi.jansi.src.main.org.fusesource.jansi.AnsiMain.json,55-344:AnsiMain,method,234-295:testAnsi,return_types,void,void,Unit,True,True,2026-05-13 16:34:24,
jansi.jansi.*,jansi.jansi.src.main.org.fusesource.jansi.AnsiMain.json,55-344:AnsiMain,method,234-295:testAnsi,body_types,PrintStream,PrintStream,Any,True,True,2026-05-14 11:56:08,"Cangjie compilation error: [31merror[0m: expected declaration, found 'from'  [36m==>[0m /tmp/tmpozrcepzq.cj:3:1:   [36m| [0m [36m3[0m [36m| [0mfrom std.io import Stdout[0m   [36m| [0m[31m^^^^ expected declaration here[0m   [36m| [0m   [36m#[0m [0mnote[0m: only declarations or macro expressions can be used in the top-level  1 error generated, 1 error printed. "
jansi.jansi.*,jansi.jansi.src.main.org.fusesource.jansi.AnsiMain.json,55-344:AnsiMain,method,234-295:testAnsi,body_types,Ansi.Color,Ansi.Color,Ansi.Color,True,True,2026-05-13 16:34:31,
jansi.jansi.*,jansi.jansi.src.main.org.fusesource.jansi.AnsiMain.json,55-344:AnsiMain,method,234-295:testAnsi,body_types,Ansi,Ansi,Ansi,True,True,2026-05-13 16:34:31,
jansi.jansi.*,jansi.jansi.src.main.org.fusesource.jansi.AnsiMain.json,55-344:AnsiMain,method,234-295:testAnsi,body_types,Color,Color,Color,True,True,2026-05-13 16:34:31,
jansi.jansi.*,jansi.jansi.src.main.org.fusesource.jansi.AnsiMain.json,55-344:AnsiMain,method,234-295:testAnsi,body_types,int,int,Int64,True,True,2026-05-13 16:34:31,
jansi.jansi.*,jansi.jansi.src.main.org.fusesource.jansi.AnsiMain.json,55-344:AnsiMain,method,234-295:testAnsi,parameters,|boolean|stderr,boolean,Bool,True,True,2026-05-13 16:34:24,
jansi.jansi.*,jansi.jansi.src.main.org.fusesource.jansi.AnsiMain.json,55-344:AnsiMain,method,297-309:getPomPropertiesVersion,return_types,String,String,String,True,True,2026-05-13 16:34:31,
jansi.jansi.*,jansi.jansi.src.main.org.fusesource.jansi.AnsiMain.json,55-344:AnsiMain,method,297-309:getPomPropertiesVersion,body_types,InputStream,InputStream,InputStream,True,True,2026-05-13 16:34:31,
jansi.jansi.*,jansi.jansi.src.main.org.fusesource.jansi.AnsiMain.json,55-344:AnsiMain,method,297-309:getPomPropertiesVersion,body_types,AnsiMain,AnsiMain,AnsiMain,True,True,2026-05-13 16:34:31,
jansi.jansi.*,jansi.jansi.src.main.org.fusesource.jansi.AnsiMain.json,55-344:AnsiMain,method,297-309:getPomPropertiesVersion,body_types,Properties,Properties,"HashMap<String, String>",True,True,2026-05-13 16:34:31,
jansi.jansi.*,jansi.jansi.src.main.org.fusesource.jansi.AnsiMain.json,55-344:AnsiMain,method,297-309:getPomPropertiesVersion,parameters,|String|path,String,String,True,True,2026-05-13 16:34:31,
jansi.jansi.*,jansi.jansi.src.main.org.fusesource.jansi.AnsiMain.json,55-344:AnsiMain,method,311-322:printJansiLogoDemo,return_types,void,void,Unit,True,True,2026-05-13 16:34:31,
jansi.jansi.*,jansi.jansi.src.main.org.fusesource.jansi.AnsiMain.json,55-344:AnsiMain,method,311-322:printJansiLogoDemo,body_types,BufferedReader,BufferedReader,Any,True,True,2026-05-14 11:56:14,Cangjie compilation error: [31merror[0m: undeclared type name 'BufferedReader'   [36m==>[0m /tmp/tmpu9amjroh.cj:58:20:    [36m| [0m [36m58[0m [36m| [0m    let _test_val: BufferedReader[0m    [36m| [0m                   [31m^ [0m    [36m| [0m  [33mwarning[0m: unused import 'std.io.*'  [36m==>[0m /tmp/tmpu9amjroh.cj:3:1:   [36m| [0m [36m3[0m [36m| [0mimport std.io.*[0m   [36m| [0m[33m^^^^^^^^^^^^^^^ unused import[0m   [36m| [0m   [36m#[0m [0mnote[0m: this warn
jansi.jansi.*,jansi.jansi.src.main.org.fusesource.jansi.AnsiMain.json,55-344:AnsiMain,method,311-322:printJansiLogoDemo,body_types,InputStreamReader,InputStreamReader,Any,True,True,2026-05-14 11:56:19,"Cangjie compilation error: [31merror[0m: expected declaration, found 'from'  [36m==>[0m /tmp/tmplxbqqv1m.cj:3:1:   [36m| [0m [36m3[0m [36m| [0mfrom std.io import *[0m   [36m| [0m[31m^^^^ expected declaration here[0m   [36m| [0m   [36m#[0m [0mnote[0m: only declarations or macro expressions can be used in the top-level  1 error generated, 1 error printed. "
jansi.jansi.*,jansi.jansi.src.main.org.fusesource.jansi.AnsiMain.json,55-344:AnsiMain,method,311-322:printJansiLogoDemo,body_types,AnsiMain,AnsiMain,AnsiMain,True,True,2026-05-13 16:34:44,
jansi.jansi.*,jansi.jansi.src.main.org.fusesource.jansi.AnsiMain.json,55-344:AnsiMain,method,311-322:printJansiLogoDemo,body_types,String,String,String,True,True,2026-05-13 16:34:44,
jansi.jansi.*,jansi.jansi.src.main.org.fusesource.jansi.AnsiMain.json,55-344:AnsiMain,method,324-335:writeFileContent,return_types,void,void,Unit,True,True,2026-05-13 16:34:44,
jansi.jansi.*,jansi.jansi.src.main.org.fusesource.jansi.AnsiMain.json,55-344:AnsiMain,method,324-335:writeFileContent,body_types,InputStream,InputStream,InputStream,True,True,2026-05-13 16:34:51,
jansi.jansi.*,jansi.jansi.src.main.org.fusesource.jansi.AnsiMain.json,55-344:AnsiMain,method,324-335:writeFileContent,body_types,FileInputStream,FileInputStream,Any,True,True,2026-05-14 11:56:30,"Cangjie compilation error: [31merror[0m: expected declaration, found 'from'  [36m==>[0m /tmp/tmprte7eebv.cj:3:1:   [36m| [0m [36m3[0m [36m| [0mfrom std.fs import File[0m   [36m| [0m[31m^^^^ expected declaration here[0m   [36m| [0m   [36m#[0m [0mnote[0m: only declarations or macro expressions can be used in the top-level  1 error generated, 1 error printed. "
jansi.jansi.*,jansi.jansi.src.main.org.fusesource.jansi.AnsiMain.json,55-344:AnsiMain,method,324-335:writeFileContent,body_types,byte[],byte[],Array<Byte>,True,True,2026-05-14 11:56:30,
jansi.jansi.*,jansi.jansi.src.main.org.fusesource.jansi.AnsiMain.json,55-344:AnsiMain,method,324-335:writeFileContent,body_types,byte,byte,Int8,True,True,2026-05-13 16:35:05,
jansi.jansi.*,jansi.jansi.src.main.org.fusesource.jansi.AnsiMain.json,55-344:AnsiMain,method,324-335:writeFileContent,body_types,int,int,Int64,True,True,2026-05-13 16:35:05,
jansi.jansi.*,jansi.jansi.src.main.org.fusesource.jansi.AnsiMain.json,55-344:AnsiMain,method,324-335:writeFileContent,parameters,|File|f,File,Any,True,True,2026-05-14 11:56:24,"Cangjie compilation error: [31merror[0m: expected declaration, found 'from'  [36m==>[0m /tmp/tmpxyfmifbs.cj:3:1:   [36m| [0m [36m3[0m [36m| [0mfrom std.fs import File[0m   [36m| [0m[31m^^^^ expected declaration here[0m   [36m| [0m   [36m#[0m [0mnote[0m: only declarations or macro expressions can be used in the top-level  1 error generated, 1 error printed. "
jansi.jansi.*,jansi.jansi.src.main.org.fusesource.jansi.AnsiMain.json,55-344:AnsiMain,method,337-343:closeQuietly,return_types,void,void,Unit,True,True,2026-05-13 16:35:05,
jansi.jansi.*,jansi.jansi.src.main.org.fusesource.jansi.AnsiMain.json,55-344:AnsiMain,method,337-343:closeQuietly,body_types,IOException,IOException,IOException,True,True,2026-05-14 11:56:43,"Cangjie compilation error: [31merror[0m: expected declaration, found 'from'  [36m==>[0m /tmp/tmphaa9iehb.cj:3:1:   [36m| [0m [36m3[0m [36m| [0mfrom std.io import IOException[0m   [36m| [0m[31m^^^^ expected declaration here[0m   [36m| [0m   [36m#[0m [0mnote[0m: only declarations or macro expressions can be used in the top-level  1 error generated, 1 error printed. "
jansi.jansi.*,jansi.jansi.src.main.org.fusesource.jansi.AnsiMain.json,55-344:AnsiMain,method,337-343:closeQuietly,parameters,|Closeable|c,Closeable,Any,True,True,2026-05-14 11:56:38,"Cangjie compilation error: [31merror[0m: expected type name after ':', found keyword 'interface'   [36m==>[0m /tmp/tmp6ok9wel8.cj:58:20:    [36m| [0m [36m58[0m [36m| [0m    let _test_val: interface Closeable {[0m    [36m| [0m                 [36m~[0m [31m^^^^^^^^^ expected type name here[0m    [36m| [0m                 [36m|[0m    [36m| [0m                 [36mafter ':'[0m    [36m| [0m  1 error generated, 1 error printed. "
jansi.jansi.*,jansi.jansi.src.main.org.fusesource.jansi.AnsiMode.json,23-37:AnsiMode,field,28-28:description,types,String,String,String,True,True,2026-05-13 17:17:22,
jansi.jansi.*,jansi.jansi.src.main.org.fusesource.jansi.AnsiMode.json,23-37:AnsiMode,method,30-32:AnsiMode,parameters,|String|description,String,String,True,True,2026-05-13 17:17:22,
jansi.jansi.*,jansi.jansi.src.main.org.fusesource.jansi.AnsiMode.json,23-37:AnsiMode,method,34-36:getDescription,return_types,String,String,String,True,True,2026-05-13 17:17:22,
jansi.jansi.*,jansi.jansi.src.main.org.fusesource.jansi.AnsiPrintStream.json,28-96:AnsiPrintStream,method,30-32:AnsiPrintStream,parameters,|AnsiOutputStream|out,AnsiOutputStream,AnsiOutputStream,True,True,2026-05-13 16:55:25,
jansi.jansi.*,jansi.jansi.src.main.org.fusesource.jansi.AnsiPrintStream.json,28-96:AnsiPrintStream,method,30-32:AnsiPrintStream,parameters,|boolean|autoFlush,boolean,Bool,True,True,2026-05-13 16:55:25,
jansi.jansi.*,jansi.jansi.src.main.org.fusesource.jansi.AnsiPrintStream.json,28-96:AnsiPrintStream,method,34-37:AnsiPrintStream,parameters,|AnsiOutputStream|out,AnsiOutputStream,AnsiOutputStream,True,True,2026-05-13 16:55:25,
jansi.jansi.*,jansi.jansi.src.main.org.fusesource.jansi.AnsiPrintStream.json,28-96:AnsiPrintStream,method,34-37:AnsiPrintStream,parameters,|boolean|autoFlush,boolean,Bool,True,True,2026-05-13 16:55:25,
jansi.jansi.*,jansi.jansi.src.main.org.fusesource.jansi.AnsiPrintStream.json,28-96:AnsiPrintStream,method,34-37:AnsiPrintStream,parameters,|String|encoding,String,String,True,True,2026-05-13 16:55:25,
jansi.jansi.*,jansi.jansi.src.main.org.fusesource.jansi.AnsiPrintStream.json,28-96:AnsiPrintStream,method,39-41:getOut,return_types,AnsiOutputStream,AnsiOutputStream,AnsiOutputStream,True,True,2026-05-13 16:55:25,
jansi.jansi.*,jansi.jansi.src.main.org.fusesource.jansi.AnsiPrintStream.json,28-96:AnsiPrintStream,method,39-41:getOut,body_types,AnsiOutputStream,AnsiOutputStream,AnsiOutputStream,True,True,2026-05-13 16:55:25,
jansi.jansi.*,jansi.jansi.src.main.org.fusesource.jansi.AnsiPrintStream.json,28-96:AnsiPrintStream,method,43-45:getType,return_types,AnsiType,AnsiType,AnsiType,True,True,2026-05-13 16:55:25,
jansi.jansi.*,jansi.jansi.src.main.org.fusesource.jansi.AnsiPrintStream.json,28-96:AnsiPrintStream,method,47-49:getColors,return_types,AnsiColors,AnsiColors,AnsiColors,True,True,2026-05-13 16:55:25,
jansi.jansi.*,jansi.jansi.src.main.org.fusesource.jansi.AnsiPrintStream.json,28-96:AnsiPrintStream,method,51-53:getMode,return_types,AnsiMode,AnsiMode,AnsiMode,True,True,2026-05-13 16:55:25,
jansi.jansi.*,jansi.jansi.src.main.org.fusesource.jansi.AnsiPrintStream.json,28-96:AnsiPrintStream,method,55-57:setMode,return_types,void,void,Unit,True,True,2026-05-13 16:55:25,
jansi.jansi.*,jansi.jansi.src.main.org.fusesource.jansi.AnsiPrintStream.json,28-96:AnsiPrintStream,method,55-57:setMode,parameters,|AnsiMode|ansiMode,AnsiMode,AnsiMode,True,True,2026-05-13 16:55:25,
jansi.jansi.*,jansi.jansi.src.main.org.fusesource.jansi.AnsiPrintStream.json,28-96:AnsiPrintStream,method,59-61:isResetAtUninstall,return_types,boolean,boolean,Bool,True,True,2026-05-13 16:55:25,
jansi.jansi.*,jansi.jansi.src.main.org.fusesource.jansi.AnsiPrintStream.json,28-96:AnsiPrintStream,method,63-65:setResetAtUninstall,return_types,void,void,Unit,True,True,2026-05-13 16:55:25,
jansi.jansi.*,jansi.jansi.src.main.org.fusesource.jansi.AnsiPrintStream.json,28-96:AnsiPrintStream,method,63-65:setResetAtUninstall,parameters,|boolean|resetAtClose,boolean,Bool,True,True,2026-05-13 16:55:25,
jansi.jansi.*,jansi.jansi.src.main.org.fusesource.jansi.AnsiPrintStream.json,28-96:AnsiPrintStream,method,71-73:getTerminalWidth,return_types,int,int,Int64,True,True,2026-05-13 16:55:25,
jansi.jansi.*,jansi.jansi.src.main.org.fusesource.jansi.AnsiPrintStream.json,28-96:AnsiPrintStream,method,75-77:install,return_types,void,void,Unit,True,True,2026-05-13 16:55:25,
jansi.jansi.*,jansi.jansi.src.main.org.fusesource.jansi.AnsiPrintStream.json,28-96:AnsiPrintStream,method,79-85:uninstall,return_types,void,void,Unit,True,True,2026-05-13 16:55:25,
jansi.jansi.*,jansi.jansi.src.main.org.fusesource.jansi.AnsiPrintStream.json,28-96:AnsiPrintStream,method,79-85:uninstall,body_types,AnsiOutputStream,AnsiOutputStream,AnsiOutputStream,True,True,2026-05-13 16:55:25,
jansi.jansi.*,jansi.jansi.src.main.org.fusesource.jansi.AnsiPrintStream.json,28-96:AnsiPrintStream,method,87-95:toString,return_types,String,String,String,True,True,2026-05-13 16:55:25,
jansi.jansi.*,jansi.jansi.src.main.org.fusesource.jansi.AnsiRenderer.json,45-258:AnsiRenderer,field,47-47:BEGIN_TOKEN,types,String,String,String,True,True,2026-05-13 17:17:29,
jansi.jansi.*,jansi.jansi.src.main.org.fusesource.jansi.AnsiRenderer.json,45-258:AnsiRenderer,field,49-49:END_TOKEN,types,String,String,String,True,True,2026-05-13 17:17:29,
jansi.jansi.*,jansi.jansi.src.main.org.fusesource.jansi.AnsiRenderer.json,45-258:AnsiRenderer,field,51-51:CODE_TEXT_SEPARATOR,types,String,String,String,True,True,2026-05-13 17:17:29,
jansi.jansi.*,jansi.jansi.src.main.org.fusesource.jansi.AnsiRenderer.json,45-258:AnsiRenderer,field,53-53:CODE_LIST_SEPARATOR,types,String,String,String,True,True,2026-05-13 17:17:29,
jansi.jansi.*,jansi.jansi.src.main.org.fusesource.jansi.AnsiRenderer.json,45-258:AnsiRenderer,field,55-55:BEGIN_TOKEN_LEN,types,int,int,Int64,True,True,2026-05-13 17:17:29,
jansi.jansi.*,jansi.jansi.src.main.org.fusesource.jansi.AnsiRenderer.json,45-258:AnsiRenderer,field,57-57:END_TOKEN_LEN,types,int,int,Int64,True,True,2026-05-13 17:17:29,
jansi.jansi.*,jansi.jansi.src.main.org.fusesource.jansi.AnsiRenderer.json,45-258:AnsiRenderer,method,59-66:render,return_types,String,String,String,True,True,2026-05-13 17:17:29,
jansi.jansi.*,jansi.jansi.src.main.org.fusesource.jansi.AnsiRenderer.json,45-258:AnsiRenderer,method,59-66:render,body_types,StringBuilder,StringBuilder,StringBuilder,True,True,2026-05-14 13:33:03,
jansi.jansi.*,jansi.jansi.src.main.org.fusesource.jansi.AnsiRenderer.json,45-258:AnsiRenderer,method,59-66:render,body_types,IOException,IOException,IOException,True,True,2026-05-14 13:33:07,
jansi.jansi.*,jansi.jansi.src.main.org.fusesource.jansi.AnsiRenderer.json,45-258:AnsiRenderer,method,59-66:render,body_types,IllegalArgumentException,IllegalArgumentException,IllegalArgumentException,True,True,2026-05-14 13:33:09,
jansi.jansi.*,jansi.jansi.src.main.org.fusesource.jansi.AnsiRenderer.json,45-258:AnsiRenderer,method,59-66:render,parameters,final|String|input,String,String,True,True,2026-05-13 17:17:29,
jansi.jansi.*,jansi.jansi.src.main.org.fusesource.jansi.AnsiRenderer.json,45-258:AnsiRenderer,method,79-120:render,return_types,Appendable,Appendable,Any,True,True,2026-05-14 13:33:16,"Cangjie compilation error: [31merror[0m: expected type name after ':', found keyword 'interface'   [36m==>[0m /tmp/tmpif6lzl2d.cj:58:20:    [36m| [0m [36m58[0m [36m| [0m    let _test_val: interface Appendable {[0m    [36m| [0m                 [36m~[0m [31m^^^^^^^^^ expected type name here[0m    [36m| [0m                 [36m|[0m    [36m| [0m                 [36mafter ':'[0m    [36m| [0m  1 error generated, 1 error printed. "
jansi.jansi.*,jansi.jansi.src.main.org.fusesource.jansi.AnsiRenderer.json,45-258:AnsiRenderer,method,79-120:render,body_types,int,int,Int64,True,True,2026-05-13 17:18:04,
jansi.jansi.*,jansi.jansi.src.main.org.fusesource.jansi.AnsiRenderer.json,45-258:AnsiRenderer,method,79-120:render,body_types,IllegalArgumentException,IllegalArgumentException,IllegalArgumentException,True,True,2026-05-14 13:33:28,"Cangjie compilation error: [31merror[0m: expected type name after ':', found keyword 'class'   [36m==>[0m /tmp/tmpccqctfpf.cj:58:20:    [36m| [0m [36m58[0m [36m| [0m    let _test_val: class IllegalArgumentException <: Exception {[0m    [36m| [0m                 [36m~[0m [31m^^^^^ expected type name here[0m    [36m| [0m                 [36m|[0m    [36m| [0m                 [36mafter ':'[0m    [36m| [0m  1 error generated, 1 error printed. "
jansi.jansi.*,jansi.jansi.src.main.org.fusesource.jansi.AnsiRenderer.json,45-258:AnsiRenderer,method,79-120:render,body_types,String,String,String,True,True,2026-05-13 17:18:12,
jansi.jansi.*,jansi.jansi.src.main.org.fusesource.jansi.AnsiRenderer.json,45-258:AnsiRenderer,method,79-120:render,body_types,String[],String[],Array<String>,True,True,2026-05-14 13:33:28,
jansi.jansi.*,jansi.jansi.src.main.org.fusesource.jansi.AnsiRenderer.json,45-258:AnsiRenderer,method,79-120:render,parameters,final|String|input,String,String,True,True,2026-05-13 17:17:57,
jansi.jansi.*,jansi.jansi.src.main.org.fusesource.jansi.AnsiRenderer.json,45-258:AnsiRenderer,method,79-120:render,parameters,|Appendable|target,Appendable,Any,True,True,2026-05-14 13:33:23,"Cangjie compilation error: [31merror[0m: expected type name after ':', found keyword 'interface'   [36m==>[0m /tmp/tmph4pnhk2x.cj:58:20:    [36m| [0m [36m58[0m [36m| [0m    let _test_val: interface Appendable {[0m    [36m| [0m                 [36m~[0m [31m^^^^^^^^^ expected type name here[0m    [36m| [0m                 [36m|[0m    [36m| [0m                 [36mafter ':'[0m    [36m| [0m  1 error generated, 1 error printed. "
jansi.jansi.*,jansi.jansi.src.main.org.fusesource.jansi.AnsiRenderer.json,45-258:AnsiRenderer,method,122-124:render,return_types,String,String,String,True,True,2026-05-13 17:18:22,
jansi.jansi.*,jansi.jansi.src.main.org.fusesource.jansi.AnsiRenderer.json,45-258:AnsiRenderer,method,122-124:render,parameters,final|String|text,String,String,True,True,2026-05-13 17:18:22,
jansi.jansi.*,jansi.jansi.src.main.org.fusesource.jansi.AnsiRenderer.json,45-258:AnsiRenderer,method,131-133:renderCodes,return_types,String,String,String,True,True,2026-05-13 17:18:22,
jansi.jansi.*,jansi.jansi.src.main.org.fusesource.jansi.AnsiRenderer.json,45-258:AnsiRenderer,method,140-142:renderCodes,return_types,String,String,String,True,True,2026-05-13 17:18:22,
jansi.jansi.*,jansi.jansi.src.main.org.fusesource.jansi.AnsiRenderer.json,45-258:AnsiRenderer,method,140-142:renderCodes,parameters,final|String|codes,String,String,True,True,2026-05-13 17:18:22,
jansi.jansi.*,jansi.jansi.src.main.org.fusesource.jansi.AnsiRenderer.json,45-258:AnsiRenderer,method,144-158:render,return_types,Ansi,Ansi,Ansi,True,True,2026-05-13 17:18:22,
jansi.jansi.*,jansi.jansi.src.main.org.fusesource.jansi.AnsiRenderer.json,45-258:AnsiRenderer,method,144-158:render,body_types,String,String,String,True,True,2026-05-13 17:18:22,
jansi.jansi.*,jansi.jansi.src.main.org.fusesource.jansi.AnsiRenderer.json,45-258:AnsiRenderer,method,144-158:render,body_types,Code,Code,Code,True,True,2026-05-13 17:18:22,
jansi.jansi.*,jansi.jansi.src.main.org.fusesource.jansi.AnsiRenderer.json,45-258:AnsiRenderer,method,144-158:render,parameters,|Ansi|ansi,Ansi,Ansi,True,True,2026-05-13 17:18:22,
jansi.jansi.*,jansi.jansi.src.main.org.fusesource.jansi.AnsiRenderer.json,45-258:AnsiRenderer,method,160-162:test,return_types,boolean,boolean,Bool,True,True,2026-05-13 17:18:22,
jansi.jansi.*,jansi.jansi.src.main.org.fusesource.jansi.AnsiRenderer.json,45-258:AnsiRenderer,method,160-162:test,parameters,final|String|text,String,String,True,True,2026-05-13 17:18:22,
jansi.jansi.*,jansi.jansi.src.main.org.fusesource.jansi.AnsiRenderer.json,164-255:Code,field,223-223:n,types,Enum<?>,Enum<?>,Any,True,True,2026-05-14 13:33:35,"Cangjie compilation error: [31merror[0m: expected declaration, found 'from'  [36m==>[0m /tmp/tmpnxejs7lx.cj:3:1:   [36m| [0m [36m3[0m [36m| [0mfrom std.types import Enum[0m   [36m| [0m[31m^^^^ expected declaration here[0m   [36m| [0m   [36m#[0m [0mnote[0m: only declarations or macro expressions can be used in the top-level  1 error generated, 1 error printed. "
jansi.jansi.*,jansi.jansi.src.main.org.fusesource.jansi.AnsiRenderer.json,164-255:Code,field,225-225:background,types,boolean,boolean,Bool,True,True,2026-05-13 17:18:29,
jansi.jansi.*,jansi.jansi.src.main.org.fusesource.jansi.AnsiRenderer.json,164-255:Code,method,227-230:Code,parameters,final|Enum<?>|n,Enum<?>,Any,True,True,2026-05-14 13:33:40,"Cangjie compilation error: [31merror[0m: expected declaration, found 'from'  [36m==>[0m /tmp/tmp4uqmnv32.cj:3:1:   [36m| [0m [36m3[0m [36m| [0mfrom std.types import Enum[0m   [36m| [0m[31m^^^^ expected declaration here[0m   [36m| [0m   [36m#[0m [0mnote[0m: only declarations or macro expressions can be used in the top-level  1 error generated, 1 error printed. "
jansi.jansi.*,jansi.jansi.src.main.org.fusesource.jansi.AnsiRenderer.json,164-255:Code,method,227-230:Code,parameters,|boolean|background,boolean,Bool,True,True,2026-05-13 17:18:36,
jansi.jansi.*,jansi.jansi.src.main.org.fusesource.jansi.AnsiRenderer.json,164-255:Code,method,232-234:Code,parameters,final|Enum<?>|n,Enum<?>,Any,True,True,2026-05-14 13:33:45,"Cangjie compilation error: [31merror[0m: expected declaration, found 'from'  [36m==>[0m /tmp/tmp1hazpm36.cj:3:1:   [36m| [0m [36m3[0m [36m| [0mfrom std.types import Enum[0m   [36m| [0m[31m^^^^ expected declaration here[0m   [36m| [0m   [36m#[0m [0mnote[0m: only declarations or macro expressions can be used in the top-level  1 error generated, 1 error printed. "
jansi.jansi.*,jansi.jansi.src.main.org.fusesource.jansi.AnsiRenderer.json,164-255:Code,method,236-238:isColor,return_types,boolean,boolean,Bool,True,True,2026-05-13 17:18:42,
jansi.jansi.*,jansi.jansi.src.main.org.fusesource.jansi.AnsiRenderer.json,164-255:Code,method,236-238:isColor,body_types,Ansi.Color,Ansi.Color,Ansi.Color,True,True,2026-05-13 17:18:42,
jansi.jansi.*,jansi.jansi.src.main.org.fusesource.jansi.AnsiRenderer.json,164-255:Code,method,236-238:isColor,body_types,Ansi,Ansi,Ansi,True,True,2026-05-13 17:18:42,
jansi.jansi.*,jansi.jansi.src.main.org.fusesource.jansi.AnsiRenderer.json,164-255:Code,method,236-238:isColor,body_types,Color,Color,Color,True,True,2026-05-13 17:18:42,
jansi.jansi.*,jansi.jansi.src.main.org.fusesource.jansi.AnsiRenderer.json,164-255:Code,method,240-242:getColor,return_types,Ansi.Color,Ansi.Color,Ansi.Color,True,True,2026-05-13 17:18:42,
jansi.jansi.*,jansi.jansi.src.main.org.fusesource.jansi.AnsiRenderer.json,164-255:Code,method,240-242:getColor,body_types,Ansi.Color,Ansi.Color,Ansi.Color,True,True,2026-05-13 17:18:42,
jansi.jansi.*,jansi.jansi.src.main.org.fusesource.jansi.AnsiRenderer.json,164-255:Code,method,240-242:getColor,body_types,Ansi,Ansi,Ansi,True,True,2026-05-13 17:18:42,
jansi.jansi.*,jansi.jansi.src.main.org.fusesource.jansi.AnsiRenderer.json,164-255:Code,method,240-242:getColor,body_types,Color,Color,Color,True,True,2026-05-13 17:18:42,
jansi.jansi.*,jansi.jansi.src.main.org.fusesource.jansi.AnsiRenderer.json,164-255:Code,method,244-246:isAttribute,return_types,boolean,boolean,Bool,True,True,2026-05-13 17:18:42,
jansi.jansi.*,jansi.jansi.src.main.org.fusesource.jansi.AnsiRenderer.json,164-255:Code,method,244-246:isAttribute,body_types,Attribute,Attribute,Attribute,True,True,2026-05-13 17:18:42,
jansi.jansi.*,jansi.jansi.src.main.org.fusesource.jansi.AnsiRenderer.json,164-255:Code,method,248-250:getAttribute,return_types,Attribute,Attribute,Attribute,True,True,2026-05-13 17:18:42,
jansi.jansi.*,jansi.jansi.src.main.org.fusesource.jansi.AnsiRenderer.json,164-255:Code,method,248-250:getAttribute,body_types,Attribute,Attribute,Attribute,True,True,2026-05-13 17:18:42,
jansi.jansi.*,jansi.jansi.src.main.org.fusesource.jansi.AnsiRenderer.json,164-255:Code,method,252-254:isBackground,return_types,boolean,boolean,Bool,True,True,2026-05-13 17:18:42,
jansi.jansi.*,jansi.jansi.src.main.org.fusesource.jansi.AnsiType.json,23-39:AnsiType,field,30-30:description,types,String,String,String,True,True,2026-05-13 17:20:39,
jansi.jansi.*,jansi.jansi.src.main.org.fusesource.jansi.AnsiType.json,23-39:AnsiType,method,32-34:AnsiType,parameters,|String|description,String,String,True,True,2026-05-13 17:20:39,
jansi.jansi.*,jansi.jansi.src.main.org.fusesource.jansi.AnsiType.json,23-39:AnsiType,method,36-38:getDescription,return_types,String,String,String,True,True,2026-05-13 17:20:39,
jansi.jansi.*,jansi.jansi.src.main.org.fusesource.jansi.WindowsSupport.json,23-35:WindowsSupport,method,26-29:getLastErrorMessage,return_types,String,String,String,True,True,2026-05-13 17:04:03,
jansi.jansi.*,jansi.jansi.src.main.org.fusesource.jansi.WindowsSupport.json,23-35:WindowsSupport,method,31-34:getErrorMessage,return_types,String,String,String,True,True,2026-05-13 17:04:03,
jansi.jansi.*,jansi.jansi.src.main.org.fusesource.jansi.WindowsSupport.json,23-35:WindowsSupport,method,31-34:getErrorMessage,parameters,|int|errorCode,int,Int64,True,True,2026-05-13 17:04:03,
jansi.jansi.*,jansi.jansi.src.main.org.fusesource.jansi.internal.CLibrary.json,25-161:CLibrary,field,32-32:LOADED,types,boolean,boolean,Bool,True,True,2026-05-13 17:03:23,
jansi.jansi.*,jansi.jansi.src.main.org.fusesource.jansi.internal.CLibrary.json,25-161:CLibrary,field,47-47:STDOUT_FILENO,types,int,int,Int64,True,True,2026-05-13 17:03:23,
jansi.jansi.*,jansi.jansi.src.main.org.fusesource.jansi.internal.CLibrary.json,25-161:CLibrary,field,49-49:STDERR_FILENO,types,int,int,Int64,True,True,2026-05-13 17:03:23,
jansi.jansi.*,jansi.jansi.src.main.org.fusesource.jansi.internal.CLibrary.json,25-161:CLibrary,field,51-51:HAVE_ISATTY,types,boolean,boolean,Bool,True,True,2026-05-13 17:03:23,
jansi.jansi.*,jansi.jansi.src.main.org.fusesource.jansi.internal.CLibrary.json,25-161:CLibrary,field,53-53:HAVE_TTYNAME,types,boolean,boolean,Bool,True,True,2026-05-13 17:03:23,
jansi.jansi.*,jansi.jansi.src.main.org.fusesource.jansi.internal.CLibrary.json,25-161:CLibrary,field,55-55:TCSANOW,types,int,int,Int64,True,True,2026-05-13 17:03:23,
jansi.jansi.*,jansi.jansi.src.main.org.fusesource.jansi.internal.CLibrary.json,25-161:CLibrary,field,56-56:TCSADRAIN,types,int,int,Int64,True,True,2026-05-13 17:03:23,
jansi.jansi.*,jansi.jansi.src.main.org.fusesource.jansi.internal.CLibrary.json,25-161:CLibrary,field,57-57:TCSAFLUSH,types,int,int,Int64,True,True,2026-05-13 17:03:23,
jansi.jansi.*,jansi.jansi.src.main.org.fusesource.jansi.internal.CLibrary.json,25-161:CLibrary,field,58-58:TIOCGETA,types,long,long,Int64,True,True,2026-05-13 17:03:23,
jansi.jansi.*,jansi.jansi.src.main.org.fusesource.jansi.internal.CLibrary.json,25-161:CLibrary,field,59-59:TIOCSETA,types,long,long,Int64,True,True,2026-05-13 17:03:23,
jansi.jansi.*,jansi.jansi.src.main.org.fusesource.jansi.internal.CLibrary.json,25-161:CLibrary,field,60-60:TIOCGETD,types,long,long,Int64,True,True,2026-05-13 17:03:23,
jansi.jansi.*,jansi.jansi.src.main.org.fusesource.jansi.internal.CLibrary.json,25-161:CLibrary,field,61-61:TIOCSETD,types,long,long,Int64,True,True,2026-05-13 17:03:23,
jansi.jansi.*,jansi.jansi.src.main.org.fusesource.jansi.internal.CLibrary.json,25-161:CLibrary,field,62-62:TIOCGWINSZ,types,long,long,Int64,True,True,2026-05-13 17:03:23,
jansi.jansi.*,jansi.jansi.src.main.org.fusesource.jansi.internal.CLibrary.json,25-161:CLibrary,field,63-63:TIOCSWINSZ,types,long,long,Int64,True,True,2026-05-13 17:03:23,
jansi.jansi.*,jansi.jansi.src.main.org.fusesource.jansi.internal.CLibrary.json,25-161:CLibrary,method,41-41:init_,return_types,void,void,Unit,True,True,2026-05-13 17:03:23,
jansi.jansi.*,jansi.jansi.src.main.org.fusesource.jansi.internal.CLibrary.json,25-161:CLibrary,method,75-75:isatty,return_types,int,int,Int64,True,True,2026-05-13 17:03:23,
jansi.jansi.*,jansi.jansi.src.main.org.fusesource.jansi.internal.CLibrary.json,25-161:CLibrary,method,75-75:isatty,parameters,|int|fd,int,Int64,True,True,2026-05-13 17:03:23,
jansi.jansi.*,jansi.jansi.src.main.org.fusesource.jansi.internal.CLibrary.json,25-161:CLibrary,method,77-77:ttyname,return_types,String,String,String,True,True,2026-05-13 17:03:23,
jansi.jansi.*,jansi.jansi.src.main.org.fusesource.jansi.internal.CLibrary.json,25-161:CLibrary,method,77-77:ttyname,parameters,|int|filedes,int,Int64,True,True,2026-05-13 17:03:23,
jansi.jansi.*,jansi.jansi.src.main.org.fusesource.jansi.internal.CLibrary.json,25-161:CLibrary,method,91-92:openpty,return_types,int,int,Int64,True,True,2026-05-13 17:03:23,
jansi.jansi.*,jansi.jansi.src.main.org.fusesource.jansi.internal.CLibrary.json,25-161:CLibrary,method,91-92:openpty,parameters,|int[]|amaster,int[],Array<Int64>,True,True,2026-05-14 13:26:59,
jansi.jansi.*,jansi.jansi.src.main.org.fusesource.jansi.internal.CLibrary.json,25-161:CLibrary,method,91-92:openpty,parameters,|int[]|aslave,int[],Array<Int64>,True,True,2026-05-14 13:27:01,
jansi.jansi.*,jansi.jansi.src.main.org.fusesource.jansi.internal.CLibrary.json,25-161:CLibrary,method,91-92:openpty,parameters,|byte[]|name,byte[],Array<Byte>,True,True,2026-05-14 13:27:04,
jansi.jansi.*,jansi.jansi.src.main.org.fusesource.jansi.internal.CLibrary.json,25-161:CLibrary,method,91-92:openpty,parameters,|CLibrary_Termios|termios,CLibrary_Termios,CLibrary_Termios,True,True,2026-05-13 17:03:48,
jansi.jansi.*,jansi.jansi.src.main.org.fusesource.jansi.internal.CLibrary.json,25-161:CLibrary,method,91-92:openpty,parameters,|CLibrary_WinSize|winsize,CLibrary_WinSize,CLibrary_WinSize,True,True,2026-05-13 17:03:48,
jansi.jansi.*,jansi.jansi.src.main.org.fusesource.jansi.internal.CLibrary.json,25-161:CLibrary,method,94-94:tcgetattr,return_types,int,int,Int64,True,True,2026-05-13 17:03:48,
jansi.jansi.*,jansi.jansi.src.main.org.fusesource.jansi.internal.CLibrary.json,25-161:CLibrary,method,94-94:tcgetattr,parameters,|int|filedes,int,Int64,True,True,2026-05-13 17:03:48,
jansi.jansi.*,jansi.jansi.src.main.org.fusesource.jansi.internal.CLibrary.json,25-161:CLibrary,method,94-94:tcgetattr,parameters,|CLibrary_Termios|termios,CLibrary_Termios,CLibrary_Termios,True,True,2026-05-13 17:03:48,
jansi.jansi.*,jansi.jansi.src.main.org.fusesource.jansi.internal.CLibrary.json,25-161:CLibrary,method,96-96:tcsetattr,return_types,int,int,Int64,True,True,2026-05-13 17:03:48,
jansi.jansi.*,jansi.jansi.src.main.org.fusesource.jansi.internal.CLibrary.json,25-161:CLibrary,method,96-96:tcsetattr,parameters,|int|filedes,int,Int64,True,True,2026-05-13 17:03:48,
jansi.jansi.*,jansi.jansi.src.main.org.fusesource.jansi.internal.CLibrary.json,25-161:CLibrary,method,96-96:tcsetattr,parameters,|int|optional_actions,int,Int64,True,True,2026-05-13 17:03:48,
jansi.jansi.*,jansi.jansi.src.main.org.fusesource.jansi.internal.CLibrary.json,25-161:CLibrary,method,96-96:tcsetattr,parameters,|CLibrary_Termios|termios,CLibrary_Termios,CLibrary_Termios,True,True,2026-05-13 17:03:48,
jansi.jansi.*,jansi.jansi.src.main.org.fusesource.jansi.internal.CLibrary.json,25-161:CLibrary,method,103-103:ioctl,return_types,int,int,Int64,True,True,2026-05-13 17:03:48,
jansi.jansi.*,jansi.jansi.src.main.org.fusesource.jansi.internal.CLibrary.json,25-161:CLibrary,method,103-103:ioctl,parameters,|int|filedes,int,Int64,True,True,2026-05-13 17:03:48,
jansi.jansi.*,jansi.jansi.src.main.org.fusesource.jansi.internal.CLibrary.json,25-161:CLibrary,method,103-103:ioctl,parameters,|long|request,long,Int64,True,True,2026-05-13 17:03:48,
jansi.jansi.*,jansi.jansi.src.main.org.fusesource.jansi.internal.CLibrary.json,25-161:CLibrary,method,103-103:ioctl,parameters,|int[]|params,int[],Array<Int64>,True,True,2026-05-14 13:27:05,
jansi.jansi.*,jansi.jansi.src.main.org.fusesource.jansi.internal.CLibrary.json,25-161:CLibrary,method,105-105:ioctl,return_types,int,int,Int64,True,True,2026-05-13 17:03:55,
jansi.jansi.*,jansi.jansi.src.main.org.fusesource.jansi.internal.CLibrary.json,25-161:CLibrary,method,105-105:ioctl,parameters,|int|filedes,int,Int64,True,True,2026-05-13 17:03:55,
jansi.jansi.*,jansi.jansi.src.main.org.fusesource.jansi.internal.CLibrary.json,25-161:CLibrary,method,105-105:ioctl,parameters,|long|request,long,Int64,True,True,2026-05-13 17:03:55,
jansi.jansi.*,jansi.jansi.src.main.org.fusesource.jansi.internal.CLibrary.json,25-161:CLibrary,method,105-105:ioctl,parameters,|CLibrary_WinSize|params,CLibrary_WinSize,CLibrary_WinSize,True,True,2026-05-13 17:03:55,
jansi.jansi.*,jansi.jansi.src.main.org.fusesource.jansi.internal.CLibrary.json,112-134:CLibrary_WinSize,field,121-121:SIZEOF,types,int,int,Int64,True,True,2026-05-13 17:03:55,
jansi.jansi.*,jansi.jansi.src.main.org.fusesource.jansi.internal.CLibrary.json,112-134:CLibrary_WinSize,field,123-123:ws_row,types,short,short,Int16,True,True,2026-05-13 17:03:55,
jansi.jansi.*,jansi.jansi.src.main.org.fusesource.jansi.internal.CLibrary.json,112-134:CLibrary_WinSize,field,124-124:ws_col,types,short,short,Int16,True,True,2026-05-13 17:03:55,
jansi.jansi.*,jansi.jansi.src.main.org.fusesource.jansi.internal.CLibrary.json,112-134:CLibrary_WinSize,field,125-125:ws_xpixel,types,short,short,Int16,True,True,2026-05-13 17:03:55,
jansi.jansi.*,jansi.jansi.src.main.org.fusesource.jansi.internal.CLibrary.json,112-134:CLibrary_WinSize,field,126-126:ws_ypixel,types,short,short,Int16,True,True,2026-05-13 17:03:55,
jansi.jansi.*,jansi.jansi.src.main.org.fusesource.jansi.internal.CLibrary.json,112-134:CLibrary_WinSize,method,119-119:init_,return_types,void,void,Unit,True,True,2026-05-13 17:03:55,
jansi.jansi.*,jansi.jansi.src.main.org.fusesource.jansi.internal.CLibrary.json,112-134:CLibrary_WinSize,method,130-133:CLibrary_WinSize,parameters,|short|ws_row,short,Int16,True,True,2026-05-13 17:03:55,
jansi.jansi.*,jansi.jansi.src.main.org.fusesource.jansi.internal.CLibrary.json,112-134:CLibrary_WinSize,method,130-133:CLibrary_WinSize,parameters,|short|ws_col,short,Int16,True,True,2026-05-13 17:03:55,
jansi.jansi.*,jansi.jansi.src.main.org.fusesource.jansi.internal.CLibrary.json,142-160:CLibrary_Termios,field,151-151:SIZEOF,types,int,int,Int64,True,True,2026-05-13 17:03:55,
jansi.jansi.*,jansi.jansi.src.main.org.fusesource.jansi.internal.CLibrary.json,142-160:CLibrary_Termios,field,153-153:c_iflag,types,long,long,Int64,True,True,2026-05-13 17:03:55,
jansi.jansi.*,jansi.jansi.src.main.org.fusesource.jansi.internal.CLibrary.json,142-160:CLibrary_Termios,field,154-154:c_oflag,types,long,long,Int64,True,True,2026-05-13 17:03:55,
jansi.jansi.*,jansi.jansi.src.main.org.fusesource.jansi.internal.CLibrary.json,142-160:CLibrary_Termios,field,155-155:c_cflag,types,long,long,Int64,True,True,2026-05-13 17:03:55,
jansi.jansi.*,jansi.jansi.src.main.org.fusesource.jansi.internal.CLibrary.json,142-160:CLibrary_Termios,field,156-156:c_lflag,types,long,long,Int64,True,True,2026-05-13 17:03:55,
jansi.jansi.*,jansi.jansi.src.main.org.fusesource.jansi.internal.CLibrary.json,142-160:CLibrary_Termios,field,157-157:c_cc,types,byte[],byte[],Array<Byte>,True,True,2026-05-14 13:27:07,
jansi.jansi.*,jansi.jansi.src.main.org.fusesource.jansi.internal.CLibrary.json,142-160:CLibrary_Termios,field,158-158:c_ispeed,types,long,long,Int64,True,True,2026-05-13 17:04:03,
jansi.jansi.*,jansi.jansi.src.main.org.fusesource.jansi.internal.CLibrary.json,142-160:CLibrary_Termios,field,159-159:c_ospeed,types,long,long,Int64,True,True,2026-05-13 17:04:03,
jansi.jansi.*,jansi.jansi.src.main.org.fusesource.jansi.internal.CLibrary.json,142-160:CLibrary_Termios,method,149-149:init_,return_types,void,void,Unit,True,True,2026-05-13 17:04:03,
jansi.jansi.*,jansi.jansi.src.main.org.fusesource.jansi.internal.JansiLoader.json,61-395:JansiLoader,field,63-63:loaded,types,boolean,boolean,Bool,True,True,2026-05-13 16:45:34,
jansi.jansi.*,jansi.jansi.src.main.org.fusesource.jansi.internal.JansiLoader.json,61-395:JansiLoader,field,64-64:nativeLibraryPath,types,String,String,String,True,True,2026-05-13 16:45:34,
jansi.jansi.*,jansi.jansi.src.main.org.fusesource.jansi.internal.JansiLoader.json,61-395:JansiLoader,field,65-65:nativeLibrarySourceUrl,types,String,String,String,True,True,2026-05-13 16:45:34,
jansi.jansi.*,jansi.jansi.src.main.org.fusesource.jansi.internal.JansiLoader.json,61-395:JansiLoader,method,73-91:initialize,return_types,boolean,boolean,Bool,True,True,2026-05-13 16:45:34,
jansi.jansi.*,jansi.jansi.src.main.org.fusesource.jansi.internal.JansiLoader.json,61-395:JansiLoader,method,73-91:initialize,body_types,Thread,Thread,Thread,True,True,2026-05-14 13:19:59,
jansi.jansi.*,jansi.jansi.src.main.org.fusesource.jansi.internal.JansiLoader.json,61-395:JansiLoader,method,73-91:initialize,body_types,Exception,Exception,Exception,True,True,2026-05-14 13:20:01,
jansi.jansi.*,jansi.jansi.src.main.org.fusesource.jansi.internal.JansiLoader.json,61-395:JansiLoader,method,73-91:initialize,body_types,RuntimeException,RuntimeException,Exception,True,True,2026-05-14 13:20:03,
jansi.jansi.*,jansi.jansi.src.main.org.fusesource.jansi.internal.JansiLoader.json,61-395:JansiLoader,method,93-95:getNativeLibraryPath,return_types,String,String,String,True,True,2026-05-13 16:46:02,
jansi.jansi.*,jansi.jansi.src.main.org.fusesource.jansi.internal.JansiLoader.json,61-395:JansiLoader,method,97-99:getNativeLibrarySourceUrl,return_types,String,String,String,True,True,2026-05-13 16:46:02,
jansi.jansi.*,jansi.jansi.src.main.org.fusesource.jansi.internal.JansiLoader.json,61-395:JansiLoader,method,101-103:getTempDir,return_types,File,File,Any,True,True,2026-05-14 13:20:05,
jansi.jansi.*,jansi.jansi.src.main.org.fusesource.jansi.internal.JansiLoader.json,61-395:JansiLoader,method,101-103:getTempDir,body_types,File,File,Any,True,True,2026-05-14 13:20:07,
jansi.jansi.*,jansi.jansi.src.main.org.fusesource.jansi.internal.JansiLoader.json,61-395:JansiLoader,method,109-132:cleanup,return_types,void,void,Unit,True,True,2026-05-13 16:46:18,
jansi.jansi.*,jansi.jansi.src.main.org.fusesource.jansi.internal.JansiLoader.json,61-395:JansiLoader,method,109-132:cleanup,body_types,String,String,String,True,True,2026-05-13 16:46:18,
jansi.jansi.*,jansi.jansi.src.main.org.fusesource.jansi.internal.JansiLoader.json,61-395:JansiLoader,method,109-132:cleanup,body_types,File,File,Any,True,True,2026-05-14 13:20:14,"Cangjie compilation error: [31merror[0m: expected declaration, found 'from'  [36m==>[0m /tmp/tmp73z2ggfv.cj:3:1:   [36m| [0m [36m3[0m [36m| [0mfrom std.file import File[0m   [36m| [0m[31m^^^^ expected declaration here[0m   [36m| [0m   [36m#[0m [0mnote[0m: only declarations or macro expressions can be used in the top-level  1 error generated, 1 error printed. "
jansi.jansi.*,jansi.jansi.src.main.org.fusesource.jansi.internal.JansiLoader.json,61-395:JansiLoader,method,109-132:cleanup,body_types,File[],File[],Array<Any>,True,True,2026-05-14 13:20:17,
jansi.jansi.*,jansi.jansi.src.main.org.fusesource.jansi.internal.JansiLoader.json,61-395:JansiLoader,method,109-132:cleanup,body_types,FilenameFilter,FilenameFilter,Any,True,True,2026-05-14 13:20:23,"Cangjie compilation error: [31merror[0m: expected type name after ':', found keyword 'interface'   [36m==>[0m /tmp/tmpovi37461.cj:58:20:    [36m| [0m [36m58[0m [36m| [0m    let _test_val: interface FilenameFilter {[0m    [36m| [0m                 [36m~[0m [31m^^^^^^^^^ expected type name here[0m    [36m| [0m                 [36m|[0m    [36m| [0m                 [36mafter ':'[0m    [36m| [0m  1 error generated, 1 error printed. "
jansi.jansi.*,jansi.jansi.src.main.org.fusesource.jansi.internal.JansiLoader.json,61-395:JansiLoader,method,109-132:cleanup,body_types,boolean,boolean,Bool,True,True,2026-05-13 16:46:39,
jansi.jansi.*,jansi.jansi.src.main.org.fusesource.jansi.internal.JansiLoader.json,61-395:JansiLoader,method,109-132:cleanup,body_types,SecurityException,SecurityException,Any,True,True,2026-05-14 13:20:27,"Cangjie compilation error: [31merror[0m: expected declaration, found 'from'  [36m==>[0m /tmp/tmpzycc3i04.cj:3:1:   [36m| [0m [36m3[0m [36m| [0mfrom std.security import SecurityException[0m   [36m| [0m[31m^^^^ expected declaration here[0m   [36m| [0m   [36m#[0m [0mnote[0m: only declarations or macro expressions can be used in the top-level  1 error generated, 1 error printed. "
jansi.jansi.*,jansi.jansi.src.main.org.fusesource.jansi.internal.JansiLoader.json,61-395:JansiLoader,method,134-143:readNBytes,return_types,int,int,Int64,True,True,2026-05-13 16:46:45,
jansi.jansi.*,jansi.jansi.src.main.org.fusesource.jansi.internal.JansiLoader.json,61-395:JansiLoader,method,134-143:readNBytes,body_types,int,int,Int64,True,True,2026-05-13 16:46:50,
jansi.jansi.*,jansi.jansi.src.main.org.fusesource.jansi.internal.JansiLoader.json,61-395:JansiLoader,method,134-143:readNBytes,parameters,|InputStream|in__,InputStream,InputStream,True,True,2026-05-13 16:46:45,
jansi.jansi.*,jansi.jansi.src.main.org.fusesource.jansi.internal.JansiLoader.json,61-395:JansiLoader,method,134-143:readNBytes,parameters,|byte[]|b,byte[],Array<Byte>,True,True,2026-05-14 13:20:27,
jansi.jansi.*,jansi.jansi.src.main.org.fusesource.jansi.internal.JansiLoader.json,61-395:JansiLoader,method,145-174:contentsEquals,return_types,String,String,String,True,True,2026-05-13 16:46:50,
jansi.jansi.*,jansi.jansi.src.main.org.fusesource.jansi.internal.JansiLoader.json,61-395:JansiLoader,method,145-174:contentsEquals,body_types,byte[],byte[],Array<Byte>,True,True,2026-05-14 13:20:29,
jansi.jansi.*,jansi.jansi.src.main.org.fusesource.jansi.internal.JansiLoader.json,61-395:JansiLoader,method,145-174:contentsEquals,body_types,byte,byte,Int8,True,True,2026-05-13 16:46:59,
jansi.jansi.*,jansi.jansi.src.main.org.fusesource.jansi.internal.JansiLoader.json,61-395:JansiLoader,method,145-174:contentsEquals,body_types,int,int,Int64,True,True,2026-05-13 16:46:59,
jansi.jansi.*,jansi.jansi.src.main.org.fusesource.jansi.internal.JansiLoader.json,61-395:JansiLoader,method,145-174:contentsEquals,parameters,|InputStream|in1,InputStream,InputStream,True,True,2026-05-13 16:46:50,
jansi.jansi.*,jansi.jansi.src.main.org.fusesource.jansi.internal.JansiLoader.json,61-395:JansiLoader,method,145-174:contentsEquals,parameters,|InputStream|in2,InputStream,InputStream,True,True,2026-05-13 16:46:50,
jansi.jansi.*,jansi.jansi.src.main.org.fusesource.jansi.internal.JansiLoader.json,61-395:JansiLoader,method,184-235:extractAndLoadLibraryFile,return_types,boolean,boolean,Bool,True,True,2026-05-13 16:46:59,
jansi.jansi.*,jansi.jansi.src.main.org.fusesource.jansi.internal.JansiLoader.json,61-395:JansiLoader,method,184-235:extractAndLoadLibraryFile,body_types,String,String,String,True,True,2026-05-13 16:46:59,
jansi.jansi.*,jansi.jansi.src.main.org.fusesource.jansi.internal.JansiLoader.json,61-395:JansiLoader,method,184-235:extractAndLoadLibraryFile,body_types,File,File,Any,True,True,2026-05-14 13:20:36,"Cangjie compilation error: [31merror[0m: expected declaration, found 'from'  [36m==>[0m /tmp/tmp8vvf8l2n.cj:3:1:   [36m| [0m [36m3[0m [36m| [0mfrom std.fs import File[0m   [36m| [0m[31m^^^^ expected declaration here[0m   [36m| [0m   [36m#[0m [0mnote[0m: only declarations or macro expressions can be used in the top-level  1 error generated, 1 error printed. "
jansi.jansi.*,jansi.jansi.src.main.org.fusesource.jansi.internal.JansiLoader.json,61-395:JansiLoader,method,184-235:extractAndLoadLibraryFile,body_types,InputStream,InputStream,InputStream,True,True,2026-05-13 16:47:06,
jansi.jansi.*,jansi.jansi.src.main.org.fusesource.jansi.internal.JansiLoader.json,61-395:JansiLoader,method,184-235:extractAndLoadLibraryFile,body_types,JansiLoader,JansiLoader,JansiLoader,True,True,2026-05-13 16:47:06,
jansi.jansi.*,jansi.jansi.src.main.org.fusesource.jansi.internal.JansiLoader.json,61-395:JansiLoader,method,184-235:extractAndLoadLibraryFile,body_types,FileOutputStream,FileOutputStream,Any,True,True,2026-05-14 13:20:42,"Cangjie compilation error: [31merror[0m: expected declaration, found 'from'  [36m==>[0m /tmp/tmpiokhwfbm.cj:3:1:   [36m| [0m [36m3[0m [36m| [0mfrom std.io import FileOutputStream[0m   [36m| [0m[31m^^^^ expected declaration here[0m   [36m| [0m   [36m#[0m [0mnote[0m: only declarations or macro expressions can be used in the top-level  1 error generated, 1 error printed. "
jansi.jansi.*,jansi.jansi.src.main.org.fusesource.jansi.internal.JansiLoader.json,61-395:JansiLoader,method,184-235:extractAndLoadLibraryFile,body_types,FileInputStream,FileInputStream,Any,True,True,2026-05-14 13:20:47,"Cangjie compilation error: [31merror[0m: expected declaration, found 'from'  [36m==>[0m /tmp/tmp2ym6g3ce.cj:3:1:   [36m| [0m [36m3[0m [36m| [0mfrom std.fs import File[0m   [36m| [0m[31m^^^^ expected declaration here[0m   [36m| [0m   [36m#[0m [0mnote[0m: only declarations or macro expressions can be used in the top-level  1 error generated, 1 error printed. "
jansi.jansi.*,jansi.jansi.src.main.org.fusesource.jansi.internal.JansiLoader.json,61-395:JansiLoader,method,184-235:extractAndLoadLibraryFile,body_types,RuntimeException,RuntimeException,Exception,True,True,2026-05-14 13:20:47,
jansi.jansi.*,jansi.jansi.src.main.org.fusesource.jansi.internal.JansiLoader.json,61-395:JansiLoader,method,184-235:extractAndLoadLibraryFile,body_types,IOException,IOException,IOException,True,True,2026-05-14 13:20:55,"Cangjie compilation error: [31merror[0m: expected ';' or '<NL>', found keyword 'class'   [36m==>[0m /tmp/tmppgujuu7u.cj:58:27:    [36m| [0m [36m58[0m [36m| [0m    let _test_val: public class IOException <: Exception {[0m    [36m| [0m                          [31m^^^^^ expected ';' or '<NL>' here[0m    [36m| [0m  [31merror[0m: body of constructor is missing   [36m==>[0m /tmp/tmppgujuu7u.cj:59:33:    [36m| [0m [36m59[0m [36m| [0m    public init(message: String)[0m    ["
jansi.jansi.*,jansi.jansi.src.main.org.fusesource.jansi.internal.JansiLoader.json,61-395:JansiLoader,method,184-235:extractAndLoadLibraryFile,parameters,|String|libFolderForCurrentOS,String,String,True,True,2026-05-13 16:46:59,
jansi.jansi.*,jansi.jansi.src.main.org.fusesource.jansi.internal.JansiLoader.json,61-395:JansiLoader,method,184-235:extractAndLoadLibraryFile,parameters,|String|libraryFileName,String,String,True,True,2026-05-13 16:46:59,
jansi.jansi.*,jansi.jansi.src.main.org.fusesource.jansi.internal.JansiLoader.json,61-395:JansiLoader,method,184-235:extractAndLoadLibraryFile,parameters,|String|targetFolder,String,String,True,True,2026-05-13 16:46:59,
jansi.jansi.*,jansi.jansi.src.main.org.fusesource.jansi.internal.JansiLoader.json,61-395:JansiLoader,method,237-239:randomUUID,return_types,String,String,String,True,True,2026-05-13 16:47:44,
jansi.jansi.*,jansi.jansi.src.main.org.fusesource.jansi.internal.JansiLoader.json,61-395:JansiLoader,method,237-239:randomUUID,body_types,Random,Random,Random,True,True,2026-05-14 13:20:55,
jansi.jansi.*,jansi.jansi.src.main.org.fusesource.jansi.internal.JansiLoader.json,61-395:JansiLoader,method,247-276:loadNativeLibrary,return_types,boolean,boolean,Bool,True,True,2026-05-13 16:47:51,
jansi.jansi.*,jansi.jansi.src.main.org.fusesource.jansi.internal.JansiLoader.json,61-395:JansiLoader,method,247-276:loadNativeLibrary,body_types,String,String,String,True,True,2026-05-13 16:48:01,
jansi.jansi.*,jansi.jansi.src.main.org.fusesource.jansi.internal.JansiLoader.json,61-395:JansiLoader,method,247-276:loadNativeLibrary,body_types,UnsatisfiedLinkError,UnsatisfiedLinkError,Any,True,True,2026-05-14 13:21:09,"Cangjie compilation error: [31merror[0m: expected declaration, found 'from'  [36m==>[0m /tmp/tmppen10ois.cj:3:1:   [36m| [0m [36m3[0m [36m| [0mfrom std.core import Exception[0m   [36m| [0m[31m^^^^ expected declaration here[0m   [36m| [0m   [36m#[0m [0mnote[0m: only declarations or macro expressions can be used in the top-level  1 error generated, 1 error printed. "
jansi.jansi.*,jansi.jansi.src.main.org.fusesource.jansi.internal.JansiLoader.json,61-395:JansiLoader,method,247-276:loadNativeLibrary,parameters,|File|libPath,File,Any,True,True,2026-05-14 13:21:02,"Cangjie compilation error: [31merror[0m: expected declaration, found 'from'  [36m==>[0m /tmp/tmpgqnglc2o.cj:3:1:   [36m| [0m [36m3[0m [36m| [0mfrom std.fs import File[0m   [36m| [0m[31m^^^^ expected declaration here[0m   [36m| [0m   [36m#[0m [0mnote[0m: only declarations or macro expressions can be used in the top-level  1 error generated, 1 error printed. "
jansi.jansi.*,jansi.jansi.src.main.org.fusesource.jansi.internal.JansiLoader.json,61-395:JansiLoader,method,283-353:loadJansiNativeLibrary,return_types,void,void,Unit,True,True,2026-05-13 16:48:11,
jansi.jansi.*,jansi.jansi.src.main.org.fusesource.jansi.internal.JansiLoader.json,61-395:JansiLoader,method,283-353:loadJansiNativeLibrary,body_types,List<String>,List<String>,ArrayList<String>,True,True,2026-05-14 13:21:09,
jansi.jansi.*,jansi.jansi.src.main.org.fusesource.jansi.internal.JansiLoader.json,61-395:JansiLoader,method,283-353:loadJansiNativeLibrary,body_types,LinkedList<String>,LinkedList<String>,ArrayList<String>,True,True,2026-05-14 13:21:16,"Cangjie compilation error: [31merror[0m: expected declaration, found 'from'  [36m==>[0m /tmp/tmpl0uw756o.cj:3:1:   [36m| [0m [36m3[0m [36m| [0mfrom std.collection import LinkedList[0m   [36m| [0m[31m^^^^ expected declaration here[0m   [36m| [0m   [36m#[0m [0mnote[0m: only declarations or macro expressions can be used in the top-level  1 error generated, 1 error printed. "
jansi.jansi.*,jansi.jansi.src.main.org.fusesource.jansi.internal.JansiLoader.json,61-395:JansiLoader,method,283-353:loadJansiNativeLibrary,body_types,String,String,String,True,True,2026-05-13 16:48:30,
jansi.jansi.*,jansi.jansi.src.main.org.fusesource.jansi.internal.JansiLoader.json,61-395:JansiLoader,method,283-353:loadJansiNativeLibrary,body_types,File,File,Any,True,True,2026-05-14 13:21:21,"Cangjie compilation error: [31merror[0m: expected declaration, found 'from'  [36m==>[0m /tmp/tmpfe8kqby4.cj:3:1:   [36m| [0m [36m3[0m [36m| [0mfrom std.file import File[0m   [36m| [0m[31m^^^^ expected declaration here[0m   [36m| [0m   [36m#[0m [0mnote[0m: only declarations or macro expressions can be used in the top-level  1 error generated, 1 error printed. "
jansi.jansi.*,jansi.jansi.src.main.org.fusesource.jansi.internal.JansiLoader.json,61-395:JansiLoader,method,283-353:loadJansiNativeLibrary,body_types,JansiLoader,JansiLoader,JansiLoader,True,True,2026-05-13 16:48:38,
jansi.jansi.*,jansi.jansi.src.main.org.fusesource.jansi.internal.JansiLoader.json,61-395:JansiLoader,method,283-353:loadJansiNativeLibrary,body_types,boolean,boolean,Bool,True,True,2026-05-13 16:48:38,
jansi.jansi.*,jansi.jansi.src.main.org.fusesource.jansi.internal.JansiLoader.json,61-395:JansiLoader,method,283-353:loadJansiNativeLibrary,body_types,Exception,Exception,Exception,True,True,2026-05-14 13:21:21,
jansi.jansi.*,jansi.jansi.src.main.org.fusesource.jansi.internal.JansiLoader.json,61-395:JansiLoader,method,355-357:hasResource,return_types,boolean,boolean,Bool,True,True,2026-05-13 16:48:46,
jansi.jansi.*,jansi.jansi.src.main.org.fusesource.jansi.internal.JansiLoader.json,61-395:JansiLoader,method,355-357:hasResource,body_types,JansiLoader,JansiLoader,JansiLoader,True,True,2026-05-13 16:48:46,
jansi.jansi.*,jansi.jansi.src.main.org.fusesource.jansi.internal.JansiLoader.json,61-395:JansiLoader,method,355-357:hasResource,parameters,|String|path,String,String,True,True,2026-05-13 16:48:46,
jansi.jansi.*,jansi.jansi.src.main.org.fusesource.jansi.internal.JansiLoader.json,61-395:JansiLoader,method,362-365:getMajorVersion,return_types,int,int,Int64,True,True,2026-05-13 16:48:46,
jansi.jansi.*,jansi.jansi.src.main.org.fusesource.jansi.internal.JansiLoader.json,61-395:JansiLoader,method,362-365:getMajorVersion,body_types,String[],String[],Array<String>,True,True,2026-05-14 13:21:23,
jansi.jansi.*,jansi.jansi.src.main.org.fusesource.jansi.internal.JansiLoader.json,61-395:JansiLoader,method,370-373:getMinorVersion,return_types,int,int,Int64,True,True,2026-05-13 16:48:53,
jansi.jansi.*,jansi.jansi.src.main.org.fusesource.jansi.internal.JansiLoader.json,61-395:JansiLoader,method,370-373:getMinorVersion,body_types,String[],String[],Array<String>,True,True,2026-05-14 13:21:25,
jansi.jansi.*,jansi.jansi.src.main.org.fusesource.jansi.internal.JansiLoader.json,61-395:JansiLoader,method,378-394:getVersion,return_types,String,String,String,True,True,2026-05-13 16:48:59,
jansi.jansi.*,jansi.jansi.src.main.org.fusesource.jansi.internal.JansiLoader.json,61-395:JansiLoader,method,378-394:getVersion,body_types,URL,URL,Any,True,True,2026-05-14 13:21:31,"Cangjie compilation error: [31merror[0m: can not find package 'stdx.encoding.url'  [36m==>[0m /tmp/tmp6q8kz40e.cj:3:8:   [36m| [0m [36m3[0m [36m| [0mimport stdx.encoding.url.*[0m   [36m| [0m       [31m^^^^^^^^^^^^^^^^^ [0m   [36m| [0m   [36m#[0m [0mhelp[0m: check if the .cjo file of the package exists in CANGJIE_PATH or CANGJIE_HOME, or use '--import-path' to specify the .cjo file path  1 error generated, 1 error printed. "
jansi.jansi.*,jansi.jansi.src.main.org.fusesource.jansi.internal.JansiLoader.json,61-395:JansiLoader,method,378-394:getVersion,body_types,JansiLoader,JansiLoader,JansiLoader,True,True,2026-05-13 16:49:06,
jansi.jansi.*,jansi.jansi.src.main.org.fusesource.jansi.internal.JansiLoader.json,61-395:JansiLoader,method,378-394:getVersion,body_types,String,String,String,True,True,2026-05-13 16:49:06,
jansi.jansi.*,jansi.jansi.src.main.org.fusesource.jansi.internal.JansiLoader.json,61-395:JansiLoader,method,378-394:getVersion,body_types,Properties,Properties,"HashMap<String, String>",True,True,2026-05-13 16:49:06,
jansi.jansi.*,jansi.jansi.src.main.org.fusesource.jansi.internal.JansiLoader.json,61-395:JansiLoader,method,378-394:getVersion,body_types,IOException,IOException,IOException,True,True,2026-05-14 13:21:37,"Cangjie compilation error: [31merror[0m: expected ';' or '<NL>', found keyword 'class'   [36m==>[0m /tmp/tmpdipms9bq.cj:58:27:    [36m| [0m [36m58[0m [36m| [0m    let _test_val: public class IOException <: Exception {[0m    [36m| [0m                          [31m^^^^^ expected ';' or '<NL>' here[0m    [36m| [0m  1 error generated, 1 error printed. "
jansi.jansi.*,jansi.jansi.src.main.org.fusesource.jansi.internal.Kernel32.json,26-538:Kernel32,field,37-37:FOREGROUND_BLUE,types,short,short,Int16,True,True,2026-05-13 16:23:16,
jansi.jansi.*,jansi.jansi.src.main.org.fusesource.jansi.internal.Kernel32.json,26-538:Kernel32,field,38-38:FOREGROUND_GREEN,types,short,short,Int16,True,True,2026-05-13 16:23:16,
jansi.jansi.*,jansi.jansi.src.main.org.fusesource.jansi.internal.Kernel32.json,26-538:Kernel32,field,39-39:FOREGROUND_RED,types,short,short,Int16,True,True,2026-05-13 16:23:16,
jansi.jansi.*,jansi.jansi.src.main.org.fusesource.jansi.internal.Kernel32.json,26-538:Kernel32,field,40-40:FOREGROUND_INTENSITY,types,short,short,Int16,True,True,2026-05-13 16:23:16,
jansi.jansi.*,jansi.jansi.src.main.org.fusesource.jansi.internal.Kernel32.json,26-538:Kernel32,field,41-41:BACKGROUND_BLUE,types,short,short,Int16,True,True,2026-05-13 16:23:16,
jansi.jansi.*,jansi.jansi.src.main.org.fusesource.jansi.internal.Kernel32.json,26-538:Kernel32,field,42-42:BACKGROUND_GREEN,types,short,short,Int16,True,True,2026-05-13 16:23:16,
jansi.jansi.*,jansi.jansi.src.main.org.fusesource.jansi.internal.Kernel32.json,26-538:Kernel32,field,43-43:BACKGROUND_RED,types,short,short,Int16,True,True,2026-05-13 16:23:16,
jansi.jansi.*,jansi.jansi.src.main.org.fusesource.jansi.internal.Kernel32.json,26-538:Kernel32,field,44-44:BACKGROUND_INTENSITY,types,short,short,Int16,True,True,2026-05-13 16:23:16,
jansi.jansi.*,jansi.jansi.src.main.org.fusesource.jansi.internal.Kernel32.json,26-538:Kernel32,field,45-45:COMMON_LVB_LEADING_BYTE,types,short,short,Int16,True,True,2026-05-13 16:23:16,
jansi.jansi.*,jansi.jansi.src.main.org.fusesource.jansi.internal.Kernel32.json,26-538:Kernel32,field,46-46:COMMON_LVB_TRAILING_BYTE,types,short,short,Int16,True,True,2026-05-13 16:23:16,
jansi.jansi.*,jansi.jansi.src.main.org.fusesource.jansi.internal.Kernel32.json,26-538:Kernel32,field,47-47:COMMON_LVB_GRID_HORIZONTAL,types,short,short,Int16,True,True,2026-05-13 16:23:16,
jansi.jansi.*,jansi.jansi.src.main.org.fusesource.jansi.internal.Kernel32.json,26-538:Kernel32,field,48-48:COMMON_LVB_GRID_LVERTICAL,types,short,short,Int16,True,True,2026-05-13 16:23:16,
jansi.jansi.*,jansi.jansi.src.main.org.fusesource.jansi.internal.Kernel32.json,26-538:Kernel32,field,49-49:COMMON_LVB_GRID_RVERTICAL,types,short,short,Int16,True,True,2026-05-13 16:23:16,
jansi.jansi.*,jansi.jansi.src.main.org.fusesource.jansi.internal.Kernel32.json,26-538:Kernel32,field,50-50:COMMON_LVB_REVERSE_VIDEO,types,short,short,Int16,True,True,2026-05-13 16:23:16,
jansi.jansi.*,jansi.jansi.src.main.org.fusesource.jansi.internal.Kernel32.json,26-538:Kernel32,field,51-51:COMMON_LVB_UNDERSCORE,types,short,short,Int16,True,True,2026-05-13 16:23:16,
jansi.jansi.*,jansi.jansi.src.main.org.fusesource.jansi.internal.Kernel32.json,26-538:Kernel32,field,52-52:FORMAT_MESSAGE_FROM_SYSTEM,types,int,int,Int64,True,True,2026-05-13 16:23:16,
jansi.jansi.*,jansi.jansi.src.main.org.fusesource.jansi.internal.Kernel32.json,26-538:Kernel32,field,53-53:STD_INPUT_HANDLE,types,int,int,Int64,True,True,2026-05-13 16:23:16,
jansi.jansi.*,jansi.jansi.src.main.org.fusesource.jansi.internal.Kernel32.json,26-538:Kernel32,field,54-54:STD_OUTPUT_HANDLE,types,int,int,Int64,True,True,2026-05-13 16:23:16,
jansi.jansi.*,jansi.jansi.src.main.org.fusesource.jansi.internal.Kernel32.json,26-538:Kernel32,field,55-55:STD_ERROR_HANDLE,types,int,int,Int64,True,True,2026-05-13 16:23:16,
jansi.jansi.*,jansi.jansi.src.main.org.fusesource.jansi.internal.Kernel32.json,26-538:Kernel32,field,56-56:INVALID_HANDLE_VALUE,types,int,int,Int64,True,True,2026-05-13 16:23:16,
jansi.jansi.*,jansi.jansi.src.main.org.fusesource.jansi.internal.Kernel32.json,26-538:Kernel32,method,35-35:init_,return_types,void,void,Unit,True,True,2026-05-13 16:23:16,
jansi.jansi.*,jansi.jansi.src.main.org.fusesource.jansi.internal.Kernel32.json,26-538:Kernel32,method,58-58:malloc,return_types,long,long,Int64,True,True,2026-05-13 16:23:16,
jansi.jansi.*,jansi.jansi.src.main.org.fusesource.jansi.internal.Kernel32.json,26-538:Kernel32,method,58-58:malloc,parameters,|long|size,long,Int64,True,True,2026-05-13 16:23:16,
jansi.jansi.*,jansi.jansi.src.main.org.fusesource.jansi.internal.Kernel32.json,26-538:Kernel32,method,60-60:free,return_types,void,void,Unit,True,True,2026-05-13 16:23:16,
jansi.jansi.*,jansi.jansi.src.main.org.fusesource.jansi.internal.Kernel32.json,26-538:Kernel32,method,60-60:free,parameters,|long|ptr,long,Int64,True,True,2026-05-13 16:23:16,
jansi.jansi.*,jansi.jansi.src.main.org.fusesource.jansi.internal.Kernel32.json,26-538:Kernel32,method,101-101:SetConsoleTextAttribute,return_types,int,int,Int64,True,True,2026-05-13 16:23:16,
jansi.jansi.*,jansi.jansi.src.main.org.fusesource.jansi.internal.Kernel32.json,26-538:Kernel32,method,101-101:SetConsoleTextAttribute,parameters,|long|consoleOutput,long,Int64,True,True,2026-05-13 16:23:16,
jansi.jansi.*,jansi.jansi.src.main.org.fusesource.jansi.internal.Kernel32.json,26-538:Kernel32,method,101-101:SetConsoleTextAttribute,parameters,|short|attributes,short,Int16,True,True,2026-05-13 16:23:16,
jansi.jansi.*,jansi.jansi.src.main.org.fusesource.jansi.internal.Kernel32.json,26-538:Kernel32,method,158-158:WaitForSingleObject,return_types,int,int,Int64,True,True,2026-05-13 16:23:16,
jansi.jansi.*,jansi.jansi.src.main.org.fusesource.jansi.internal.Kernel32.json,26-538:Kernel32,method,158-158:WaitForSingleObject,parameters,|long|hHandle,long,Int64,True,True,2026-05-13 16:23:16,
jansi.jansi.*,jansi.jansi.src.main.org.fusesource.jansi.internal.Kernel32.json,26-538:Kernel32,method,158-158:WaitForSingleObject,parameters,|int|dwMilliseconds,int,Int64,True,True,2026-05-13 16:23:16,
jansi.jansi.*,jansi.jansi.src.main.org.fusesource.jansi.internal.Kernel32.json,26-538:Kernel32,method,163-163:CloseHandle,return_types,int,int,Int64,True,True,2026-05-13 16:23:16,
jansi.jansi.*,jansi.jansi.src.main.org.fusesource.jansi.internal.Kernel32.json,26-538:Kernel32,method,163-163:CloseHandle,parameters,|long|handle,long,Int64,True,True,2026-05-13 16:23:16,
jansi.jansi.*,jansi.jansi.src.main.org.fusesource.jansi.internal.Kernel32.json,26-538:Kernel32,method,168-168:GetLastError,return_types,int,int,Int64,True,True,2026-05-13 16:23:16,
jansi.jansi.*,jansi.jansi.src.main.org.fusesource.jansi.internal.Kernel32.json,26-538:Kernel32,method,170-171:FormatMessageW,return_types,int,int,Int64,True,True,2026-05-13 16:23:16,
jansi.jansi.*,jansi.jansi.src.main.org.fusesource.jansi.internal.Kernel32.json,26-538:Kernel32,method,170-171:FormatMessageW,parameters,|int|flags,int,Int64,True,True,2026-05-13 16:23:16,
jansi.jansi.*,jansi.jansi.src.main.org.fusesource.jansi.internal.Kernel32.json,26-538:Kernel32,method,170-171:FormatMessageW,parameters,|long|source,long,Int64,True,True,2026-05-13 16:23:16,
jansi.jansi.*,jansi.jansi.src.main.org.fusesource.jansi.internal.Kernel32.json,26-538:Kernel32,method,170-171:FormatMessageW,parameters,|int|messageId,int,Int64,True,True,2026-05-13 16:23:16,
jansi.jansi.*,jansi.jansi.src.main.org.fusesource.jansi.internal.Kernel32.json,26-538:Kernel32,method,170-171:FormatMessageW,parameters,|int|languageId,int,Int64,True,True,2026-05-13 16:23:16,
jansi.jansi.*,jansi.jansi.src.main.org.fusesource.jansi.internal.Kernel32.json,26-538:Kernel32,method,170-171:FormatMessageW,parameters,|byte[]|buffer,byte[],Array<Byte>,True,True,2026-05-14 11:35:56,
jansi.jansi.*,jansi.jansi.src.main.org.fusesource.jansi.internal.Kernel32.json,26-538:Kernel32,method,170-171:FormatMessageW,parameters,|int|size,int,Int64,True,True,2026-05-13 16:23:26,
jansi.jansi.*,jansi.jansi.src.main.org.fusesource.jansi.internal.Kernel32.json,26-538:Kernel32,method,170-171:FormatMessageW,parameters,|long[]|args,long[],Array<Int64>,True,True,2026-05-14 11:52:03,"Cangjie compilation error: [31merror[0m: expected declaration, found 'from'  [36m==>[0m /tmp/tmpot1za0c1.cj:3:1:   [36m| [0m [36m3[0m [36m| [0mfrom std.c import CPointer[0m   [36m| [0m[31m^^^^ expected declaration here[0m   [36m| [0m   [36m#[0m [0mnote[0m: only declarations or macro expressions can be used in the top-level  1 error generated, 1 error printed. "
jansi.jansi.*,jansi.jansi.src.main.org.fusesource.jansi.internal.Kernel32.json,26-538:Kernel32,method,176-177:GetConsoleScreenBufferInfo,return_types,int,int,Int64,True,True,2026-05-13 16:23:32,
jansi.jansi.*,jansi.jansi.src.main.org.fusesource.jansi.internal.Kernel32.json,26-538:Kernel32,method,176-177:GetConsoleScreenBufferInfo,parameters,|long|consoleOutput,long,Int64,True,True,2026-05-13 16:23:32,
jansi.jansi.*,jansi.jansi.src.main.org.fusesource.jansi.internal.Kernel32.json,26-538:Kernel32,method,176-177:GetConsoleScreenBufferInfo,parameters,|Kernel32_CONSOLE_SCREEN_BUFFER_INFO|consoleScreenBufferInfo,Kernel32_CONSOLE_SCREEN_BUFFER_INFO,Kernel32_CONSOLE_SCREEN_BUFFER_INFO,True,True,2026-05-13 16:23:32,
jansi.jansi.*,jansi.jansi.src.main.org.fusesource.jansi.internal.Kernel32.json,26-538:Kernel32,method,182-182:GetStdHandle,return_types,long,long,Int64,True,True,2026-05-13 16:23:32,
jansi.jansi.*,jansi.jansi.src.main.org.fusesource.jansi.internal.Kernel32.json,26-538:Kernel32,method,182-182:GetStdHandle,parameters,|int|stdHandle,int,Int64,True,True,2026-05-13 16:23:33,
jansi.jansi.*,jansi.jansi.src.main.org.fusesource.jansi.internal.Kernel32.json,26-538:Kernel32,method,187-187:SetConsoleCursorPosition,return_types,int,int,Int64,True,True,2026-05-13 16:23:33,
jansi.jansi.*,jansi.jansi.src.main.org.fusesource.jansi.internal.Kernel32.json,26-538:Kernel32,method,187-187:SetConsoleCursorPosition,parameters,|long|consoleOutput,long,Int64,True,True,2026-05-13 16:23:33,
jansi.jansi.*,jansi.jansi.src.main.org.fusesource.jansi.internal.Kernel32.json,26-538:Kernel32,method,187-187:SetConsoleCursorPosition,parameters,|Kernel32_COORD|cursorPosition,Kernel32_COORD,Kernel32_COORD,True,True,2026-05-13 16:23:33,
jansi.jansi.*,jansi.jansi.src.main.org.fusesource.jansi.internal.Kernel32.json,26-538:Kernel32,method,192-193:FillConsoleOutputCharacterW,return_types,int,int,Int64,True,True,2026-05-13 16:23:33,
jansi.jansi.*,jansi.jansi.src.main.org.fusesource.jansi.internal.Kernel32.json,26-538:Kernel32,method,192-193:FillConsoleOutputCharacterW,parameters,|long|consoleOutput,long,Int64,True,True,2026-05-13 16:23:33,
jansi.jansi.*,jansi.jansi.src.main.org.fusesource.jansi.internal.Kernel32.json,26-538:Kernel32,method,192-193:FillConsoleOutputCharacterW,parameters,|char|character,char,Rune,True,True,2026-05-13 16:23:33,
jansi.jansi.*,jansi.jansi.src.main.org.fusesource.jansi.internal.Kernel32.json,26-538:Kernel32,method,192-193:FillConsoleOutputCharacterW,parameters,|int|length,int,Int64,True,True,2026-05-13 16:23:33,
jansi.jansi.*,jansi.jansi.src.main.org.fusesource.jansi.internal.Kernel32.json,26-538:Kernel32,method,192-193:FillConsoleOutputCharacterW,parameters,|Kernel32_COORD|writeCoord,Kernel32_COORD,Kernel32_COORD,True,True,2026-05-13 16:23:33,
jansi.jansi.*,jansi.jansi.src.main.org.fusesource.jansi.internal.Kernel32.json,26-538:Kernel32,method,192-193:FillConsoleOutputCharacterW,parameters,|int[]|numberOfCharsWritten,int[],Array<Int64>,True,True,2026-05-14 11:36:08,
jansi.jansi.*,jansi.jansi.src.main.org.fusesource.jansi.internal.Kernel32.json,26-538:Kernel32,method,198-199:FillConsoleOutputAttribute,return_types,int,int,Int64,True,True,2026-05-13 16:23:43,
jansi.jansi.*,jansi.jansi.src.main.org.fusesource.jansi.internal.Kernel32.json,26-538:Kernel32,method,198-199:FillConsoleOutputAttribute,parameters,|long|consoleOutput,long,Int64,True,True,2026-05-13 16:23:43,
jansi.jansi.*,jansi.jansi.src.main.org.fusesource.jansi.internal.Kernel32.json,26-538:Kernel32,method,198-199:FillConsoleOutputAttribute,parameters,|short|attribute,short,Int16,True,True,2026-05-13 16:23:43,
jansi.jansi.*,jansi.jansi.src.main.org.fusesource.jansi.internal.Kernel32.json,26-538:Kernel32,method,198-199:FillConsoleOutputAttribute,parameters,|int|length,int,Int64,True,True,2026-05-13 16:23:43,
jansi.jansi.*,jansi.jansi.src.main.org.fusesource.jansi.internal.Kernel32.json,26-538:Kernel32,method,198-199:FillConsoleOutputAttribute,parameters,|Kernel32_COORD|writeCoord,Kernel32_COORD,Kernel32_COORD,True,True,2026-05-13 16:23:43,
jansi.jansi.*,jansi.jansi.src.main.org.fusesource.jansi.internal.Kernel32.json,26-538:Kernel32,method,198-199:FillConsoleOutputAttribute,parameters,|int[]|numberOfAttrsWritten,int[],Array<Int64>,True,True,2026-05-14 11:36:11,
jansi.jansi.*,jansi.jansi.src.main.org.fusesource.jansi.internal.Kernel32.json,26-538:Kernel32,method,204-205:WriteConsoleW,return_types,int,int,Int64,True,True,2026-05-13 16:23:50,
jansi.jansi.*,jansi.jansi.src.main.org.fusesource.jansi.internal.Kernel32.json,26-538:Kernel32,method,204-205:WriteConsoleW,parameters,|long|consoleOutput,long,Int64,True,True,2026-05-13 16:23:50,
jansi.jansi.*,jansi.jansi.src.main.org.fusesource.jansi.internal.Kernel32.json,26-538:Kernel32,method,204-205:WriteConsoleW,parameters,|char[]|buffer,char[],Array<UInt16>,True,True,2026-05-14 11:36:18,
jansi.jansi.*,jansi.jansi.src.main.org.fusesource.jansi.internal.Kernel32.json,26-538:Kernel32,method,204-205:WriteConsoleW,parameters,|int|numberOfCharsToWrite,int,Int64,True,True,2026-05-13 16:23:59,
jansi.jansi.*,jansi.jansi.src.main.org.fusesource.jansi.internal.Kernel32.json,26-538:Kernel32,method,204-205:WriteConsoleW,parameters,|int[]|numberOfCharsWritten,int[],Array<Int64>,True,True,2026-05-14 11:36:20,
jansi.jansi.*,jansi.jansi.src.main.org.fusesource.jansi.internal.Kernel32.json,26-538:Kernel32,method,204-205:WriteConsoleW,parameters,|long|reserved,long,Int64,True,True,2026-05-13 16:24:06,
jansi.jansi.*,jansi.jansi.src.main.org.fusesource.jansi.internal.Kernel32.json,26-538:Kernel32,method,210-210:GetConsoleMode,return_types,int,int,Int64,True,True,2026-05-13 16:24:06,
jansi.jansi.*,jansi.jansi.src.main.org.fusesource.jansi.internal.Kernel32.json,26-538:Kernel32,method,210-210:GetConsoleMode,parameters,|long|handle,long,Int64,True,True,2026-05-13 16:24:06,
jansi.jansi.*,jansi.jansi.src.main.org.fusesource.jansi.internal.Kernel32.json,26-538:Kernel32,method,210-210:GetConsoleMode,parameters,|int[]|mode,int[],Array<Int64>,True,True,2026-05-14 11:36:23,
jansi.jansi.*,jansi.jansi.src.main.org.fusesource.jansi.internal.Kernel32.json,26-538:Kernel32,method,215-215:SetConsoleMode,return_types,int,int,Int64,True,True,2026-05-13 16:24:11,
jansi.jansi.*,jansi.jansi.src.main.org.fusesource.jansi.internal.Kernel32.json,26-538:Kernel32,method,215-215:SetConsoleMode,parameters,|long|handle,long,Int64,True,True,2026-05-13 16:24:11,
jansi.jansi.*,jansi.jansi.src.main.org.fusesource.jansi.internal.Kernel32.json,26-538:Kernel32,method,215-215:SetConsoleMode,parameters,|int|mode,int,Int64,True,True,2026-05-13 16:24:11,
jansi.jansi.*,jansi.jansi.src.main.org.fusesource.jansi.internal.Kernel32.json,26-538:Kernel32,method,220-220:_getch,return_types,int,int,Int64,True,True,2026-05-13 16:24:11,
jansi.jansi.*,jansi.jansi.src.main.org.fusesource.jansi.internal.Kernel32.json,26-538:Kernel32,method,227-227:SetConsoleTitle,return_types,int,int,Int64,True,True,2026-05-13 16:24:11,
jansi.jansi.*,jansi.jansi.src.main.org.fusesource.jansi.internal.Kernel32.json,26-538:Kernel32,method,227-227:SetConsoleTitle,parameters,|String|title,String,String,True,True,2026-05-13 16:24:11,
jansi.jansi.*,jansi.jansi.src.main.org.fusesource.jansi.internal.Kernel32.json,26-538:Kernel32,method,234-234:GetConsoleOutputCP,return_types,int,int,Int64,True,True,2026-05-13 16:24:11,
jansi.jansi.*,jansi.jansi.src.main.org.fusesource.jansi.internal.Kernel32.json,26-538:Kernel32,method,241-241:SetConsoleOutputCP,return_types,int,int,Int64,True,True,2026-05-13 16:24:11,
jansi.jansi.*,jansi.jansi.src.main.org.fusesource.jansi.internal.Kernel32.json,26-538:Kernel32,method,241-241:SetConsoleOutputCP,parameters,|int|codePageID,int,Int64,True,True,2026-05-13 16:24:11,
jansi.jansi.*,jansi.jansi.src.main.org.fusesource.jansi.internal.Kernel32.json,26-538:Kernel32,method,264-269:ScrollConsoleScreenBuffer,return_types,int,int,Int64,True,True,2026-05-13 16:24:11,
jansi.jansi.*,jansi.jansi.src.main.org.fusesource.jansi.internal.Kernel32.json,26-538:Kernel32,method,264-269:ScrollConsoleScreenBuffer,parameters,|long|consoleOutput,long,Int64,True,True,2026-05-13 16:24:11,
jansi.jansi.*,jansi.jansi.src.main.org.fusesource.jansi.internal.Kernel32.json,26-538:Kernel32,method,264-269:ScrollConsoleScreenBuffer,parameters,|Kernel32_SMALL_RECT|scrollRectangle,Kernel32_SMALL_RECT,Kernel32_SMALL_RECT,True,True,2026-05-13 16:24:11,
jansi.jansi.*,jansi.jansi.src.main.org.fusesource.jansi.internal.Kernel32.json,26-538:Kernel32,method,264-269:ScrollConsoleScreenBuffer,parameters,|Kernel32_SMALL_RECT|clipRectangle,Kernel32_SMALL_RECT,Kernel32_SMALL_RECT,True,True,2026-05-13 16:24:11,
jansi.jansi.*,jansi.jansi.src.main.org.fusesource.jansi.internal.Kernel32.json,26-538:Kernel32,method,264-269:ScrollConsoleScreenBuffer,parameters,|Kernel32_COORD|destinationOrigin,Kernel32_COORD,Kernel32_COORD,True,True,2026-05-13 16:24:11,
jansi.jansi.*,jansi.jansi.src.main.org.fusesource.jansi.internal.Kernel32.json,26-538:Kernel32,method,264-269:ScrollConsoleScreenBuffer,parameters,|Kernel32_CHAR_INFO|fill,Kernel32_CHAR_INFO,Kernel32_CHAR_INFO,True,True,2026-05-13 16:24:11,
jansi.jansi.*,jansi.jansi.src.main.org.fusesource.jansi.internal.Kernel32.json,26-538:Kernel32,method,442-442:ReadConsoleInputW,return_types,int,int,Int64,True,True,2026-05-13 16:24:11,
jansi.jansi.*,jansi.jansi.src.main.org.fusesource.jansi.internal.Kernel32.json,26-538:Kernel32,method,442-442:ReadConsoleInputW,parameters,|long|handle,long,Int64,True,True,2026-05-13 16:24:11,
jansi.jansi.*,jansi.jansi.src.main.org.fusesource.jansi.internal.Kernel32.json,26-538:Kernel32,method,442-442:ReadConsoleInputW,parameters,|long|inputRecord,long,Int64,True,True,2026-05-13 16:24:11,
jansi.jansi.*,jansi.jansi.src.main.org.fusesource.jansi.internal.Kernel32.json,26-538:Kernel32,method,442-442:ReadConsoleInputW,parameters,|int|length,int,Int64,True,True,2026-05-13 16:24:11,
jansi.jansi.*,jansi.jansi.src.main.org.fusesource.jansi.internal.Kernel32.json,26-538:Kernel32,method,442-442:ReadConsoleInputW,parameters,|int[]|eventsCount,int[],Array<Int64>,True,True,2026-05-14 11:36:25,
jansi.jansi.*,jansi.jansi.src.main.org.fusesource.jansi.internal.Kernel32.json,26-538:Kernel32,method,447-447:PeekConsoleInputW,return_types,int,int,Int64,True,True,2026-05-13 16:24:20,
jansi.jansi.*,jansi.jansi.src.main.org.fusesource.jansi.internal.Kernel32.json,26-538:Kernel32,method,447-447:PeekConsoleInputW,parameters,|long|handle,long,Int64,True,True,2026-05-13 16:24:20,
jansi.jansi.*,jansi.jansi.src.main.org.fusesource.jansi.internal.Kernel32.json,26-538:Kernel32,method,447-447:PeekConsoleInputW,parameters,|long|inputRecord,long,Int64,True,True,2026-05-13 16:24:20,
jansi.jansi.*,jansi.jansi.src.main.org.fusesource.jansi.internal.Kernel32.json,26-538:Kernel32,method,447-447:PeekConsoleInputW,parameters,|int|length,int,Int64,True,True,2026-05-13 16:24:20,
jansi.jansi.*,jansi.jansi.src.main.org.fusesource.jansi.internal.Kernel32.json,26-538:Kernel32,method,447-447:PeekConsoleInputW,parameters,|int[]|eventsCount,int[],Array<Int64>,True,True,2026-05-14 11:36:28,
jansi.jansi.*,jansi.jansi.src.main.org.fusesource.jansi.internal.Kernel32.json,26-538:Kernel32,method,452-452:GetNumberOfConsoleInputEvents,return_types,int,int,Int64,True,True,2026-05-13 16:24:27,
jansi.jansi.*,jansi.jansi.src.main.org.fusesource.jansi.internal.Kernel32.json,26-538:Kernel32,method,452-452:GetNumberOfConsoleInputEvents,parameters,|long|handle,long,Int64,True,True,2026-05-13 16:24:27,
jansi.jansi.*,jansi.jansi.src.main.org.fusesource.jansi.internal.Kernel32.json,26-538:Kernel32,method,452-452:GetNumberOfConsoleInputEvents,parameters,|int[]|numberOfEvents,int[],Array<Int64>,True,True,2026-05-14 11:52:03,
jansi.jansi.*,jansi.jansi.src.main.org.fusesource.jansi.internal.Kernel32.json,26-538:Kernel32,method,457-457:FlushConsoleInputBuffer,return_types,int,int,Int64,True,True,2026-05-13 16:24:34,
jansi.jansi.*,jansi.jansi.src.main.org.fusesource.jansi.internal.Kernel32.json,26-538:Kernel32,method,457-457:FlushConsoleInputBuffer,parameters,|long|handle,long,Int64,True,True,2026-05-13 16:24:34,
jansi.jansi.*,jansi.jansi.src.main.org.fusesource.jansi.internal.Kernel32.json,26-538:Kernel32,method,462-493:readConsoleInputHelper,return_types,Kernel32_INPUT_RECORD[],Kernel32_INPUT_RECORD[],Array<Any>,True,True,2026-05-14 11:52:10,"Cangjie compilation error: [31merror[0m: expected declaration, found 'from'  [36m==>[0m /tmp/tmpdt25moc9.cj:3:1:   [36m| [0m [36m3[0m [36m| [0mfrom std.core import Array[0m   [36m| [0m[31m^^^^ expected declaration here[0m   [36m| [0m   [36m#[0m [0mnote[0m: only declarations or macro expressions can be used in the top-level  1 error generated, 1 error printed. "
jansi.jansi.*,jansi.jansi.src.main.org.fusesource.jansi.internal.Kernel32.json,26-538:Kernel32,method,462-493:readConsoleInputHelper,body_types,int[],int[],Array<Int64>,True,True,2026-05-14 11:52:10,
jansi.jansi.*,jansi.jansi.src.main.org.fusesource.jansi.internal.Kernel32.json,26-538:Kernel32,method,462-493:readConsoleInputHelper,body_types,int,int,Int64,True,True,2026-05-13 16:24:47,
jansi.jansi.*,jansi.jansi.src.main.org.fusesource.jansi.internal.Kernel32.json,26-538:Kernel32,method,462-493:readConsoleInputHelper,body_types,long,long,Int64,True,True,2026-05-13 16:24:47,
jansi.jansi.*,jansi.jansi.src.main.org.fusesource.jansi.internal.Kernel32.json,26-538:Kernel32,method,462-493:readConsoleInputHelper,body_types,IOException,IOException,IOException,True,True,2026-05-14 11:52:18,"Cangjie compilation error: [31merror[0m: expected ';' or '<NL>', found keyword 'class'   [36m==>[0m /tmp/tmpz1d6p1kv.cj:58:27:    [36m| [0m [36m58[0m [36m| [0m    let _test_val: public class IOException <: Exception {[0m    [36m| [0m                          [31m^^^^^ expected ';' or '<NL>' here[0m    [36m| [0m  [31merror[0m: body of constructor is missing   [36m==>[0m /tmp/tmpz1d6p1kv.cj:59:33:    [36m| [0m [36m59[0m [36m| [0m    public init(message: String)[0m    ["
jansi.jansi.*,jansi.jansi.src.main.org.fusesource.jansi.internal.Kernel32.json,26-538:Kernel32,method,462-493:readConsoleInputHelper,body_types,Kernel32_INPUT_RECORD,Kernel32_INPUT_RECORD,Kernel32_INPUT_RECORD,True,True,2026-05-13 16:24:55,
jansi.jansi.*,jansi.jansi.src.main.org.fusesource.jansi.internal.Kernel32.json,26-538:Kernel32,method,462-493:readConsoleInputHelper,body_types,Kernel32_INPUT_RECORD[],Kernel32_INPUT_RECORD[],Array<Any>,True,True,2026-05-14 11:52:24,"Cangjie compilation error: [31merror[0m: expected declaration, found 'from'  [36m==>[0m /tmp/tmpiza87ino.cj:3:1:   [36m| [0m [36m3[0m [36m| [0mfrom std.core import Array[0m   [36m| [0m[31m^^^^ expected declaration here[0m   [36m| [0m   [36m#[0m [0mnote[0m: only declarations or macro expressions can be used in the top-level  1 error generated, 1 error printed. "
jansi.jansi.*,jansi.jansi.src.main.org.fusesource.jansi.internal.Kernel32.json,26-538:Kernel32,method,462-493:readConsoleInputHelper,parameters,|long|handle,long,Int64,True,True,2026-05-13 16:24:40,
jansi.jansi.*,jansi.jansi.src.main.org.fusesource.jansi.internal.Kernel32.json,26-538:Kernel32,method,462-493:readConsoleInputHelper,parameters,|int|count,int,Int64,True,True,2026-05-13 16:24:40,
jansi.jansi.*,jansi.jansi.src.main.org.fusesource.jansi.internal.Kernel32.json,26-538:Kernel32,method,462-493:readConsoleInputHelper,parameters,|boolean|peek,boolean,Bool,True,True,2026-05-13 16:24:40,
jansi.jansi.*,jansi.jansi.src.main.org.fusesource.jansi.internal.Kernel32.json,26-538:Kernel32,method,501-521:readConsoleKeyInput,return_types,Kernel32_INPUT_RECORD[],Kernel32_INPUT_RECORD[],Array<Any>,True,True,2026-05-14 11:52:24,
jansi.jansi.*,jansi.jansi.src.main.org.fusesource.jansi.internal.Kernel32.json,26-538:Kernel32,method,501-521:readConsoleKeyInput,body_types,Kernel32_INPUT_RECORD[],Kernel32_INPUT_RECORD[],Array<Any>,True,True,2026-05-14 11:52:26,
jansi.jansi.*,jansi.jansi.src.main.org.fusesource.jansi.internal.Kernel32.json,26-538:Kernel32,method,501-521:readConsoleKeyInput,body_types,int,int,Int64,True,True,2026-05-13 16:25:19,
jansi.jansi.*,jansi.jansi.src.main.org.fusesource.jansi.internal.Kernel32.json,26-538:Kernel32,method,501-521:readConsoleKeyInput,body_types,Kernel32_INPUT_RECORD,Kernel32_INPUT_RECORD,Kernel32_INPUT_RECORD,True,True,2026-05-13 16:25:19,
jansi.jansi.*,jansi.jansi.src.main.org.fusesource.jansi.internal.Kernel32.json,26-538:Kernel32,method,501-521:readConsoleKeyInput,parameters,|long|handle,long,Int64,True,True,2026-05-13 16:25:11,
jansi.jansi.*,jansi.jansi.src.main.org.fusesource.jansi.internal.Kernel32.json,26-538:Kernel32,method,501-521:readConsoleKeyInput,parameters,|int|count,int,Int64,True,True,2026-05-13 16:25:11,
jansi.jansi.*,jansi.jansi.src.main.org.fusesource.jansi.internal.Kernel32.json,26-538:Kernel32,method,501-521:readConsoleKeyInput,parameters,|boolean|peek,boolean,Bool,True,True,2026-05-13 16:25:11,
jansi.jansi.*,jansi.jansi.src.main.org.fusesource.jansi.internal.Kernel32.json,26-538:Kernel32,method,523-526:getLastErrorMessage,return_types,String,String,String,True,True,2026-05-13 16:25:19,
jansi.jansi.*,jansi.jansi.src.main.org.fusesource.jansi.internal.Kernel32.json,26-538:Kernel32,method,523-526:getLastErrorMessage,body_types,int,int,Int64,True,True,2026-05-13 16:25:19,
jansi.jansi.*,jansi.jansi.src.main.org.fusesource.jansi.internal.Kernel32.json,26-538:Kernel32,method,528-537:getErrorMessage,return_types,String,String,String,True,True,2026-05-13 16:25:19,
jansi.jansi.*,jansi.jansi.src.main.org.fusesource.jansi.internal.Kernel32.json,26-538:Kernel32,method,528-537:getErrorMessage,body_types,int,int,Int64,True,True,2026-05-13 16:25:19,
jansi.jansi.*,jansi.jansi.src.main.org.fusesource.jansi.internal.Kernel32.json,26-538:Kernel32,method,528-537:getErrorMessage,body_types,byte,byte,Int8,True,True,2026-05-13 16:25:19,
jansi.jansi.*,jansi.jansi.src.main.org.fusesource.jansi.internal.Kernel32.json,26-538:Kernel32,method,528-537:getErrorMessage,body_types,String,String,String,True,True,2026-05-13 16:25:19,
jansi.jansi.*,jansi.jansi.src.main.org.fusesource.jansi.internal.Kernel32.json,26-538:Kernel32,method,528-537:getErrorMessage,body_types,UnsupportedEncodingException,UnsupportedEncodingException,Any,True,True,2026-05-14 11:52:34,"Cangjie compilation error: [31merror[0m: expected declaration, found 'from'  [36m==>[0m /tmp/tmp_8kaw6z2.cj:3:1:   [36m| [0m [36m3[0m [36m| [0mfrom std.encoding import *[0m   [36m| [0m[31m^^^^ expected declaration here[0m   [36m| [0m   [36m#[0m [0mnote[0m: only declarations or macro expressions can be used in the top-level  1 error generated, 1 error printed. "
jansi.jansi.*,jansi.jansi.src.main.org.fusesource.jansi.internal.Kernel32.json,26-538:Kernel32,method,528-537:getErrorMessage,body_types,IllegalStateException,IllegalStateException,IllegalStateException,True,True,2026-05-14 11:52:34,
jansi.jansi.*,jansi.jansi.src.main.org.fusesource.jansi.internal.Kernel32.json,26-538:Kernel32,method,528-537:getErrorMessage,parameters,|int|errorCode,int,Int64,True,True,2026-05-13 16:25:19,
jansi.jansi.*,jansi.jansi.src.main.org.fusesource.jansi.internal.Kernel32.json,65-96:Kernel32_SMALL_RECT,field,73-73:SIZEOF,types,int,int,Int64,True,True,2026-05-13 16:25:36,
jansi.jansi.*,jansi.jansi.src.main.org.fusesource.jansi.internal.Kernel32.json,65-96:Kernel32_SMALL_RECT,field,75-75:left,types,short,short,Int16,True,True,2026-05-13 16:25:36,
jansi.jansi.*,jansi.jansi.src.main.org.fusesource.jansi.internal.Kernel32.json,65-96:Kernel32_SMALL_RECT,field,76-76:top,types,short,short,Int16,True,True,2026-05-13 16:25:36,
jansi.jansi.*,jansi.jansi.src.main.org.fusesource.jansi.internal.Kernel32.json,65-96:Kernel32_SMALL_RECT,field,77-77:right,types,short,short,Int16,True,True,2026-05-13 16:25:36,
jansi.jansi.*,jansi.jansi.src.main.org.fusesource.jansi.internal.Kernel32.json,65-96:Kernel32_SMALL_RECT,field,78-78:bottom,types,short,short,Int16,True,True,2026-05-13 16:25:36,
jansi.jansi.*,jansi.jansi.src.main.org.fusesource.jansi.internal.Kernel32.json,65-96:Kernel32_SMALL_RECT,method,71-71:init_,return_types,void,void,Unit,True,True,2026-05-13 16:25:36,
jansi.jansi.*,jansi.jansi.src.main.org.fusesource.jansi.internal.Kernel32.json,65-96:Kernel32_SMALL_RECT,method,80-82:width,return_types,short,short,Int16,True,True,2026-05-13 16:25:36,
jansi.jansi.*,jansi.jansi.src.main.org.fusesource.jansi.internal.Kernel32.json,65-96:Kernel32_SMALL_RECT,method,80-82:width,body_types,short,short,Int16,True,True,2026-05-13 16:25:36,
jansi.jansi.*,jansi.jansi.src.main.org.fusesource.jansi.internal.Kernel32.json,65-96:Kernel32_SMALL_RECT,method,84-86:height,return_types,short,short,Int16,True,True,2026-05-13 16:25:36,
jansi.jansi.*,jansi.jansi.src.main.org.fusesource.jansi.internal.Kernel32.json,65-96:Kernel32_SMALL_RECT,method,84-86:height,body_types,short,short,Int16,True,True,2026-05-13 16:25:36,
jansi.jansi.*,jansi.jansi.src.main.org.fusesource.jansi.internal.Kernel32.json,65-96:Kernel32_SMALL_RECT,method,88-95:copy,return_types,Kernel32_SMALL_RECT,Kernel32_SMALL_RECT,Kernel32_SMALL_RECT,True,True,2026-05-13 16:25:36,
jansi.jansi.*,jansi.jansi.src.main.org.fusesource.jansi.internal.Kernel32.json,65-96:Kernel32_SMALL_RECT,method,88-95:copy,body_types,Kernel32_SMALL_RECT,Kernel32_SMALL_RECT,Kernel32_SMALL_RECT,True,True,2026-05-13 16:25:36,
jansi.jansi.*,jansi.jansi.src.main.org.fusesource.jansi.internal.Kernel32.json,103-123:Kernel32_COORD,field,112-112:SIZEOF,types,int,int,Int64,True,True,2026-05-13 16:25:36,
jansi.jansi.*,jansi.jansi.src.main.org.fusesource.jansi.internal.Kernel32.json,103-123:Kernel32_COORD,field,114-114:x,types,short,short,Int16,True,True,2026-05-13 16:25:36,
jansi.jansi.*,jansi.jansi.src.main.org.fusesource.jansi.internal.Kernel32.json,103-123:Kernel32_COORD,field,115-115:y,types,short,short,Int16,True,True,2026-05-13 16:25:36,
jansi.jansi.*,jansi.jansi.src.main.org.fusesource.jansi.internal.Kernel32.json,103-123:Kernel32_COORD,method,110-110:init_,return_types,void,void,Unit,True,True,2026-05-13 16:25:36,
jansi.jansi.*,jansi.jansi.src.main.org.fusesource.jansi.internal.Kernel32.json,103-123:Kernel32_COORD,method,117-122:copy,return_types,Kernel32_COORD,Kernel32_COORD,Kernel32_COORD,True,True,2026-05-13 16:25:36,
jansi.jansi.*,jansi.jansi.src.main.org.fusesource.jansi.internal.Kernel32.json,103-123:Kernel32_COORD,method,117-122:copy,body_types,Kernel32_COORD,Kernel32_COORD,Kernel32_COORD,True,True,2026-05-13 16:25:36,
jansi.jansi.*,jansi.jansi.src.main.org.fusesource.jansi.internal.Kernel32.json,128-152:Kernel32_CONSOLE_SCREEN_BUFFER_INFO,field,137-137:SIZEOF,types,int,int,Int64,True,True,2026-05-13 16:25:36,
jansi.jansi.*,jansi.jansi.src.main.org.fusesource.jansi.internal.Kernel32.json,128-152:Kernel32_CONSOLE_SCREEN_BUFFER_INFO,field,139-139:size,types,Kernel32_COORD,Kernel32_COORD,Kernel32_COORD,True,True,2026-05-13 16:25:36,
jansi.jansi.*,jansi.jansi.src.main.org.fusesource.jansi.internal.Kernel32.json,128-152:Kernel32_CONSOLE_SCREEN_BUFFER_INFO,field,140-140:cursorPosition,types,Kernel32_COORD,Kernel32_COORD,Kernel32_COORD,True,True,2026-05-13 16:25:36,
jansi.jansi.*,jansi.jansi.src.main.org.fusesource.jansi.internal.Kernel32.json,128-152:Kernel32_CONSOLE_SCREEN_BUFFER_INFO,field,141-141:attributes,types,short,short,Int16,True,True,2026-05-13 16:25:36,
jansi.jansi.*,jansi.jansi.src.main.org.fusesource.jansi.internal.Kernel32.json,128-152:Kernel32_CONSOLE_SCREEN_BUFFER_INFO,field,142-142:window,types,Kernel32_SMALL_RECT,Kernel32_SMALL_RECT,Kernel32_SMALL_RECT,True,True,2026-05-13 16:25:36,
jansi.jansi.*,jansi.jansi.src.main.org.fusesource.jansi.internal.Kernel32.json,128-152:Kernel32_CONSOLE_SCREEN_BUFFER_INFO,field,143-143:maximumWindowSize,types,Kernel32_COORD,Kernel32_COORD,Kernel32_COORD,True,True,2026-05-13 16:25:36,
jansi.jansi.*,jansi.jansi.src.main.org.fusesource.jansi.internal.Kernel32.json,128-152:Kernel32_CONSOLE_SCREEN_BUFFER_INFO,method,135-135:init_,return_types,void,void,Unit,True,True,2026-05-13 16:25:36,
jansi.jansi.*,jansi.jansi.src.main.org.fusesource.jansi.internal.Kernel32.json,128-152:Kernel32_CONSOLE_SCREEN_BUFFER_INFO,method,145-147:windowWidth,return_types,int,int,Int64,True,True,2026-05-13 16:25:36,
jansi.jansi.*,jansi.jansi.src.main.org.fusesource.jansi.internal.Kernel32.json,128-152:Kernel32_CONSOLE_SCREEN_BUFFER_INFO,method,149-151:windowHeight,return_types,int,int,Int64,True,True,2026-05-13 16:25:36,
jansi.jansi.*,jansi.jansi.src.main.org.fusesource.jansi.internal.Kernel32.json,246-259:Kernel32_CHAR_INFO,field,255-255:SIZEOF,types,int,int,Int64,True,True,2026-05-13 16:25:36,
jansi.jansi.*,jansi.jansi.src.main.org.fusesource.jansi.internal.Kernel32.json,246-259:Kernel32_CHAR_INFO,field,257-257:attributes,types,short,short,Int16,True,True,2026-05-13 16:25:36,
jansi.jansi.*,jansi.jansi.src.main.org.fusesource.jansi.internal.Kernel32.json,246-259:Kernel32_CHAR_INFO,field,258-258:unicodeChar,types,char,char,Rune,True,True,2026-05-13 16:25:36,
jansi.jansi.*,jansi.jansi.src.main.org.fusesource.jansi.internal.Kernel32.json,246-259:Kernel32_CHAR_INFO,method,253-253:init_,return_types,void,void,Unit,True,True,2026-05-13 16:25:36,
jansi.jansi.*,jansi.jansi.src.main.org.fusesource.jansi.internal.Kernel32.json,274-310:Kernel32_KEY_EVENT_RECORD,field,283-283:SIZEOF,types,int,int,Int64,True,True,2026-05-13 16:25:36,
jansi.jansi.*,jansi.jansi.src.main.org.fusesource.jansi.internal.Kernel32.json,274-310:Kernel32_KEY_EVENT_RECORD,field,284-284:CAPSLOCK_ON,types,int,int,Int64,True,True,2026-05-13 16:25:36,
jansi.jansi.*,jansi.jansi.src.main.org.fusesource.jansi.internal.Kernel32.json,274-310:Kernel32_KEY_EVENT_RECORD,field,285-285:NUMLOCK_ON,types,int,int,Int64,True,True,2026-05-13 16:25:36,
jansi.jansi.*,jansi.jansi.src.main.org.fusesource.jansi.internal.Kernel32.json,274-310:Kernel32_KEY_EVENT_RECORD,field,286-286:SCROLLLOCK_ON,types,int,int,Int64,True,True,2026-05-13 16:25:36,
jansi.jansi.*,jansi.jansi.src.main.org.fusesource.jansi.internal.Kernel32.json,274-310:Kernel32_KEY_EVENT_RECORD,field,287-287:ENHANCED_KEY,types,int,int,Int64,True,True,2026-05-13 16:25:36,
jansi.jansi.*,jansi.jansi.src.main.org.fusesource.jansi.internal.Kernel32.json,274-310:Kernel32_KEY_EVENT_RECORD,field,288-288:LEFT_ALT_PRESSED,types,int,int,Int64,True,True,2026-05-13 16:25:36,
jansi.jansi.*,jansi.jansi.src.main.org.fusesource.jansi.internal.Kernel32.json,274-310:Kernel32_KEY_EVENT_RECORD,field,289-289:LEFT_CTRL_PRESSED,types,int,int,Int64,True,True,2026-05-13 16:25:36,
jansi.jansi.*,jansi.jansi.src.main.org.fusesource.jansi.internal.Kernel32.json,274-310:Kernel32_KEY_EVENT_RECORD,field,290-290:RIGHT_ALT_PRESSED,types,int,int,Int64,True,True,2026-05-13 16:25:37,
jansi.jansi.*,jansi.jansi.src.main.org.fusesource.jansi.internal.Kernel32.json,274-310:Kernel32_KEY_EVENT_RECORD,field,291-291:RIGHT_CTRL_PRESSED,types,int,int,Int64,True,True,2026-05-13 16:25:37,
jansi.jansi.*,jansi.jansi.src.main.org.fusesource.jansi.internal.Kernel32.json,274-310:Kernel32_KEY_EVENT_RECORD,field,292-292:SHIFT_PRESSED,types,int,int,Int64,True,True,2026-05-13 16:25:37,
jansi.jansi.*,jansi.jansi.src.main.org.fusesource.jansi.internal.Kernel32.json,274-310:Kernel32_KEY_EVENT_RECORD,field,294-294:keyDown,types,boolean,boolean,Bool,True,True,2026-05-13 16:25:37,
jansi.jansi.*,jansi.jansi.src.main.org.fusesource.jansi.internal.Kernel32.json,274-310:Kernel32_KEY_EVENT_RECORD,field,295-295:repeatCount,types,short,short,Int16,True,True,2026-05-13 16:25:37,
jansi.jansi.*,jansi.jansi.src.main.org.fusesource.jansi.internal.Kernel32.json,274-310:Kernel32_KEY_EVENT_RECORD,field,296-296:keyCode,types,short,short,Int16,True,True,2026-05-13 16:25:37,
jansi.jansi.*,jansi.jansi.src.main.org.fusesource.jansi.internal.Kernel32.json,274-310:Kernel32_KEY_EVENT_RECORD,field,297-297:scanCode,types,short,short,Int16,True,True,2026-05-13 16:25:37,
jansi.jansi.*,jansi.jansi.src.main.org.fusesource.jansi.internal.Kernel32.json,274-310:Kernel32_KEY_EVENT_RECORD,field,298-298:uchar,types,char,char,Rune,True,True,2026-05-13 16:25:37,
jansi.jansi.*,jansi.jansi.src.main.org.fusesource.jansi.internal.Kernel32.json,274-310:Kernel32_KEY_EVENT_RECORD,field,299-299:controlKeyState,types,int,int,Int64,True,True,2026-05-13 16:25:37,
jansi.jansi.*,jansi.jansi.src.main.org.fusesource.jansi.internal.Kernel32.json,274-310:Kernel32_KEY_EVENT_RECORD,method,281-281:init_,return_types,void,void,Unit,True,True,2026-05-13 16:25:37,
jansi.jansi.*,jansi.jansi.src.main.org.fusesource.jansi.internal.Kernel32.json,274-310:Kernel32_KEY_EVENT_RECORD,method,301-309:toString,return_types,String,String,String,True,True,2026-05-13 16:25:37,
jansi.jansi.*,jansi.jansi.src.main.org.fusesource.jansi.internal.Kernel32.json,315-358:Kernel32_MOUSE_EVENT_RECORD,field,324-324:SIZEOF,types,int,int,Int64,True,True,2026-05-13 16:25:37,
jansi.jansi.*,jansi.jansi.src.main.org.fusesource.jansi.internal.Kernel32.json,315-358:Kernel32_MOUSE_EVENT_RECORD,field,325-325:FROM_LEFT_1ST_BUTTON_PRESSED,types,int,int,Int64,True,True,2026-05-13 16:25:37,
jansi.jansi.*,jansi.jansi.src.main.org.fusesource.jansi.internal.Kernel32.json,315-358:Kernel32_MOUSE_EVENT_RECORD,field,326-326:FROM_LEFT_2ND_BUTTON_PRESSED,types,int,int,Int64,True,True,2026-05-13 16:25:37,
jansi.jansi.*,jansi.jansi.src.main.org.fusesource.jansi.internal.Kernel32.json,315-358:Kernel32_MOUSE_EVENT_RECORD,field,327-327:FROM_LEFT_3RD_BUTTON_PRESSED,types,int,int,Int64,True,True,2026-05-13 16:25:37,
jansi.jansi.*,jansi.jansi.src.main.org.fusesource.jansi.internal.Kernel32.json,315-358:Kernel32_MOUSE_EVENT_RECORD,field,328-328:FROM_LEFT_4TH_BUTTON_PRESSED,types,int,int,Int64,True,True,2026-05-13 16:25:37,
jansi.jansi.*,jansi.jansi.src.main.org.fusesource.jansi.internal.Kernel32.json,315-358:Kernel32_MOUSE_EVENT_RECORD,field,329-329:RIGHTMOST_BUTTON_PRESSED,types,int,int,Int64,True,True,2026-05-13 16:25:37,
jansi.jansi.*,jansi.jansi.src.main.org.fusesource.jansi.internal.Kernel32.json,315-358:Kernel32_MOUSE_EVENT_RECORD,field,331-331:CAPSLOCK_ON,types,int,int,Int64,True,True,2026-05-13 16:25:37,
jansi.jansi.*,jansi.jansi.src.main.org.fusesource.jansi.internal.Kernel32.json,315-358:Kernel32_MOUSE_EVENT_RECORD,field,332-332:NUMLOCK_ON,types,int,int,Int64,True,True,2026-05-13 16:25:37,
jansi.jansi.*,jansi.jansi.src.main.org.fusesource.jansi.internal.Kernel32.json,315-358:Kernel32_MOUSE_EVENT_RECORD,field,333-333:SCROLLLOCK_ON,types,int,int,Int64,True,True,2026-05-13 16:25:37,
jansi.jansi.*,jansi.jansi.src.main.org.fusesource.jansi.internal.Kernel32.json,315-358:Kernel32_MOUSE_EVENT_RECORD,field,334-334:ENHANCED_KEY,types,int,int,Int64,True,True,2026-05-13 16:25:37,
jansi.jansi.*,jansi.jansi.src.main.org.fusesource.jansi.internal.Kernel32.json,315-358:Kernel32_MOUSE_EVENT_RECORD,field,335-335:LEFT_ALT_PRESSED,types,int,int,Int64,True,True,2026-05-13 16:25:37,
jansi.jansi.*,jansi.jansi.src.main.org.fusesource.jansi.internal.Kernel32.json,315-358:Kernel32_MOUSE_EVENT_RECORD,field,336-336:LEFT_CTRL_PRESSED,types,int,int,Int64,True,True,2026-05-13 16:25:37,
jansi.jansi.*,jansi.jansi.src.main.org.fusesource.jansi.internal.Kernel32.json,315-358:Kernel32_MOUSE_EVENT_RECORD,field,337-337:RIGHT_ALT_PRESSED,types,int,int,Int64,True,True,2026-05-13 16:25:37,
jansi.jansi.*,jansi.jansi.src.main.org.fusesource.jansi.internal.Kernel32.json,315-358:Kernel32_MOUSE_EVENT_RECORD,field,338-338:RIGHT_CTRL_PRESSED,types,int,int,Int64,True,True,2026-05-13 16:25:37,
jansi.jansi.*,jansi.jansi.src.main.org.fusesource.jansi.internal.Kernel32.json,315-358:Kernel32_MOUSE_EVENT_RECORD,field,339-339:SHIFT_PRESSED,types,int,int,Int64,True,True,2026-05-13 16:25:37,
jansi.jansi.*,jansi.jansi.src.main.org.fusesource.jansi.internal.Kernel32.json,315-358:Kernel32_MOUSE_EVENT_RECORD,field,341-341:DOUBLE_CLICK,types,int,int,Int64,True,True,2026-05-13 16:25:37,
jansi.jansi.*,jansi.jansi.src.main.org.fusesource.jansi.internal.Kernel32.json,315-358:Kernel32_MOUSE_EVENT_RECORD,field,342-342:MOUSE_HWHEELED,types,int,int,Int64,True,True,2026-05-13 16:25:37,
jansi.jansi.*,jansi.jansi.src.main.org.fusesource.jansi.internal.Kernel32.json,315-358:Kernel32_MOUSE_EVENT_RECORD,field,343-343:MOUSE_MOVED,types,int,int,Int64,True,True,2026-05-13 16:25:37,
jansi.jansi.*,jansi.jansi.src.main.org.fusesource.jansi.internal.Kernel32.json,315-358:Kernel32_MOUSE_EVENT_RECORD,field,344-344:MOUSE_WHEELED,types,int,int,Int64,True,True,2026-05-13 16:25:37,
jansi.jansi.*,jansi.jansi.src.main.org.fusesource.jansi.internal.Kernel32.json,315-358:Kernel32_MOUSE_EVENT_RECORD,field,346-346:mousePosition,types,Kernel32_COORD,Kernel32_COORD,Kernel32_COORD,True,True,2026-05-13 16:25:37,
jansi.jansi.*,jansi.jansi.src.main.org.fusesource.jansi.internal.Kernel32.json,315-358:Kernel32_MOUSE_EVENT_RECORD,field,347-347:buttonState,types,int,int,Int64,True,True,2026-05-13 16:25:37,
jansi.jansi.*,jansi.jansi.src.main.org.fusesource.jansi.internal.Kernel32.json,315-358:Kernel32_MOUSE_EVENT_RECORD,field,348-348:controlKeyState,types,int,int,Int64,True,True,2026-05-13 16:25:37,
jansi.jansi.*,jansi.jansi.src.main.org.fusesource.jansi.internal.Kernel32.json,315-358:Kernel32_MOUSE_EVENT_RECORD,field,349-349:eventFlags,types,int,int,Int64,True,True,2026-05-13 16:25:37,
jansi.jansi.*,jansi.jansi.src.main.org.fusesource.jansi.internal.Kernel32.json,315-358:Kernel32_MOUSE_EVENT_RECORD,method,322-322:init_,return_types,void,void,Unit,True,True,2026-05-13 16:25:37,
jansi.jansi.*,jansi.jansi.src.main.org.fusesource.jansi.internal.Kernel32.json,315-358:Kernel32_MOUSE_EVENT_RECORD,method,351-357:toString,return_types,String,String,String,True,True,2026-05-13 16:25:37,
jansi.jansi.*,jansi.jansi.src.main.org.fusesource.jansi.internal.Kernel32.json,363-379:Kernel32_WINDOW_BUFFER_SIZE_RECORD,field,372-372:SIZEOF,types,int,int,Int64,True,True,2026-05-13 16:25:37,
jansi.jansi.*,jansi.jansi.src.main.org.fusesource.jansi.internal.Kernel32.json,363-379:Kernel32_WINDOW_BUFFER_SIZE_RECORD,field,374-374:size,types,Kernel32_COORD,Kernel32_COORD,Kernel32_COORD,True,True,2026-05-13 16:25:37,
jansi.jansi.*,jansi.jansi.src.main.org.fusesource.jansi.internal.Kernel32.json,363-379:Kernel32_WINDOW_BUFFER_SIZE_RECORD,method,370-370:init_,return_types,void,void,Unit,True,True,2026-05-13 16:25:37,
jansi.jansi.*,jansi.jansi.src.main.org.fusesource.jansi.internal.Kernel32.json,363-379:Kernel32_WINDOW_BUFFER_SIZE_RECORD,method,376-378:toString,return_types,String,String,String,True,True,2026-05-13 16:25:37,
jansi.jansi.*,jansi.jansi.src.main.org.fusesource.jansi.internal.Kernel32.json,384-394:Kernel32_FOCUS_EVENT_RECORD,field,392-392:SIZEOF,types,int,int,Int64,True,True,2026-05-13 16:25:37,
jansi.jansi.*,jansi.jansi.src.main.org.fusesource.jansi.internal.Kernel32.json,384-394:Kernel32_FOCUS_EVENT_RECORD,field,393-393:setFocus,types,boolean,boolean,Bool,True,True,2026-05-13 16:25:37,
jansi.jansi.*,jansi.jansi.src.main.org.fusesource.jansi.internal.Kernel32.json,384-394:Kernel32_FOCUS_EVENT_RECORD,method,390-390:init_,return_types,void,void,Unit,True,True,2026-05-13 16:25:37,
jansi.jansi.*,jansi.jansi.src.main.org.fusesource.jansi.internal.Kernel32.json,399-409:Kernel32_MENU_EVENT_RECORD,field,407-407:SIZEOF,types,int,int,Int64,True,True,2026-05-13 16:25:37,
jansi.jansi.*,jansi.jansi.src.main.org.fusesource.jansi.internal.Kernel32.json,399-409:Kernel32_MENU_EVENT_RECORD,field,408-408:commandId,types,int,int,Int64,True,True,2026-05-13 16:25:37,
jansi.jansi.*,jansi.jansi.src.main.org.fusesource.jansi.internal.Kernel32.json,399-409:Kernel32_MENU_EVENT_RECORD,method,405-405:init_,return_types,void,void,Unit,True,True,2026-05-13 16:25:37,
jansi.jansi.*,jansi.jansi.src.main.org.fusesource.jansi.internal.Kernel32.json,414-437:Kernel32_INPUT_RECORD,field,423-423:SIZEOF,types,int,int,Int64,True,True,2026-05-13 16:25:37,
jansi.jansi.*,jansi.jansi.src.main.org.fusesource.jansi.internal.Kernel32.json,414-437:Kernel32_INPUT_RECORD,field,424-424:KEY_EVENT,types,short,short,Int16,True,True,2026-05-13 16:25:37,
jansi.jansi.*,jansi.jansi.src.main.org.fusesource.jansi.internal.Kernel32.json,414-437:Kernel32_INPUT_RECORD,field,425-425:MOUSE_EVENT,types,short,short,Int16,True,True,2026-05-13 16:25:37,
jansi.jansi.*,jansi.jansi.src.main.org.fusesource.jansi.internal.Kernel32.json,414-437:Kernel32_INPUT_RECORD,field,426-426:WINDOW_BUFFER_SIZE_EVENT,types,short,short,Int16,True,True,2026-05-13 16:25:37,
jansi.jansi.*,jansi.jansi.src.main.org.fusesource.jansi.internal.Kernel32.json,414-437:Kernel32_INPUT_RECORD,field,427-427:FOCUS_EVENT,types,short,short,Int16,True,True,2026-05-13 16:25:37,
jansi.jansi.*,jansi.jansi.src.main.org.fusesource.jansi.internal.Kernel32.json,414-437:Kernel32_INPUT_RECORD,field,428-428:MENU_EVENT,types,short,short,Int16,True,True,2026-05-13 16:25:37,
jansi.jansi.*,jansi.jansi.src.main.org.fusesource.jansi.internal.Kernel32.json,414-437:Kernel32_INPUT_RECORD,field,429-429:eventType,types,short,short,Int16,True,True,2026-05-13 16:25:37,
jansi.jansi.*,jansi.jansi.src.main.org.fusesource.jansi.internal.Kernel32.json,414-437:Kernel32_INPUT_RECORD,field,430-430:keyEvent,types,Kernel32_KEY_EVENT_RECORD,Kernel32_KEY_EVENT_RECORD,Kernel32_KEY_EVENT_RECORD,True,True,2026-05-13 16:25:37,
jansi.jansi.*,jansi.jansi.src.main.org.fusesource.jansi.internal.Kernel32.json,414-437:Kernel32_INPUT_RECORD,field,431-431:mouseEvent,types,Kernel32_MOUSE_EVENT_RECORD,Kernel32_MOUSE_EVENT_RECORD,Kernel32_MOUSE_EVENT_RECORD,True,True,2026-05-13 16:25:37,
jansi.jansi.*,jansi.jansi.src.main.org.fusesource.jansi.internal.Kernel32.json,414-437:Kernel32_INPUT_RECORD,field,432-432:windowBufferSizeEvent,types,Kernel32_WINDOW_BUFFER_SIZE_RECORD,Kernel32_WINDOW_BUFFER_SIZE_RECORD,Kernel32_WINDOW_BUFFER_SIZE_RECORD,True,True,2026-05-13 16:25:37,
jansi.jansi.*,jansi.jansi.src.main.org.fusesource.jansi.internal.Kernel32.json,414-437:Kernel32_INPUT_RECORD,field,433-433:menuEvent,types,Kernel32_MENU_EVENT_RECORD,Kernel32_MENU_EVENT_RECORD,Kernel32_MENU_EVENT_RECORD,True,True,2026-05-13 16:25:37,
jansi.jansi.*,jansi.jansi.src.main.org.fusesource.jansi.internal.Kernel32.json,414-437:Kernel32_INPUT_RECORD,field,434-434:focusEvent,types,Kernel32_FOCUS_EVENT_RECORD,Kernel32_FOCUS_EVENT_RECORD,Kernel32_FOCUS_EVENT_RECORD,True,True,2026-05-13 16:25:37,
jansi.jansi.*,jansi.jansi.src.main.org.fusesource.jansi.internal.Kernel32.json,414-437:Kernel32_INPUT_RECORD,method,421-421:init_,return_types,void,void,Unit,True,True,2026-05-13 16:25:37,
jansi.jansi.*,jansi.jansi.src.main.org.fusesource.jansi.internal.Kernel32.json,414-437:Kernel32_INPUT_RECORD,method,436-436:memmove,return_types,void,void,Unit,True,True,2026-05-13 16:25:37,
jansi.jansi.*,jansi.jansi.src.main.org.fusesource.jansi.internal.Kernel32.json,414-437:Kernel32_INPUT_RECORD,method,436-436:memmove,parameters,|Kernel32_INPUT_RECORD|dest,Kernel32_INPUT_RECORD,Kernel32_INPUT_RECORD,True,True,2026-05-13 16:25:37,
jansi.jansi.*,jansi.jansi.src.main.org.fusesource.jansi.internal.Kernel32.json,414-437:Kernel32_INPUT_RECORD,method,436-436:memmove,parameters,|long|src,long,Int64,True,True,2026-05-13 16:25:37,
jansi.jansi.*,jansi.jansi.src.main.org.fusesource.jansi.internal.Kernel32.json,414-437:Kernel32_INPUT_RECORD,method,436-436:memmove,parameters,|long|size,long,Int64,True,True,2026-05-13 16:25:37,
jansi.jansi.*,jansi.jansi.src.main.org.fusesource.jansi.internal.MingwSupport.json,34-137:MingwSupport,field,36-36:sttyCommand,types,String,String,String,True,True,2026-05-13 16:52:44,
jansi.jansi.*,jansi.jansi.src.main.org.fusesource.jansi.internal.MingwSupport.json,34-137:MingwSupport,field,37-37:ttyCommand,types,String,String,String,True,True,2026-05-13 16:52:44,
jansi.jansi.*,jansi.jansi.src.main.org.fusesource.jansi.internal.MingwSupport.json,34-137:MingwSupport,field,38-38:columnsPatterns,types,Pattern,Pattern,Regex,True,True,2026-05-13 16:52:44,
jansi.jansi.*,jansi.jansi.src.main.org.fusesource.jansi.internal.MingwSupport.json,34-137:MingwSupport,method,40-67:MingwSupport,body_types,String,String,String,True,True,2026-05-13 16:52:44,
jansi.jansi.*,jansi.jansi.src.main.org.fusesource.jansi.internal.MingwSupport.json,34-137:MingwSupport,method,40-67:MingwSupport,body_types,String[],String[],Array<String>,True,True,2026-05-14 13:23:12,
jansi.jansi.*,jansi.jansi.src.main.org.fusesource.jansi.internal.MingwSupport.json,34-137:MingwSupport,method,40-67:MingwSupport,body_types,File,File,Any,True,True,2026-05-14 13:23:18,"Cangjie compilation error: [31merror[0m: expected declaration, found 'from'  [36m==>[0m /tmp/tmp3qus5q63.cj:3:1:   [36m| [0m [36m3[0m [36m| [0mfrom std.fs import File[0m   [36m| [0m[31m^^^^ expected declaration here[0m   [36m| [0m   [36m#[0m [0mnote[0m: only declarations or macro expressions can be used in the top-level  1 error generated, 1 error printed. "
jansi.jansi.*,jansi.jansi.src.main.org.fusesource.jansi.internal.MingwSupport.json,34-137:MingwSupport,method,69-86:getConsoleName,return_types,String,String,String,True,True,2026-05-13 16:52:59,
jansi.jansi.*,jansi.jansi.src.main.org.fusesource.jansi.internal.MingwSupport.json,34-137:MingwSupport,method,69-86:getConsoleName,body_types,Process,Process,Any,True,True,2026-05-14 13:23:23,"Cangjie compilation error: [31merror[0m: expected declaration, found 'from'  [36m==>[0m /tmp/tmpuz9opqs1.cj:3:1:   [36m| [0m [36m3[0m [36m| [0mfrom std.process import Process[0m   [36m| [0m[31m^^^^ expected declaration here[0m   [36m| [0m   [36m#[0m [0mnote[0m: only declarations or macro expressions can be used in the top-level  1 error generated, 1 error printed. "
jansi.jansi.*,jansi.jansi.src.main.org.fusesource.jansi.internal.MingwSupport.json,34-137:MingwSupport,method,69-86:getConsoleName,body_types,ProcessBuilder,ProcessBuilder,Any,True,True,2026-05-14 13:23:27,Cangjie compilation error: [31merror[0m: undeclared type name 'ProcessBuilder'   [36m==>[0m /tmp/tmpfls9s87l.cj:58:20:    [36m| [0m [36m58[0m [36m| [0m    let _test_val: ProcessBuilder[0m    [36m| [0m                   [31m^ [0m    [36m| [0m  [33mwarning[0m: unused import 'std.process.*'  [36m==>[0m /tmp/tmpfls9s87l.cj:3:1:   [36m| [0m [36m3[0m [36m| [0mimport std.process.*[0m   [36m| [0m[33m^^^^^^^^^^^^^^^^^^^^ unused import[0m   [36m| [0m   [36m#[0m [0mnote
jansi.jansi.*,jansi.jansi.src.main.org.fusesource.jansi.internal.MingwSupport.json,34-137:MingwSupport,method,69-86:getConsoleName,body_types,String,String,String,True,True,2026-05-13 16:53:14,
jansi.jansi.*,jansi.jansi.src.main.org.fusesource.jansi.internal.MingwSupport.json,34-137:MingwSupport,method,69-86:getConsoleName,body_types,Throwable,Throwable,Exception,True,True,2026-05-14 13:23:27,
jansi.jansi.*,jansi.jansi.src.main.org.fusesource.jansi.internal.MingwSupport.json,34-137:MingwSupport,method,69-86:getConsoleName,parameters,|boolean|stdout,boolean,Bool,True,True,2026-05-13 16:52:59,
jansi.jansi.*,jansi.jansi.src.main.org.fusesource.jansi.internal.MingwSupport.json,34-137:MingwSupport,method,88-103:getTerminalWidth,return_types,int,int,Int64,True,True,2026-05-13 16:53:22,
jansi.jansi.*,jansi.jansi.src.main.org.fusesource.jansi.internal.MingwSupport.json,34-137:MingwSupport,method,88-103:getTerminalWidth,body_types,Process,Process,Any,True,True,2026-05-14 13:23:35,"Cangjie compilation error: [31merror[0m: expected declaration, found 'from'  [36m==>[0m /tmp/tmpehs7e4qi.cj:3:1:   [36m| [0m [36m3[0m [36m| [0mfrom std.process import Process[0m   [36m| [0m[31m^^^^ expected declaration here[0m   [36m| [0m   [36m#[0m [0mnote[0m: only declarations or macro expressions can be used in the top-level  1 error generated, 1 error printed. "
jansi.jansi.*,jansi.jansi.src.main.org.fusesource.jansi.internal.MingwSupport.json,34-137:MingwSupport,method,88-103:getTerminalWidth,body_types,ProcessBuilder,ProcessBuilder,Any,True,True,2026-05-14 13:23:38,
jansi.jansi.*,jansi.jansi.src.main.org.fusesource.jansi.internal.MingwSupport.json,34-137:MingwSupport,method,88-103:getTerminalWidth,body_types,String,String,String,True,True,2026-05-13 16:53:37,
jansi.jansi.*,jansi.jansi.src.main.org.fusesource.jansi.internal.MingwSupport.json,34-137:MingwSupport,method,88-103:getTerminalWidth,body_types,IOException,IOException,IOException,True,True,2026-05-14 13:23:42,
jansi.jansi.*,jansi.jansi.src.main.org.fusesource.jansi.internal.MingwSupport.json,34-137:MingwSupport,method,88-103:getTerminalWidth,body_types,Matcher,Matcher,Regex,True,True,2026-05-14 13:23:45,
jansi.jansi.*,jansi.jansi.src.main.org.fusesource.jansi.internal.MingwSupport.json,34-137:MingwSupport,method,88-103:getTerminalWidth,body_types,Exception,Exception,Exception,True,True,2026-05-14 13:23:47,
jansi.jansi.*,jansi.jansi.src.main.org.fusesource.jansi.internal.MingwSupport.json,34-137:MingwSupport,method,88-103:getTerminalWidth,body_types,RuntimeException,RuntimeException,Exception,True,True,2026-05-14 13:23:49,
jansi.jansi.*,jansi.jansi.src.main.org.fusesource.jansi.internal.MingwSupport.json,34-137:MingwSupport,method,88-103:getTerminalWidth,parameters,|String|name,String,String,True,True,2026-05-13 16:53:22,
jansi.jansi.*,jansi.jansi.src.main.org.fusesource.jansi.internal.MingwSupport.json,34-137:MingwSupport,method,105-119:waitAndCapture,return_types,String,String,String,True,True,2026-05-13 16:54:05,
jansi.jansi.*,jansi.jansi.src.main.org.fusesource.jansi.internal.MingwSupport.json,34-137:MingwSupport,method,105-119:waitAndCapture,body_types,ByteArrayOutputStream,ByteArrayOutputStream,Any,True,True,2026-05-14 13:23:57,"Cangjie compilation error: [31merror[0m: expected declaration, found 'from'  [36m==>[0m /tmp/tmpwb7ln82v.cj:3:1:   [36m| [0m [36m3[0m [36m| [0mfrom std import io[0m   [36m| [0m[31m^^^^ expected declaration here[0m   [36m| [0m   [36m#[0m [0mnote[0m: only declarations or macro expressions can be used in the top-level  1 error generated, 1 error printed. "
jansi.jansi.*,jansi.jansi.src.main.org.fusesource.jansi.internal.MingwSupport.json,34-137:MingwSupport,method,105-119:waitAndCapture,body_types,InputStream,InputStream,InputStream,True,True,2026-05-13 16:54:21,
jansi.jansi.*,jansi.jansi.src.main.org.fusesource.jansi.internal.MingwSupport.json,34-137:MingwSupport,method,105-119:waitAndCapture,body_types,int,int,Int64,True,True,2026-05-13 16:54:21,
jansi.jansi.*,jansi.jansi.src.main.org.fusesource.jansi.internal.MingwSupport.json,34-137:MingwSupport,method,105-119:waitAndCapture,parameters,|Process|p,Process,Any,True,True,2026-05-14 13:23:51,
jansi.jansi.*,jansi.jansi.src.main.org.fusesource.jansi.internal.MingwSupport.json,34-137:MingwSupport,method,124-136:getRedirect,return_types,ProcessBuilder.Redirect,ProcessBuilder.Redirect,Any,True,True,2026-05-14 13:24:04,Cangjie compilation error: [31merror[0m: undeclared type name 'ProcessBuilder'   [36m==>[0m /tmp/tmprxyk9atc.cj:58:20:    [36m| [0m [36m58[0m [36m| [0m    let _test_val: ProcessBuilder.Redirect[0m    [36m| [0m                   [31m^ [0m    [36m| [0m  [31merror[0m: undeclared type name 'Redirect'   [36m==>[0m /tmp/tmprxyk9atc.cj:58:35:    [36m| [0m [36m58[0m [36m| [0m    let _test_val: ProcessBuilder.Redirect[0m    [36m| [0m                                  [31m^ 
jansi.jansi.*,jansi.jansi.src.main.org.fusesource.jansi.internal.MingwSupport.json,34-137:MingwSupport,method,124-136:getRedirect,body_types,Class<?>,Class<?>,TypeInfo,True,True,2026-05-14 13:24:07,
jansi.jansi.*,jansi.jansi.src.main.org.fusesource.jansi.internal.MingwSupport.json,34-137:MingwSupport,method,124-136:getRedirect,body_types,Constructor<?>,Constructor<?>,Constructor,True,True,2026-05-14 13:24:11,
jansi.jansi.*,jansi.jansi.src.main.org.fusesource.jansi.internal.MingwSupport.json,34-137:MingwSupport,method,124-136:getRedirect,body_types,ProcessBuilder.Redirect,ProcessBuilder.Redirect,Any,True,True,2026-05-14 13:24:19,Cangjie compilation error: [31merror[0m: undeclared type name 'ProcessBuilder'   [36m==>[0m /tmp/tmp9vc0clab.cj:58:20:    [36m| [0m [36m58[0m [36m| [0m    let _test_val: ProcessBuilder.Redirect[0m    [36m| [0m                   [31m^ [0m    [36m| [0m  [31merror[0m: undeclared type name 'Redirect'   [36m==>[0m /tmp/tmp9vc0clab.cj:58:35:    [36m| [0m [36m58[0m [36m| [0m    let _test_val: ProcessBuilder.Redirect[0m    [36m| [0m                                  [31m^ 
jansi.jansi.*,jansi.jansi.src.main.org.fusesource.jansi.internal.MingwSupport.json,34-137:MingwSupport,method,124-136:getRedirect,body_types,ProcessBuilder,ProcessBuilder,Any,True,True,2026-05-14 13:24:24,"Cangjie compilation error: [31merror[0m: expected declaration, found 'from'  [36m==>[0m /tmp/tmp65xhs4cd.cj:3:1:   [36m| [0m [36m3[0m [36m| [0mfrom std.process import ProcessBuilder[0m   [36m| [0m[31m^^^^ expected declaration here[0m   [36m| [0m   [36m#[0m [0mnote[0m: only declarations or macro expressions can be used in the top-level  1 error generated, 1 error printed. "
jansi.jansi.*,jansi.jansi.src.main.org.fusesource.jansi.internal.MingwSupport.json,34-137:MingwSupport,method,124-136:getRedirect,body_types,Redirect,Redirect,Any,True,True,2026-05-14 13:24:30,"Cangjie compilation error: [31merror[0m: expected type name after ':', found keyword 'class'   [36m==>[0m /tmp/tmpqajd7f7y.cj:58:20:    [36m| [0m [36m58[0m [36m| [0m    let _test_val: class Redirect {[0m    [36m| [0m                 [36m~[0m [31m^^^^^ expected type name here[0m    [36m| [0m                 [36m|[0m    [36m| [0m                 [36mafter ':'[0m    [36m| [0m  1 error generated, 1 error printed. "
jansi.jansi.*,jansi.jansi.src.main.org.fusesource.jansi.internal.MingwSupport.json,34-137:MingwSupport,method,124-136:getRedirect,body_types,Field,Field,InstancePropertyInfo,True,True,2026-05-13 16:55:18,
jansi.jansi.*,jansi.jansi.src.main.org.fusesource.jansi.internal.MingwSupport.json,34-137:MingwSupport,method,124-136:getRedirect,parameters,|FileDescriptor|fd,FileDescriptor,FileDescriptor,True,True,2026-05-14 13:24:04,
jansi.jansi.*,jansi.jansi.src.main.org.fusesource.jansi.internal.OSInfo.json,46-229:OSInfo,field,48-48:X86,types,String,String,String,True,True,2026-05-13 17:02:22,
jansi.jansi.*,jansi.jansi.src.main.org.fusesource.jansi.internal.OSInfo.json,46-229:OSInfo,field,49-49:X86_64,types,String,String,String,True,True,2026-05-13 17:02:22,
jansi.jansi.*,jansi.jansi.src.main.org.fusesource.jansi.internal.OSInfo.json,46-229:OSInfo,field,50-50:IA64_32,types,String,String,String,True,True,2026-05-13 17:02:22,
jansi.jansi.*,jansi.jansi.src.main.org.fusesource.jansi.internal.OSInfo.json,46-229:OSInfo,field,51-51:IA64,types,String,String,String,True,True,2026-05-13 17:02:22,
jansi.jansi.*,jansi.jansi.src.main.org.fusesource.jansi.internal.OSInfo.json,46-229:OSInfo,field,52-52:PPC,types,String,String,String,True,True,2026-05-13 17:02:22,
jansi.jansi.*,jansi.jansi.src.main.org.fusesource.jansi.internal.OSInfo.json,46-229:OSInfo,field,53-53:PPC64,types,String,String,String,True,True,2026-05-13 17:02:22,
jansi.jansi.*,jansi.jansi.src.main.org.fusesource.jansi.internal.OSInfo.json,46-229:OSInfo,field,54-54:ARM64,types,String,String,String,True,True,2026-05-13 17:02:22,
jansi.jansi.*,jansi.jansi.src.main.org.fusesource.jansi.internal.OSInfo.json,46-229:OSInfo,field,56-56:archMapping,types,"HashMap<String, String>","HashMap<String, String>","HashMap<String, String>",True,True,2026-05-14 13:26:45,
jansi.jansi.*,jansi.jansi.src.main.org.fusesource.jansi.internal.OSInfo.json,46-229:OSInfo,method,99-111:main,return_types,void,void,Unit,True,True,2026-05-13 17:02:31,
jansi.jansi.*,jansi.jansi.src.main.org.fusesource.jansi.internal.OSInfo.json,46-229:OSInfo,method,99-111:main,parameters,|String[]|args,String[],Array<String>,True,True,2026-05-14 13:26:46,
jansi.jansi.*,jansi.jansi.src.main.org.fusesource.jansi.internal.OSInfo.json,46-229:OSInfo,method,113-115:getNativeLibFolderPathForCurrentOS,return_types,String,String,String,True,True,2026-05-13 17:02:39,
jansi.jansi.*,jansi.jansi.src.main.org.fusesource.jansi.internal.OSInfo.json,46-229:OSInfo,method,117-119:getOSName,return_types,String,String,String,True,True,2026-05-13 17:02:39,
jansi.jansi.*,jansi.jansi.src.main.org.fusesource.jansi.internal.OSInfo.json,46-229:OSInfo,method,121-123:isAndroid,return_types,boolean,boolean,Bool,True,True,2026-05-13 17:02:39,
jansi.jansi.*,jansi.jansi.src.main.org.fusesource.jansi.internal.OSInfo.json,46-229:OSInfo,method,125-136:isAlpine,return_types,boolean,boolean,Bool,True,True,2026-05-13 17:02:39,
jansi.jansi.*,jansi.jansi.src.main.org.fusesource.jansi.internal.OSInfo.json,46-229:OSInfo,method,125-136:isAlpine,body_types,String,String,String,True,True,2026-05-13 17:02:39,
jansi.jansi.*,jansi.jansi.src.main.org.fusesource.jansi.internal.OSInfo.json,46-229:OSInfo,method,125-136:isAlpine,body_types,Throwable,Throwable,Exception,True,True,2026-05-14 13:26:47,
jansi.jansi.*,jansi.jansi.src.main.org.fusesource.jansi.internal.OSInfo.json,46-229:OSInfo,method,138-153:getHardwareName,return_types,String,String,String,True,True,2026-05-13 17:02:48,
jansi.jansi.*,jansi.jansi.src.main.org.fusesource.jansi.internal.OSInfo.json,46-229:OSInfo,method,138-153:getHardwareName,body_types,Process,Process,Any,True,True,2026-05-14 13:26:49,
jansi.jansi.*,jansi.jansi.src.main.org.fusesource.jansi.internal.OSInfo.json,46-229:OSInfo,method,138-153:getHardwareName,body_types,InputStream,InputStream,InputStream,True,True,2026-05-13 17:02:56,
jansi.jansi.*,jansi.jansi.src.main.org.fusesource.jansi.internal.OSInfo.json,46-229:OSInfo,method,138-153:getHardwareName,body_types,Throwable,Throwable,Exception,True,True,2026-05-14 13:26:50,
jansi.jansi.*,jansi.jansi.src.main.org.fusesource.jansi.internal.OSInfo.json,46-229:OSInfo,method,155-163:readFully,return_types,String,String,String,True,True,2026-05-13 17:03:05,
jansi.jansi.*,jansi.jansi.src.main.org.fusesource.jansi.internal.OSInfo.json,46-229:OSInfo,method,155-163:readFully,body_types,int,int,Int64,True,True,2026-05-13 17:03:05,
jansi.jansi.*,jansi.jansi.src.main.org.fusesource.jansi.internal.OSInfo.json,46-229:OSInfo,method,155-163:readFully,body_types,ByteArrayOutputStream,ByteArrayOutputStream,Any,True,True,2026-05-14 13:26:58,"Cangjie compilation error: [31merror[0m: expected declaration, found 'from'  [36m==>[0m /tmp/tmpe2vkjqid.cj:3:1:   [36m| [0m [36m3[0m [36m| [0mfrom std import io[0m   [36m| [0m[31m^^^^ expected declaration here[0m   [36m| [0m   [36m#[0m [0mnote[0m: only declarations or macro expressions can be used in the top-level  1 error generated, 1 error printed. "
jansi.jansi.*,jansi.jansi.src.main.org.fusesource.jansi.internal.OSInfo.json,46-229:OSInfo,method,155-163:readFully,body_types,byte[],byte[],Array<Byte>,True,True,2026-05-14 13:26:58,
jansi.jansi.*,jansi.jansi.src.main.org.fusesource.jansi.internal.OSInfo.json,46-229:OSInfo,method,155-163:readFully,body_types,byte,byte,Int8,True,True,2026-05-13 17:03:23,
jansi.jansi.*,jansi.jansi.src.main.org.fusesource.jansi.internal.OSInfo.json,46-229:OSInfo,method,155-163:readFully,parameters,|InputStream|in__,InputStream,InputStream,True,True,2026-05-13 17:03:05,
jansi.jansi.*,jansi.jansi.src.main.org.fusesource.jansi.internal.OSInfo.json,46-229:OSInfo,method,165-192:resolveArmArchType,return_types,String,String,String,True,True,2026-05-13 17:03:23,
jansi.jansi.*,jansi.jansi.src.main.org.fusesource.jansi.internal.OSInfo.json,46-229:OSInfo,method,165-192:resolveArmArchType,body_types,String,String,String,True,True,2026-05-13 17:03:23,
jansi.jansi.*,jansi.jansi.src.main.org.fusesource.jansi.internal.OSInfo.json,46-229:OSInfo,method,194-208:getArchName,return_types,String,String,String,True,True,2026-05-13 17:03:23,
jansi.jansi.*,jansi.jansi.src.main.org.fusesource.jansi.internal.OSInfo.json,46-229:OSInfo,method,194-208:getArchName,body_types,String,String,String,True,True,2026-05-13 17:03:23,
jansi.jansi.*,jansi.jansi.src.main.org.fusesource.jansi.internal.OSInfo.json,46-229:OSInfo,method,210-224:translateOSNameToFolderName,return_types,String,String,String,True,True,2026-05-13 17:03:23,
jansi.jansi.*,jansi.jansi.src.main.org.fusesource.jansi.internal.OSInfo.json,46-229:OSInfo,method,210-224:translateOSNameToFolderName,parameters,|String|osName,String,String,True,True,2026-05-13 17:03:23,
jansi.jansi.*,jansi.jansi.src.main.org.fusesource.jansi.internal.OSInfo.json,46-229:OSInfo,method,226-228:translateArchNameToFolderName,return_types,String,String,String,True,True,2026-05-13 17:03:23,
jansi.jansi.*,jansi.jansi.src.main.org.fusesource.jansi.internal.OSInfo.json,46-229:OSInfo,method,226-228:translateArchNameToFolderName,parameters,|String|archName,String,String,True,True,2026-05-13 17:03:23,
jansi.jansi.*,jansi.jansi.src.main.org.fusesource.jansi.io.AnsiOutputStream.json,41-359:AnsiOutputStream,field,43-43:RESET_CODE,types,byte[],byte[],Array<Byte>,True,True,2026-05-14 13:25:00,
jansi.jansi.*,jansi.jansi.src.main.org.fusesource.jansi.io.AnsiOutputStream.json,41-359:AnsiOutputStream,field,62-62:LOOKING_FOR_FIRST_ESC_CHAR,types,int,int,Int64,True,True,2026-05-13 16:56:38,
jansi.jansi.*,jansi.jansi.src.main.org.fusesource.jansi.io.AnsiOutputStream.json,41-359:AnsiOutputStream,field,63-63:LOOKING_FOR_SECOND_ESC_CHAR,types,int,int,Int64,True,True,2026-05-13 16:56:38,
jansi.jansi.*,jansi.jansi.src.main.org.fusesource.jansi.io.AnsiOutputStream.json,41-359:AnsiOutputStream,field,64-64:LOOKING_FOR_NEXT_ARG,types,int,int,Int64,True,True,2026-05-13 16:56:38,
jansi.jansi.*,jansi.jansi.src.main.org.fusesource.jansi.io.AnsiOutputStream.json,41-359:AnsiOutputStream,field,65-65:LOOKING_FOR_STR_ARG_END,types,int,int,Int64,True,True,2026-05-13 16:56:38,
jansi.jansi.*,jansi.jansi.src.main.org.fusesource.jansi.io.AnsiOutputStream.json,41-359:AnsiOutputStream,field,66-66:LOOKING_FOR_INT_ARG_END,types,int,int,Int64,True,True,2026-05-13 16:56:38,
jansi.jansi.*,jansi.jansi.src.main.org.fusesource.jansi.io.AnsiOutputStream.json,41-359:AnsiOutputStream,field,67-67:LOOKING_FOR_OSC_COMMAND,types,int,int,Int64,True,True,2026-05-13 16:56:38,
jansi.jansi.*,jansi.jansi.src.main.org.fusesource.jansi.io.AnsiOutputStream.json,41-359:AnsiOutputStream,field,68-68:LOOKING_FOR_OSC_COMMAND_END,types,int,int,Int64,True,True,2026-05-13 16:56:38,
jansi.jansi.*,jansi.jansi.src.main.org.fusesource.jansi.io.AnsiOutputStream.json,41-359:AnsiOutputStream,field,69-69:LOOKING_FOR_OSC_PARAM,types,int,int,Int64,True,True,2026-05-13 16:56:38,
jansi.jansi.*,jansi.jansi.src.main.org.fusesource.jansi.io.AnsiOutputStream.json,41-359:AnsiOutputStream,field,70-70:LOOKING_FOR_ST,types,int,int,Int64,True,True,2026-05-13 16:56:38,
jansi.jansi.*,jansi.jansi.src.main.org.fusesource.jansi.io.AnsiOutputStream.json,41-359:AnsiOutputStream,field,71-71:LOOKING_FOR_CHARSET,types,int,int,Int64,True,True,2026-05-13 16:56:38,
jansi.jansi.*,jansi.jansi.src.main.org.fusesource.jansi.io.AnsiOutputStream.json,41-359:AnsiOutputStream,field,73-73:FIRST_ESC_CHAR,types,int,int,Int64,True,True,2026-05-13 16:56:38,
jansi.jansi.*,jansi.jansi.src.main.org.fusesource.jansi.io.AnsiOutputStream.json,41-359:AnsiOutputStream,field,74-74:SECOND_ESC_CHAR,types,int,int,Int64,True,True,2026-05-13 16:56:38,
jansi.jansi.*,jansi.jansi.src.main.org.fusesource.jansi.io.AnsiOutputStream.json,41-359:AnsiOutputStream,field,75-75:SECOND_OSC_CHAR,types,int,int,Int64,True,True,2026-05-13 16:56:38,
jansi.jansi.*,jansi.jansi.src.main.org.fusesource.jansi.io.AnsiOutputStream.json,41-359:AnsiOutputStream,field,76-76:BEL,types,int,int,Int64,True,True,2026-05-13 16:56:38,
jansi.jansi.*,jansi.jansi.src.main.org.fusesource.jansi.io.AnsiOutputStream.json,41-359:AnsiOutputStream,field,77-77:SECOND_ST_CHAR,types,int,int,Int64,True,True,2026-05-13 16:56:38,
jansi.jansi.*,jansi.jansi.src.main.org.fusesource.jansi.io.AnsiOutputStream.json,41-359:AnsiOutputStream,field,78-78:SECOND_CHARSET0_CHAR,types,int,int,Int64,True,True,2026-05-13 16:56:38,
jansi.jansi.*,jansi.jansi.src.main.org.fusesource.jansi.io.AnsiOutputStream.json,41-359:AnsiOutputStream,field,79-79:SECOND_CHARSET1_CHAR,types,int,int,Int64,True,True,2026-05-13 16:56:38,
jansi.jansi.*,jansi.jansi.src.main.org.fusesource.jansi.io.AnsiOutputStream.json,41-359:AnsiOutputStream,field,81-81:ap,types,AnsiProcessor,AnsiProcessor,AnsiProcessor,True,True,2026-05-13 16:56:38,
jansi.jansi.*,jansi.jansi.src.main.org.fusesource.jansi.io.AnsiOutputStream.json,41-359:AnsiOutputStream,field,82-82:MAX_ESCAPE_SEQUENCE_LENGTH,types,int,int,Int64,True,True,2026-05-13 16:56:38,
jansi.jansi.*,jansi.jansi.src.main.org.fusesource.jansi.io.AnsiOutputStream.json,41-359:AnsiOutputStream,field,83-83:buffer,types,byte[],byte[],Array<Byte>,True,True,2026-05-14 13:25:01,
jansi.jansi.*,jansi.jansi.src.main.org.fusesource.jansi.io.AnsiOutputStream.json,41-359:AnsiOutputStream,field,84-84:pos,types,int,int,Int64,True,True,2026-05-13 16:56:45,
jansi.jansi.*,jansi.jansi.src.main.org.fusesource.jansi.io.AnsiOutputStream.json,41-359:AnsiOutputStream,field,85-85:startOfValue,types,int,int,Int64,True,True,2026-05-13 16:56:45,
jansi.jansi.*,jansi.jansi.src.main.org.fusesource.jansi.io.AnsiOutputStream.json,41-359:AnsiOutputStream,field,86-86:options,types,ArrayList<Object>,ArrayList<Object>,ArrayList<Object>,True,True,2026-05-14 13:25:03,
jansi.jansi.*,jansi.jansi.src.main.org.fusesource.jansi.io.AnsiOutputStream.json,41-359:AnsiOutputStream,field,87-87:state,types,int,int,Int64,True,True,2026-05-13 16:56:53,
jansi.jansi.*,jansi.jansi.src.main.org.fusesource.jansi.io.AnsiOutputStream.json,41-359:AnsiOutputStream,field,88-88:cs,types,Charset,Charset,Any,True,True,2026-05-14 13:25:10,"Cangjie compilation error: [31merror[0m: expected declaration, found 'from'  [36m==>[0m /tmp/tmp__uihbwc.cj:3:1:   [36m| [0m [36m3[0m [36m| [0mfrom std.encoding import Charset[0m   [36m| [0m[31m^^^^ expected declaration here[0m   [36m| [0m   [36m#[0m [0mnote[0m: only declarations or macro expressions can be used in the top-level  1 error generated, 1 error printed. "
jansi.jansi.*,jansi.jansi.src.main.org.fusesource.jansi.io.AnsiOutputStream.json,41-359:AnsiOutputStream,field,90-90:width,types,AnsiOutputStream_WidthSupplier,AnsiOutputStream_WidthSupplier,AnsiOutputStream_WidthSupplier,True,True,2026-05-13 16:57:00,
jansi.jansi.*,jansi.jansi.src.main.org.fusesource.jansi.io.AnsiOutputStream.json,41-359:AnsiOutputStream,field,91-91:processor,types,AnsiProcessor,AnsiProcessor,AnsiProcessor,True,True,2026-05-13 16:57:00,
jansi.jansi.*,jansi.jansi.src.main.org.fusesource.jansi.io.AnsiOutputStream.json,41-359:AnsiOutputStream,field,92-92:type__,types,AnsiType,AnsiType,AnsiType,True,True,2026-05-13 16:57:00,
jansi.jansi.*,jansi.jansi.src.main.org.fusesource.jansi.io.AnsiOutputStream.json,41-359:AnsiOutputStream,field,93-93:colors,types,AnsiColors,AnsiColors,AnsiColors,True,True,2026-05-13 16:57:00,
jansi.jansi.*,jansi.jansi.src.main.org.fusesource.jansi.io.AnsiOutputStream.json,41-359:AnsiOutputStream,field,94-94:installer,types,AnsiOutputStream_IoRunnable,AnsiOutputStream_IoRunnable,AnsiOutputStream_IoRunnable,True,True,2026-05-13 16:57:00,
jansi.jansi.*,jansi.jansi.src.main.org.fusesource.jansi.io.AnsiOutputStream.json,41-359:AnsiOutputStream,field,95-95:uninstaller,types,AnsiOutputStream_IoRunnable,AnsiOutputStream_IoRunnable,AnsiOutputStream_IoRunnable,True,True,2026-05-13 16:57:00,
jansi.jansi.*,jansi.jansi.src.main.org.fusesource.jansi.io.AnsiOutputStream.json,41-359:AnsiOutputStream,field,96-96:mode,types,AnsiMode,AnsiMode,AnsiMode,True,True,2026-05-13 16:57:00,
jansi.jansi.*,jansi.jansi.src.main.org.fusesource.jansi.io.AnsiOutputStream.json,41-359:AnsiOutputStream,field,97-97:resetAtUninstall,types,boolean,boolean,Bool,True,True,2026-05-13 16:57:00,
jansi.jansi.*,jansi.jansi.src.main.org.fusesource.jansi.io.AnsiOutputStream.json,41-359:AnsiOutputStream,method,99-120:AnsiOutputStream,parameters,|OutputStream|os,OutputStream,OutputStream,True,True,2026-05-13 16:57:00,
jansi.jansi.*,jansi.jansi.src.main.org.fusesource.jansi.io.AnsiOutputStream.json,41-359:AnsiOutputStream,method,99-120:AnsiOutputStream,parameters,|AnsiOutputStream_WidthSupplier|width,AnsiOutputStream_WidthSupplier,AnsiOutputStream_WidthSupplier,True,True,2026-05-13 16:57:00,
jansi.jansi.*,jansi.jansi.src.main.org.fusesource.jansi.io.AnsiOutputStream.json,41-359:AnsiOutputStream,method,99-120:AnsiOutputStream,parameters,|AnsiMode|mode,AnsiMode,AnsiMode,True,True,2026-05-13 16:57:00,
jansi.jansi.*,jansi.jansi.src.main.org.fusesource.jansi.io.AnsiOutputStream.json,41-359:AnsiOutputStream,method,99-120:AnsiOutputStream,parameters,|AnsiProcessor|processor,AnsiProcessor,AnsiProcessor,True,True,2026-05-13 16:57:00,
jansi.jansi.*,jansi.jansi.src.main.org.fusesource.jansi.io.AnsiOutputStream.json,41-359:AnsiOutputStream,method,99-120:AnsiOutputStream,parameters,|AnsiType|type__,AnsiType,AnsiType,True,True,2026-05-13 16:57:00,
jansi.jansi.*,jansi.jansi.src.main.org.fusesource.jansi.io.AnsiOutputStream.json,41-359:AnsiOutputStream,method,99-120:AnsiOutputStream,parameters,|AnsiColors|colors,AnsiColors,AnsiColors,True,True,2026-05-13 16:57:00,
jansi.jansi.*,jansi.jansi.src.main.org.fusesource.jansi.io.AnsiOutputStream.json,41-359:AnsiOutputStream,method,99-120:AnsiOutputStream,parameters,|Charset|cs,Charset,Any,True,True,2026-05-14 13:25:15,"Cangjie compilation error: [31merror[0m: expected declaration, found 'from'  [36m==>[0m /tmp/tmpswepiyvm.cj:3:1:   [36m| [0m [36m3[0m [36m| [0mfrom std.encoding import *[0m   [36m| [0m[31m^^^^ expected declaration here[0m   [36m| [0m   [36m#[0m [0mnote[0m: only declarations or macro expressions can be used in the top-level  1 error generated, 1 error printed. "
jansi.jansi.*,jansi.jansi.src.main.org.fusesource.jansi.io.AnsiOutputStream.json,41-359:AnsiOutputStream,method,99-120:AnsiOutputStream,parameters,|AnsiOutputStream_IoRunnable|installer,AnsiOutputStream_IoRunnable,AnsiOutputStream_IoRunnable,True,True,2026-05-13 16:57:08,
jansi.jansi.*,jansi.jansi.src.main.org.fusesource.jansi.io.AnsiOutputStream.json,41-359:AnsiOutputStream,method,99-120:AnsiOutputStream,parameters,|AnsiOutputStream_IoRunnable|uninstaller,AnsiOutputStream_IoRunnable,AnsiOutputStream_IoRunnable,True,True,2026-05-13 16:57:08,
jansi.jansi.*,jansi.jansi.src.main.org.fusesource.jansi.io.AnsiOutputStream.json,41-359:AnsiOutputStream,method,99-120:AnsiOutputStream,parameters,|boolean|resetAtUninstall,boolean,Bool,True,True,2026-05-13 16:57:08,
jansi.jansi.*,jansi.jansi.src.main.org.fusesource.jansi.io.AnsiOutputStream.json,41-359:AnsiOutputStream,method,122-124:getTerminalWidth,return_types,int,int,Int64,True,True,2026-05-13 16:57:08,
jansi.jansi.*,jansi.jansi.src.main.org.fusesource.jansi.io.AnsiOutputStream.json,41-359:AnsiOutputStream,method,126-128:getType,return_types,AnsiType,AnsiType,AnsiType,True,True,2026-05-13 16:57:08,
jansi.jansi.*,jansi.jansi.src.main.org.fusesource.jansi.io.AnsiOutputStream.json,41-359:AnsiOutputStream,method,130-132:getColors,return_types,AnsiColors,AnsiColors,AnsiColors,True,True,2026-05-13 16:57:08,
jansi.jansi.*,jansi.jansi.src.main.org.fusesource.jansi.io.AnsiOutputStream.json,41-359:AnsiOutputStream,method,134-136:getMode,return_types,AnsiMode,AnsiMode,AnsiMode,True,True,2026-05-13 16:57:08,
jansi.jansi.*,jansi.jansi.src.main.org.fusesource.jansi.io.AnsiOutputStream.json,41-359:AnsiOutputStream,method,138-143:setMode,return_types,void,void,Unit,True,True,2026-05-13 16:57:08,
jansi.jansi.*,jansi.jansi.src.main.org.fusesource.jansi.io.AnsiOutputStream.json,41-359:AnsiOutputStream,method,138-143:setMode,body_types,AnsiProcessor,AnsiProcessor,AnsiProcessor,True,True,2026-05-13 16:57:08,
jansi.jansi.*,jansi.jansi.src.main.org.fusesource.jansi.io.AnsiOutputStream.json,41-359:AnsiOutputStream,method,138-143:setMode,body_types,ColorsAnsiProcessor,ColorsAnsiProcessor,ColorsAnsiProcessor,True,True,2026-05-13 16:57:08,
jansi.jansi.*,jansi.jansi.src.main.org.fusesource.jansi.io.AnsiOutputStream.json,41-359:AnsiOutputStream,method,138-143:setMode,parameters,|AnsiMode|mode,AnsiMode,AnsiMode,True,True,2026-05-13 16:57:08,
jansi.jansi.*,jansi.jansi.src.main.org.fusesource.jansi.io.AnsiOutputStream.json,41-359:AnsiOutputStream,method,145-147:isResetAtUninstall,return_types,boolean,boolean,Bool,True,True,2026-05-13 16:57:08,
jansi.jansi.*,jansi.jansi.src.main.org.fusesource.jansi.io.AnsiOutputStream.json,41-359:AnsiOutputStream,method,149-151:setResetAtUninstall,return_types,void,void,Unit,True,True,2026-05-13 16:57:08,
jansi.jansi.*,jansi.jansi.src.main.org.fusesource.jansi.io.AnsiOutputStream.json,41-359:AnsiOutputStream,method,149-151:setResetAtUninstall,parameters,|boolean|resetAtUninstall,boolean,Bool,True,True,2026-05-13 16:57:08,
jansi.jansi.*,jansi.jansi.src.main.org.fusesource.jansi.io.AnsiOutputStream.json,41-359:AnsiOutputStream,method,156-293:write,return_types,void,void,Unit,True,True,2026-05-13 16:57:08,
jansi.jansi.*,jansi.jansi.src.main.org.fusesource.jansi.io.AnsiOutputStream.json,41-359:AnsiOutputStream,method,156-293:write,body_types,byte,byte,Int8,True,True,2026-05-13 16:57:08,
jansi.jansi.*,jansi.jansi.src.main.org.fusesource.jansi.io.AnsiOutputStream.json,41-359:AnsiOutputStream,method,156-293:write,body_types,String,String,String,True,True,2026-05-13 16:57:08,
jansi.jansi.*,jansi.jansi.src.main.org.fusesource.jansi.io.AnsiOutputStream.json,41-359:AnsiOutputStream,method,156-293:write,body_types,Integer,Integer,Int64,True,True,2026-05-13 16:57:08,
jansi.jansi.*,jansi.jansi.src.main.org.fusesource.jansi.io.AnsiOutputStream.json,41-359:AnsiOutputStream,method,156-293:write,body_types,char,char,Rune,True,True,2026-05-13 16:57:08,
jansi.jansi.*,jansi.jansi.src.main.org.fusesource.jansi.io.AnsiOutputStream.json,41-359:AnsiOutputStream,method,156-293:write,parameters,|int|data,int,Int64,True,True,2026-05-13 16:57:08,
jansi.jansi.*,jansi.jansi.src.main.org.fusesource.jansi.io.AnsiOutputStream.json,41-359:AnsiOutputStream,method,295-302:processCharsetSelect,return_types,void,void,Unit,True,True,2026-05-13 16:57:08,
jansi.jansi.*,jansi.jansi.src.main.org.fusesource.jansi.io.AnsiOutputStream.json,41-359:AnsiOutputStream,method,295-302:processCharsetSelect,body_types,RuntimeException,RuntimeException,Exception,True,True,2026-05-14 13:25:15,
jansi.jansi.*,jansi.jansi.src.main.org.fusesource.jansi.io.AnsiOutputStream.json,41-359:AnsiOutputStream,method,304-311:processOperatingSystemCommand,return_types,void,void,Unit,True,True,2026-05-13 16:57:15,
jansi.jansi.*,jansi.jansi.src.main.org.fusesource.jansi.io.AnsiOutputStream.json,41-359:AnsiOutputStream,method,304-311:processOperatingSystemCommand,body_types,RuntimeException,RuntimeException,Exception,True,True,2026-05-14 13:25:17,
jansi.jansi.*,jansi.jansi.src.main.org.fusesource.jansi.io.AnsiOutputStream.json,41-359:AnsiOutputStream,method,313-320:processEscapeCommand,return_types,void,void,Unit,True,True,2026-05-13 16:57:22,
jansi.jansi.*,jansi.jansi.src.main.org.fusesource.jansi.io.AnsiOutputStream.json,41-359:AnsiOutputStream,method,313-320:processEscapeCommand,body_types,RuntimeException,RuntimeException,Exception,True,True,2026-05-14 13:25:19,
jansi.jansi.*,jansi.jansi.src.main.org.fusesource.jansi.io.AnsiOutputStream.json,41-359:AnsiOutputStream,method,313-320:processEscapeCommand,parameters,|int|data,int,Int64,True,True,2026-05-13 16:57:22,
jansi.jansi.*,jansi.jansi.src.main.org.fusesource.jansi.io.AnsiOutputStream.json,41-359:AnsiOutputStream,method,327-335:reset,return_types,void,void,Unit,True,True,2026-05-13 16:57:29,
jansi.jansi.*,jansi.jansi.src.main.org.fusesource.jansi.io.AnsiOutputStream.json,41-359:AnsiOutputStream,method,327-335:reset,parameters,|boolean|skipBuffer,boolean,Bool,True,True,2026-05-13 16:57:29,
jansi.jansi.*,jansi.jansi.src.main.org.fusesource.jansi.io.AnsiOutputStream.json,41-359:AnsiOutputStream,method,337-341:install,return_types,void,void,Unit,True,True,2026-05-13 16:57:29,
jansi.jansi.*,jansi.jansi.src.main.org.fusesource.jansi.io.AnsiOutputStream.json,41-359:AnsiOutputStream,method,343-352:uninstall,return_types,void,void,Unit,True,True,2026-05-13 16:57:29,
jansi.jansi.*,jansi.jansi.src.main.org.fusesource.jansi.io.AnsiOutputStream.json,41-359:AnsiOutputStream,method,354-358:close,return_types,void,void,Unit,True,True,2026-05-13 16:57:29,
jansi.jansi.*,jansi.jansi.src.main.org.fusesource.jansi.io.AnsiOutputStream.json,45-48:AnsiOutputStream_IoRunnable,method,47-47:run,return_types,void,void,Unit,True,True,2026-05-13 16:57:29,
jansi.jansi.*,jansi.jansi.src.main.org.fusesource.jansi.io.AnsiOutputStream.json,50-53:AnsiOutputStream_WidthSupplier,method,52-52:getTerminalWidth,return_types,int,int,Int64,True,True,2026-05-13 16:57:29,
jansi.jansi.*,jansi.jansi.src.main.org.fusesource.jansi.io.AnsiOutputStream.json,55-60:AnsiOutputStream_ZeroWidthSupplier,method,56-59:getTerminalWidth,return_types,int,int,Int64,True,True,2026-05-13 16:57:29,
jansi.jansi.*,jansi.jansi.src.main.org.fusesource.jansi.io.AnsiProcessor.json,33-559:AnsiProcessor,field,35-35:os,types,OutputStream,OutputStream,OutputStream,True,True,2026-05-13 16:38:06,
jansi.jansi.*,jansi.jansi.src.main.org.fusesource.jansi.io.AnsiProcessor.json,33-559:AnsiProcessor,field,302-302:ERASE_SCREEN_TO_END,types,int,int,Int64,True,True,2026-05-13 16:38:06,
jansi.jansi.*,jansi.jansi.src.main.org.fusesource.jansi.io.AnsiProcessor.json,33-559:AnsiProcessor,field,303-303:ERASE_SCREEN_TO_BEGINING,types,int,int,Int64,True,True,2026-05-13 16:38:06,
jansi.jansi.*,jansi.jansi.src.main.org.fusesource.jansi.io.AnsiProcessor.json,33-559:AnsiProcessor,field,304-304:ERASE_SCREEN,types,int,int,Int64,True,True,2026-05-13 16:38:06,
jansi.jansi.*,jansi.jansi.src.main.org.fusesource.jansi.io.AnsiProcessor.json,33-559:AnsiProcessor,field,313-313:ERASE_LINE_TO_END,types,int,int,Int64,True,True,2026-05-13 16:38:06,
jansi.jansi.*,jansi.jansi.src.main.org.fusesource.jansi.io.AnsiProcessor.json,33-559:AnsiProcessor,field,314-314:ERASE_LINE_TO_BEGINING,types,int,int,Int64,True,True,2026-05-13 16:38:06,
jansi.jansi.*,jansi.jansi.src.main.org.fusesource.jansi.io.AnsiProcessor.json,33-559:AnsiProcessor,field,315-315:ERASE_LINE,types,int,int,Int64,True,True,2026-05-13 16:38:06,
jansi.jansi.*,jansi.jansi.src.main.org.fusesource.jansi.io.AnsiProcessor.json,33-559:AnsiProcessor,field,324-324:ATTRIBUTE_INTENSITY_BOLD,types,int,int,Int64,True,True,2026-05-13 16:38:06,
jansi.jansi.*,jansi.jansi.src.main.org.fusesource.jansi.io.AnsiProcessor.json,33-559:AnsiProcessor,field,325-325:ATTRIBUTE_INTENSITY_FAINT,types,int,int,Int64,True,True,2026-05-13 16:38:06,
jansi.jansi.*,jansi.jansi.src.main.org.fusesource.jansi.io.AnsiProcessor.json,33-559:AnsiProcessor,field,326-326:ATTRIBUTE_ITALIC,types,int,int,Int64,True,True,2026-05-13 16:38:06,
jansi.jansi.*,jansi.jansi.src.main.org.fusesource.jansi.io.AnsiProcessor.json,33-559:AnsiProcessor,field,327-327:ATTRIBUTE_UNDERLINE,types,int,int,Int64,True,True,2026-05-13 16:38:06,
jansi.jansi.*,jansi.jansi.src.main.org.fusesource.jansi.io.AnsiProcessor.json,33-559:AnsiProcessor,field,328-328:ATTRIBUTE_BLINK_SLOW,types,int,int,Int64,True,True,2026-05-13 16:38:06,
jansi.jansi.*,jansi.jansi.src.main.org.fusesource.jansi.io.AnsiProcessor.json,33-559:AnsiProcessor,field,329-329:ATTRIBUTE_BLINK_FAST,types,int,int,Int64,True,True,2026-05-13 16:38:06,
jansi.jansi.*,jansi.jansi.src.main.org.fusesource.jansi.io.AnsiProcessor.json,33-559:AnsiProcessor,field,330-331:ATTRIBUTE_NEGATIVE_ON,types,int,int,Int64,True,True,2026-05-13 16:38:06,
jansi.jansi.*,jansi.jansi.src.main.org.fusesource.jansi.io.AnsiProcessor.json,33-559:AnsiProcessor,field,332-332:ATTRIBUTE_CONCEAL_ON,types,int,int,Int64,True,True,2026-05-13 16:38:06,
jansi.jansi.*,jansi.jansi.src.main.org.fusesource.jansi.io.AnsiProcessor.json,33-559:AnsiProcessor,field,333-333:ATTRIBUTE_UNDERLINE_DOUBLE,types,int,int,Int64,True,True,2026-05-13 16:38:06,
jansi.jansi.*,jansi.jansi.src.main.org.fusesource.jansi.io.AnsiProcessor.json,33-559:AnsiProcessor,field,334-334:ATTRIBUTE_INTENSITY_NORMAL,types,int,int,Int64,True,True,2026-05-13 16:38:06,
jansi.jansi.*,jansi.jansi.src.main.org.fusesource.jansi.io.AnsiProcessor.json,33-559:AnsiProcessor,field,335-335:ATTRIBUTE_UNDERLINE_OFF,types,int,int,Int64,True,True,2026-05-13 16:38:06,
jansi.jansi.*,jansi.jansi.src.main.org.fusesource.jansi.io.AnsiProcessor.json,33-559:AnsiProcessor,field,336-336:ATTRIBUTE_BLINK_OFF,types,int,int,Int64,True,True,2026-05-13 16:38:06,
jansi.jansi.*,jansi.jansi.src.main.org.fusesource.jansi.io.AnsiProcessor.json,33-559:AnsiProcessor,field,337-337:ATTRIBUTE_NEGATIVE_OFF,types,int,int,Int64,True,True,2026-05-13 16:38:06,
jansi.jansi.*,jansi.jansi.src.main.org.fusesource.jansi.io.AnsiProcessor.json,33-559:AnsiProcessor,field,338-338:ATTRIBUTE_CONCEAL_OFF,types,int,int,Int64,True,True,2026-05-13 16:38:06,
jansi.jansi.*,jansi.jansi.src.main.org.fusesource.jansi.io.AnsiProcessor.json,33-559:AnsiProcessor,field,356-356:BLACK,types,int,int,Int64,True,True,2026-05-13 16:38:06,
jansi.jansi.*,jansi.jansi.src.main.org.fusesource.jansi.io.AnsiProcessor.json,33-559:AnsiProcessor,field,357-357:RED,types,int,int,Int64,True,True,2026-05-13 16:38:06,
jansi.jansi.*,jansi.jansi.src.main.org.fusesource.jansi.io.AnsiProcessor.json,33-559:AnsiProcessor,field,358-358:GREEN,types,int,int,Int64,True,True,2026-05-13 16:38:06,
jansi.jansi.*,jansi.jansi.src.main.org.fusesource.jansi.io.AnsiProcessor.json,33-559:AnsiProcessor,field,359-359:YELLOW,types,int,int,Int64,True,True,2026-05-13 16:38:06,
jansi.jansi.*,jansi.jansi.src.main.org.fusesource.jansi.io.AnsiProcessor.json,33-559:AnsiProcessor,field,360-360:BLUE,types,int,int,Int64,True,True,2026-05-13 16:38:06,
jansi.jansi.*,jansi.jansi.src.main.org.fusesource.jansi.io.AnsiProcessor.json,33-559:AnsiProcessor,field,361-361:MAGENTA,types,int,int,Int64,True,True,2026-05-13 16:38:06,
jansi.jansi.*,jansi.jansi.src.main.org.fusesource.jansi.io.AnsiProcessor.json,33-559:AnsiProcessor,field,362-362:CYAN,types,int,int,Int64,True,True,2026-05-13 16:38:06,
jansi.jansi.*,jansi.jansi.src.main.org.fusesource.jansi.io.AnsiProcessor.json,33-559:AnsiProcessor,field,363-363:WHITE,types,int,int,Int64,True,True,2026-05-13 16:38:06,
jansi.jansi.*,jansi.jansi.src.main.org.fusesource.jansi.io.AnsiProcessor.json,33-559:AnsiProcessor,method,37-39:AnsiProcessor,parameters,|OutputStream|os,OutputStream,OutputStream,True,True,2026-05-13 16:38:06,
jansi.jansi.*,jansi.jansi.src.main.org.fusesource.jansi.io.AnsiProcessor.json,33-559:AnsiProcessor,method,46-52:getNextOptionInt,return_types,int,int,Int64,True,True,2026-05-13 16:38:06,
jansi.jansi.*,jansi.jansi.src.main.org.fusesource.jansi.io.AnsiProcessor.json,33-559:AnsiProcessor,method,46-52:getNextOptionInt,body_types,IllegalArgumentException,IllegalArgumentException,IllegalArgumentException,True,True,2026-05-14 11:58:40,
jansi.jansi.*,jansi.jansi.src.main.org.fusesource.jansi.io.AnsiProcessor.json,33-559:AnsiProcessor,method,46-52:getNextOptionInt,body_types,Object,Object,Any,True,True,2026-05-13 16:38:20,
jansi.jansi.*,jansi.jansi.src.main.org.fusesource.jansi.io.AnsiProcessor.json,33-559:AnsiProcessor,method,46-52:getNextOptionInt,body_types,Integer,Integer,Int64,True,True,2026-05-13 16:38:20,
jansi.jansi.*,jansi.jansi.src.main.org.fusesource.jansi.io.AnsiProcessor.json,33-559:AnsiProcessor,method,46-52:getNextOptionInt,parameters,|Iterator<Object>|optionsIterator,Iterator<Object>,Iterator<Object>,True,True,2026-05-14 11:58:37,
jansi.jansi.*,jansi.jansi.src.main.org.fusesource.jansi.io.AnsiProcessor.json,33-559:AnsiProcessor,method,57-197:processEscapeCommand,return_types,boolean,boolean,Bool,True,True,2026-05-13 16:38:20,
jansi.jansi.*,jansi.jansi.src.main.org.fusesource.jansi.io.AnsiProcessor.json,33-559:AnsiProcessor,method,57-197:processEscapeCommand,body_types,Object,Object,Any,True,True,2026-05-13 16:38:28,
jansi.jansi.*,jansi.jansi.src.main.org.fusesource.jansi.io.AnsiProcessor.json,33-559:AnsiProcessor,method,57-197:processEscapeCommand,body_types,Integer,Integer,Int64,True,True,2026-05-13 16:38:28,
jansi.jansi.*,jansi.jansi.src.main.org.fusesource.jansi.io.AnsiProcessor.json,33-559:AnsiProcessor,method,57-197:processEscapeCommand,body_types,IllegalArgumentException,IllegalArgumentException,IllegalArgumentException,True,True,2026-05-14 11:58:45,
jansi.jansi.*,jansi.jansi.src.main.org.fusesource.jansi.io.AnsiProcessor.json,33-559:AnsiProcessor,method,57-197:processEscapeCommand,body_types,int,int,Int64,True,True,2026-05-13 16:38:35,
jansi.jansi.*,jansi.jansi.src.main.org.fusesource.jansi.io.AnsiProcessor.json,33-559:AnsiProcessor,method,57-197:processEscapeCommand,body_types,Iterator<Object>,Iterator<Object>,Iterator<Object>,True,True,2026-05-14 11:58:53,"Cangjie compilation error: [31merror[0m: expected declaration, found 'from'  [36m==>[0m /tmp/tmp4j8rosgn.cj:3:1:   [36m| [0m [36m3[0m [36m| [0mfrom std.collection import Iterator[0m   [36m| [0m[31m^^^^ expected declaration here[0m   [36m| [0m   [36m#[0m [0mnote[0m: only declarations or macro expressions can be used in the top-level  1 error generated, 1 error printed. "
jansi.jansi.*,jansi.jansi.src.main.org.fusesource.jansi.io.AnsiProcessor.json,33-559:AnsiProcessor,method,57-197:processEscapeCommand,parameters,|ArrayList<Object>|options,ArrayList<Object>,ArrayList<Object>,True,True,2026-05-14 11:58:42,
jansi.jansi.*,jansi.jansi.src.main.org.fusesource.jansi.io.AnsiProcessor.json,33-559:AnsiProcessor,method,57-197:processEscapeCommand,parameters,|int|command,int,Int64,True,True,2026-05-13 16:38:28,
jansi.jansi.*,jansi.jansi.src.main.org.fusesource.jansi.io.AnsiProcessor.json,33-559:AnsiProcessor,method,202-227:processOperatingSystemCommand,return_types,boolean,boolean,Bool,True,True,2026-05-13 16:38:43,
jansi.jansi.*,jansi.jansi.src.main.org.fusesource.jansi.io.AnsiProcessor.json,33-559:AnsiProcessor,method,202-227:processOperatingSystemCommand,body_types,int,int,Int64,True,True,2026-05-13 16:38:51,
jansi.jansi.*,jansi.jansi.src.main.org.fusesource.jansi.io.AnsiProcessor.json,33-559:AnsiProcessor,method,202-227:processOperatingSystemCommand,body_types,String,String,String,True,True,2026-05-13 16:38:51,
jansi.jansi.*,jansi.jansi.src.main.org.fusesource.jansi.io.AnsiProcessor.json,33-559:AnsiProcessor,method,202-227:processOperatingSystemCommand,body_types,IllegalArgumentException,IllegalArgumentException,IllegalArgumentException,True,True,2026-05-14 11:58:55,
jansi.jansi.*,jansi.jansi.src.main.org.fusesource.jansi.io.AnsiProcessor.json,33-559:AnsiProcessor,method,202-227:processOperatingSystemCommand,parameters,|ArrayList<Object>|options,ArrayList<Object>,ArrayList<Object>,True,True,2026-05-14 11:58:53,
jansi.jansi.*,jansi.jansi.src.main.org.fusesource.jansi.io.AnsiProcessor.json,33-559:AnsiProcessor,method,234-239:processCharsetSelect,return_types,boolean,boolean,Bool,True,True,2026-05-13 16:38:57,
jansi.jansi.*,jansi.jansi.src.main.org.fusesource.jansi.io.AnsiProcessor.json,33-559:AnsiProcessor,method,234-239:processCharsetSelect,body_types,int,int,Int64,True,True,2026-05-13 16:39:04,
jansi.jansi.*,jansi.jansi.src.main.org.fusesource.jansi.io.AnsiProcessor.json,33-559:AnsiProcessor,method,234-239:processCharsetSelect,body_types,char,char,Rune,True,True,2026-05-13 16:39:04,
jansi.jansi.*,jansi.jansi.src.main.org.fusesource.jansi.io.AnsiProcessor.json,33-559:AnsiProcessor,method,234-239:processCharsetSelect,body_types,Character,Character,Rune,True,True,2026-05-13 16:39:04,
jansi.jansi.*,jansi.jansi.src.main.org.fusesource.jansi.io.AnsiProcessor.json,33-559:AnsiProcessor,method,234-239:processCharsetSelect,parameters,|ArrayList<Object>|options,ArrayList<Object>,ArrayList<Object>,True,True,2026-05-14 11:58:57,
jansi.jansi.*,jansi.jansi.src.main.org.fusesource.jansi.io.AnsiProcessor.json,33-559:AnsiProcessor,method,241-247:optionInt,return_types,int,int,Int64,True,True,2026-05-13 16:39:04,
jansi.jansi.*,jansi.jansi.src.main.org.fusesource.jansi.io.AnsiProcessor.json,33-559:AnsiProcessor,method,241-247:optionInt,body_types,IllegalArgumentException,IllegalArgumentException,IllegalArgumentException,True,True,2026-05-14 11:59:02,
jansi.jansi.*,jansi.jansi.src.main.org.fusesource.jansi.io.AnsiProcessor.json,33-559:AnsiProcessor,method,241-247:optionInt,body_types,Object,Object,Any,True,True,2026-05-13 16:39:19,
jansi.jansi.*,jansi.jansi.src.main.org.fusesource.jansi.io.AnsiProcessor.json,33-559:AnsiProcessor,method,241-247:optionInt,body_types,Integer,Integer,Int64,True,True,2026-05-13 16:39:19,
jansi.jansi.*,jansi.jansi.src.main.org.fusesource.jansi.io.AnsiProcessor.json,33-559:AnsiProcessor,method,241-247:optionInt,parameters,|ArrayList<Object>|options,ArrayList<Object>,ArrayList<Object>,True,True,2026-05-14 11:58:59,
jansi.jansi.*,jansi.jansi.src.main.org.fusesource.jansi.io.AnsiProcessor.json,33-559:AnsiProcessor,method,241-247:optionInt,parameters,|int|index,int,Int64,True,True,2026-05-13 16:39:12,
jansi.jansi.*,jansi.jansi.src.main.org.fusesource.jansi.io.AnsiProcessor.json,33-559:AnsiProcessor,method,249-258:optionInt,return_types,int,int,Int64,True,True,2026-05-13 16:39:19,
jansi.jansi.*,jansi.jansi.src.main.org.fusesource.jansi.io.AnsiProcessor.json,33-559:AnsiProcessor,method,249-258:optionInt,body_types,Object,Object,Any,True,True,2026-05-13 16:39:27,
jansi.jansi.*,jansi.jansi.src.main.org.fusesource.jansi.io.AnsiProcessor.json,33-559:AnsiProcessor,method,249-258:optionInt,body_types,Integer,Integer,Int64,True,True,2026-05-13 16:39:27,
jansi.jansi.*,jansi.jansi.src.main.org.fusesource.jansi.io.AnsiProcessor.json,33-559:AnsiProcessor,method,249-258:optionInt,parameters,|ArrayList<Object>|options,ArrayList<Object>,ArrayList<Object>,True,True,2026-05-14 11:59:04,
jansi.jansi.*,jansi.jansi.src.main.org.fusesource.jansi.io.AnsiProcessor.json,33-559:AnsiProcessor,method,249-258:optionInt,parameters,|int|index,int,Int64,True,True,2026-05-13 16:39:27,
jansi.jansi.*,jansi.jansi.src.main.org.fusesource.jansi.io.AnsiProcessor.json,33-559:AnsiProcessor,method,249-258:optionInt,parameters,|int|defaultValue,int,Int64,True,True,2026-05-13 16:39:27,
jansi.jansi.*,jansi.jansi.src.main.org.fusesource.jansi.io.AnsiProcessor.json,33-559:AnsiProcessor,method,264-264:processRestoreCursorPosition,return_types,void,void,Unit,True,True,2026-05-13 16:39:27,
jansi.jansi.*,jansi.jansi.src.main.org.fusesource.jansi.io.AnsiProcessor.json,33-559:AnsiProcessor,method,270-270:processSaveCursorPosition,return_types,void,void,Unit,True,True,2026-05-13 16:39:27,
jansi.jansi.*,jansi.jansi.src.main.org.fusesource.jansi.io.AnsiProcessor.json,33-559:AnsiProcessor,method,278-278:processInsertLine,return_types,void,void,Unit,True,True,2026-05-13 16:39:27,
jansi.jansi.*,jansi.jansi.src.main.org.fusesource.jansi.io.AnsiProcessor.json,33-559:AnsiProcessor,method,278-278:processInsertLine,parameters,|int|optionInt,int,Int64,True,True,2026-05-13 16:39:27,
jansi.jansi.*,jansi.jansi.src.main.org.fusesource.jansi.io.AnsiProcessor.json,33-559:AnsiProcessor,method,286-286:processDeleteLine,return_types,void,void,Unit,True,True,2026-05-13 16:39:27,
jansi.jansi.*,jansi.jansi.src.main.org.fusesource.jansi.io.AnsiProcessor.json,33-559:AnsiProcessor,method,286-286:processDeleteLine,parameters,|int|optionInt,int,Int64,True,True,2026-05-13 16:39:27,
jansi.jansi.*,jansi.jansi.src.main.org.fusesource.jansi.io.AnsiProcessor.json,33-559:AnsiProcessor,method,293-293:processScrollDown,return_types,void,void,Unit,True,True,2026-05-13 16:39:27,
jansi.jansi.*,jansi.jansi.src.main.org.fusesource.jansi.io.AnsiProcessor.json,33-559:AnsiProcessor,method,293-293:processScrollDown,parameters,|int|optionInt,int,Int64,True,True,2026-05-13 16:39:27,
jansi.jansi.*,jansi.jansi.src.main.org.fusesource.jansi.io.AnsiProcessor.json,33-559:AnsiProcessor,method,300-300:processScrollUp,return_types,void,void,Unit,True,True,2026-05-13 16:39:27,
jansi.jansi.*,jansi.jansi.src.main.org.fusesource.jansi.io.AnsiProcessor.json,33-559:AnsiProcessor,method,300-300:processScrollUp,parameters,|int|optionInt,int,Int64,True,True,2026-05-13 16:39:27,
jansi.jansi.*,jansi.jansi.src.main.org.fusesource.jansi.io.AnsiProcessor.json,33-559:AnsiProcessor,method,311-311:processEraseScreen,return_types,void,void,Unit,True,True,2026-05-13 16:39:27,
jansi.jansi.*,jansi.jansi.src.main.org.fusesource.jansi.io.AnsiProcessor.json,33-559:AnsiProcessor,method,311-311:processEraseScreen,parameters,|int|eraseOption,int,Int64,True,True,2026-05-13 16:39:27,
jansi.jansi.*,jansi.jansi.src.main.org.fusesource.jansi.io.AnsiProcessor.json,33-559:AnsiProcessor,method,322-322:processEraseLine,return_types,void,void,Unit,True,True,2026-05-13 16:39:27,
jansi.jansi.*,jansi.jansi.src.main.org.fusesource.jansi.io.AnsiProcessor.json,33-559:AnsiProcessor,method,322-322:processEraseLine,parameters,|int|eraseOption,int,Int64,True,True,2026-05-13 16:39:27,
jansi.jansi.*,jansi.jansi.src.main.org.fusesource.jansi.io.AnsiProcessor.json,33-559:AnsiProcessor,method,354-354:processSetAttribute,return_types,void,void,Unit,True,True,2026-05-13 16:39:27,
jansi.jansi.*,jansi.jansi.src.main.org.fusesource.jansi.io.AnsiProcessor.json,33-559:AnsiProcessor,method,354-354:processSetAttribute,parameters,|int|attribute,int,Int64,True,True,2026-05-13 16:39:27,
jansi.jansi.*,jansi.jansi.src.main.org.fusesource.jansi.io.AnsiProcessor.json,33-559:AnsiProcessor,method,370-372:processSetForegroundColor,return_types,void,void,Unit,True,True,2026-05-13 16:39:27,
jansi.jansi.*,jansi.jansi.src.main.org.fusesource.jansi.io.AnsiProcessor.json,33-559:AnsiProcessor,method,370-372:processSetForegroundColor,parameters,|int|color,int,Int64,True,True,2026-05-13 16:39:27,
jansi.jansi.*,jansi.jansi.src.main.org.fusesource.jansi.io.AnsiProcessor.json,33-559:AnsiProcessor,method,381-381:processSetForegroundColor,return_types,void,void,Unit,True,True,2026-05-13 16:39:27,
jansi.jansi.*,jansi.jansi.src.main.org.fusesource.jansi.io.AnsiProcessor.json,33-559:AnsiProcessor,method,381-381:processSetForegroundColor,parameters,|int|color,int,Int64,True,True,2026-05-13 16:39:27,
jansi.jansi.*,jansi.jansi.src.main.org.fusesource.jansi.io.AnsiProcessor.json,33-559:AnsiProcessor,method,381-381:processSetForegroundColor,parameters,|boolean|bright,boolean,Bool,True,True,2026-05-13 16:39:27,
jansi.jansi.*,jansi.jansi.src.main.org.fusesource.jansi.io.AnsiProcessor.json,33-559:AnsiProcessor,method,389-389:processSetForegroundColorExt,return_types,void,void,Unit,True,True,2026-05-13 16:39:27,
jansi.jansi.*,jansi.jansi.src.main.org.fusesource.jansi.io.AnsiProcessor.json,33-559:AnsiProcessor,method,389-389:processSetForegroundColorExt,parameters,|int|paletteIndex,int,Int64,True,True,2026-05-13 16:39:27,
jansi.jansi.*,jansi.jansi.src.main.org.fusesource.jansi.io.AnsiProcessor.json,33-559:AnsiProcessor,method,399-399:processSetForegroundColorExt,return_types,void,void,Unit,True,True,2026-05-13 16:39:27,
jansi.jansi.*,jansi.jansi.src.main.org.fusesource.jansi.io.AnsiProcessor.json,33-559:AnsiProcessor,method,399-399:processSetForegroundColorExt,parameters,|int|r,int,Int64,True,True,2026-05-13 16:39:27,
jansi.jansi.*,jansi.jansi.src.main.org.fusesource.jansi.io.AnsiProcessor.json,33-559:AnsiProcessor,method,399-399:processSetForegroundColorExt,parameters,|int|g,int,Int64,True,True,2026-05-13 16:39:27,
jansi.jansi.*,jansi.jansi.src.main.org.fusesource.jansi.io.AnsiProcessor.json,33-559:AnsiProcessor,method,399-399:processSetForegroundColorExt,parameters,|int|b,int,Int64,True,True,2026-05-13 16:39:27,
jansi.jansi.*,jansi.jansi.src.main.org.fusesource.jansi.io.AnsiProcessor.json,33-559:AnsiProcessor,method,406-408:processSetBackgroundColor,return_types,void,void,Unit,True,True,2026-05-13 16:39:27,
jansi.jansi.*,jansi.jansi.src.main.org.fusesource.jansi.io.AnsiProcessor.json,33-559:AnsiProcessor,method,406-408:processSetBackgroundColor,parameters,|int|color,int,Int64,True,True,2026-05-13 16:39:27,
jansi.jansi.*,jansi.jansi.src.main.org.fusesource.jansi.io.AnsiProcessor.json,33-559:AnsiProcessor,method,417-417:processSetBackgroundColor,return_types,void,void,Unit,True,True,2026-05-13 16:39:27,
jansi.jansi.*,jansi.jansi.src.main.org.fusesource.jansi.io.AnsiProcessor.json,33-559:AnsiProcessor,method,417-417:processSetBackgroundColor,parameters,|int|color,int,Int64,True,True,2026-05-13 16:39:27,
jansi.jansi.*,jansi.jansi.src.main.org.fusesource.jansi.io.AnsiProcessor.json,33-559:AnsiProcessor,method,417-417:processSetBackgroundColor,parameters,|boolean|bright,boolean,Bool,True,True,2026-05-13 16:39:27,
jansi.jansi.*,jansi.jansi.src.main.org.fusesource.jansi.io.AnsiProcessor.json,33-559:AnsiProcessor,method,425-425:processSetBackgroundColorExt,return_types,void,void,Unit,True,True,2026-05-13 16:39:27,
jansi.jansi.*,jansi.jansi.src.main.org.fusesource.jansi.io.AnsiProcessor.json,33-559:AnsiProcessor,method,425-425:processSetBackgroundColorExt,parameters,|int|paletteIndex,int,Int64,True,True,2026-05-13 16:39:27,
jansi.jansi.*,jansi.jansi.src.main.org.fusesource.jansi.io.AnsiProcessor.json,33-559:AnsiProcessor,method,435-435:processSetBackgroundColorExt,return_types,void,void,Unit,True,True,2026-05-13 16:39:27,
jansi.jansi.*,jansi.jansi.src.main.org.fusesource.jansi.io.AnsiProcessor.json,33-559:AnsiProcessor,method,435-435:processSetBackgroundColorExt,parameters,|int|r,int,Int64,True,True,2026-05-13 16:39:27,
jansi.jansi.*,jansi.jansi.src.main.org.fusesource.jansi.io.AnsiProcessor.json,33-559:AnsiProcessor,method,435-435:processSetBackgroundColorExt,parameters,|int|g,int,Int64,True,True,2026-05-13 16:39:27,
jansi.jansi.*,jansi.jansi.src.main.org.fusesource.jansi.io.AnsiProcessor.json,33-559:AnsiProcessor,method,435-435:processSetBackgroundColorExt,parameters,|int|b,int,Int64,True,True,2026-05-13 16:39:27,
jansi.jansi.*,jansi.jansi.src.main.org.fusesource.jansi.io.AnsiProcessor.json,33-559:AnsiProcessor,method,441-441:processDefaultTextColor,return_types,void,void,Unit,True,True,2026-05-13 16:39:27,
jansi.jansi.*,jansi.jansi.src.main.org.fusesource.jansi.io.AnsiProcessor.json,33-559:AnsiProcessor,method,447-447:processDefaultBackgroundColor,return_types,void,void,Unit,True,True,2026-05-13 16:39:27,
jansi.jansi.*,jansi.jansi.src.main.org.fusesource.jansi.io.AnsiProcessor.json,33-559:AnsiProcessor,method,453-453:processAttributeReset,return_types,void,void,Unit,True,True,2026-05-13 16:39:27,
jansi.jansi.*,jansi.jansi.src.main.org.fusesource.jansi.io.AnsiProcessor.json,33-559:AnsiProcessor,method,462-462:processCursorTo,return_types,void,void,Unit,True,True,2026-05-13 16:39:27,
jansi.jansi.*,jansi.jansi.src.main.org.fusesource.jansi.io.AnsiProcessor.json,33-559:AnsiProcessor,method,462-462:processCursorTo,parameters,|int|row,int,Int64,True,True,2026-05-13 16:39:27,
jansi.jansi.*,jansi.jansi.src.main.org.fusesource.jansi.io.AnsiProcessor.json,33-559:AnsiProcessor,method,462-462:processCursorTo,parameters,|int|col,int,Int64,True,True,2026-05-13 16:39:27,
jansi.jansi.*,jansi.jansi.src.main.org.fusesource.jansi.io.AnsiProcessor.json,33-559:AnsiProcessor,method,469-469:processCursorToColumn,return_types,void,void,Unit,True,True,2026-05-13 16:39:27,
jansi.jansi.*,jansi.jansi.src.main.org.fusesource.jansi.io.AnsiProcessor.json,33-559:AnsiProcessor,method,469-469:processCursorToColumn,parameters,|int|x,int,Int64,True,True,2026-05-13 16:39:27,
jansi.jansi.*,jansi.jansi.src.main.org.fusesource.jansi.io.AnsiProcessor.json,33-559:AnsiProcessor,method,476-476:processCursorUpLine,return_types,void,void,Unit,True,True,2026-05-13 16:39:27,
jansi.jansi.*,jansi.jansi.src.main.org.fusesource.jansi.io.AnsiProcessor.json,33-559:AnsiProcessor,method,476-476:processCursorUpLine,parameters,|int|count,int,Int64,True,True,2026-05-13 16:39:27,
jansi.jansi.*,jansi.jansi.src.main.org.fusesource.jansi.io.AnsiProcessor.json,33-559:AnsiProcessor,method,483-488:processCursorDownLine,return_types,void,void,Unit,True,True,2026-05-13 16:39:27,
jansi.jansi.*,jansi.jansi.src.main.org.fusesource.jansi.io.AnsiProcessor.json,33-559:AnsiProcessor,method,483-488:processCursorDownLine,body_types,int,int,Int64,True,True,2026-05-13 16:39:27,
jansi.jansi.*,jansi.jansi.src.main.org.fusesource.jansi.io.AnsiProcessor.json,33-559:AnsiProcessor,method,483-488:processCursorDownLine,parameters,|int|count,int,Int64,True,True,2026-05-13 16:39:27,
jansi.jansi.*,jansi.jansi.src.main.org.fusesource.jansi.io.AnsiProcessor.json,33-559:AnsiProcessor,method,495-495:processCursorLeft,return_types,void,void,Unit,True,True,2026-05-13 16:39:27,
jansi.jansi.*,jansi.jansi.src.main.org.fusesource.jansi.io.AnsiProcessor.json,33-559:AnsiProcessor,method,495-495:processCursorLeft,parameters,|int|count,int,Int64,True,True,2026-05-13 16:39:27,
jansi.jansi.*,jansi.jansi.src.main.org.fusesource.jansi.io.AnsiProcessor.json,33-559:AnsiProcessor,method,502-507:processCursorRight,return_types,void,void,Unit,True,True,2026-05-13 16:39:27,
jansi.jansi.*,jansi.jansi.src.main.org.fusesource.jansi.io.AnsiProcessor.json,33-559:AnsiProcessor,method,502-507:processCursorRight,body_types,int,int,Int64,True,True,2026-05-13 16:39:27,
jansi.jansi.*,jansi.jansi.src.main.org.fusesource.jansi.io.AnsiProcessor.json,33-559:AnsiProcessor,method,502-507:processCursorRight,parameters,|int|count,int,Int64,True,True,2026-05-13 16:39:27,
jansi.jansi.*,jansi.jansi.src.main.org.fusesource.jansi.io.AnsiProcessor.json,33-559:AnsiProcessor,method,514-514:processCursorDown,return_types,void,void,Unit,True,True,2026-05-13 16:39:27,
jansi.jansi.*,jansi.jansi.src.main.org.fusesource.jansi.io.AnsiProcessor.json,33-559:AnsiProcessor,method,514-514:processCursorDown,parameters,|int|count,int,Int64,True,True,2026-05-13 16:39:27,
jansi.jansi.*,jansi.jansi.src.main.org.fusesource.jansi.io.AnsiProcessor.json,33-559:AnsiProcessor,method,521-521:processCursorUp,return_types,void,void,Unit,True,True,2026-05-13 16:39:27,
jansi.jansi.*,jansi.jansi.src.main.org.fusesource.jansi.io.AnsiProcessor.json,33-559:AnsiProcessor,method,521-521:processCursorUp,parameters,|int|count,int,Int64,True,True,2026-05-13 16:39:27,
jansi.jansi.*,jansi.jansi.src.main.org.fusesource.jansi.io.AnsiProcessor.json,33-559:AnsiProcessor,method,528-528:processUnknownExtension,return_types,void,void,Unit,True,True,2026-05-13 16:39:27,
jansi.jansi.*,jansi.jansi.src.main.org.fusesource.jansi.io.AnsiProcessor.json,33-559:AnsiProcessor,method,528-528:processUnknownExtension,parameters,|ArrayList<Object>|options,ArrayList<Object>,ArrayList<Object>,True,True,2026-05-14 11:59:07,
jansi.jansi.*,jansi.jansi.src.main.org.fusesource.jansi.io.AnsiProcessor.json,33-559:AnsiProcessor,method,528-528:processUnknownExtension,parameters,|int|command,int,Int64,True,True,2026-05-13 16:39:34,
jansi.jansi.*,jansi.jansi.src.main.org.fusesource.jansi.io.AnsiProcessor.json,33-559:AnsiProcessor,method,534-537:processChangeIconNameAndWindowTitle,return_types,void,void,Unit,True,True,2026-05-13 16:39:34,
jansi.jansi.*,jansi.jansi.src.main.org.fusesource.jansi.io.AnsiProcessor.json,33-559:AnsiProcessor,method,534-537:processChangeIconNameAndWindowTitle,parameters,|String|label,String,String,True,True,2026-05-13 16:39:34,
jansi.jansi.*,jansi.jansi.src.main.org.fusesource.jansi.io.AnsiProcessor.json,33-559:AnsiProcessor,method,543-543:processChangeIconName,return_types,void,void,Unit,True,True,2026-05-13 16:39:34,
jansi.jansi.*,jansi.jansi.src.main.org.fusesource.jansi.io.AnsiProcessor.json,33-559:AnsiProcessor,method,543-543:processChangeIconName,parameters,|String|label,String,String,True,True,2026-05-13 16:39:34,
jansi.jansi.*,jansi.jansi.src.main.org.fusesource.jansi.io.AnsiProcessor.json,33-559:AnsiProcessor,method,549-549:processChangeWindowTitle,return_types,void,void,Unit,True,True,2026-05-13 16:39:34,
jansi.jansi.*,jansi.jansi.src.main.org.fusesource.jansi.io.AnsiProcessor.json,33-559:AnsiProcessor,method,549-549:processChangeWindowTitle,parameters,|String|label,String,String,True,True,2026-05-13 16:39:34,
jansi.jansi.*,jansi.jansi.src.main.org.fusesource.jansi.io.AnsiProcessor.json,33-559:AnsiProcessor,method,556-556:processUnknownOperatingSystemCommand,return_types,void,void,Unit,True,True,2026-05-13 16:39:34,
jansi.jansi.*,jansi.jansi.src.main.org.fusesource.jansi.io.AnsiProcessor.json,33-559:AnsiProcessor,method,556-556:processUnknownOperatingSystemCommand,parameters,|int|command,int,Int64,True,True,2026-05-13 16:39:35,
jansi.jansi.*,jansi.jansi.src.main.org.fusesource.jansi.io.AnsiProcessor.json,33-559:AnsiProcessor,method,556-556:processUnknownOperatingSystemCommand,parameters,|String|param,String,String,True,True,2026-05-13 16:39:35,
jansi.jansi.*,jansi.jansi.src.main.org.fusesource.jansi.io.AnsiProcessor.json,33-559:AnsiProcessor,method,558-558:processCharsetSelect,return_types,void,void,Unit,True,True,2026-05-13 16:39:35,
jansi.jansi.*,jansi.jansi.src.main.org.fusesource.jansi.io.AnsiProcessor.json,33-559:AnsiProcessor,method,558-558:processCharsetSelect,parameters,|int|set,int,Int64,True,True,2026-05-13 16:39:35,
jansi.jansi.*,jansi.jansi.src.main.org.fusesource.jansi.io.AnsiProcessor.json,33-559:AnsiProcessor,method,558-558:processCharsetSelect,parameters,|char|seq,char,Rune,True,True,2026-05-13 16:39:35,
jansi.jansi.*,jansi.jansi.src.main.org.fusesource.jansi.io.Colors.json,23-167:Colors,field,29-81:DEFAULT_COLORS_256,types,int[],int[],Array<Int64>,True,True,2026-05-14 13:33:45,
jansi.jansi.*,jansi.jansi.src.main.org.fusesource.jansi.io.Colors.json,23-167:Colors,field,157-157:epsilon,types,double,double,Float64,True,True,2026-05-13 17:18:51,
jansi.jansi.*,jansi.jansi.src.main.org.fusesource.jansi.io.Colors.json,23-167:Colors,field,158-158:kappa,types,double,double,Float64,True,True,2026-05-13 17:18:51,
jansi.jansi.*,jansi.jansi.src.main.org.fusesource.jansi.io.Colors.json,23-167:Colors,method,84-90:roundColor,return_types,int,int,Int64,True,True,2026-05-13 17:18:51,
jansi.jansi.*,jansi.jansi.src.main.org.fusesource.jansi.io.Colors.json,23-167:Colors,method,84-90:roundColor,body_types,int,int,Int64,True,True,2026-05-13 17:18:51,
jansi.jansi.*,jansi.jansi.src.main.org.fusesource.jansi.io.Colors.json,23-167:Colors,method,84-90:roundColor,parameters,|int|col,int,Int64,True,True,2026-05-13 17:18:51,
jansi.jansi.*,jansi.jansi.src.main.org.fusesource.jansi.io.Colors.json,23-167:Colors,method,84-90:roundColor,parameters,|int|max,int,Int64,True,True,2026-05-13 17:18:51,
jansi.jansi.*,jansi.jansi.src.main.org.fusesource.jansi.io.Colors.json,23-167:Colors,method,92-94:roundRgbColor,return_types,int,int,Int64,True,True,2026-05-13 17:18:51,
jansi.jansi.*,jansi.jansi.src.main.org.fusesource.jansi.io.Colors.json,23-167:Colors,method,92-94:roundRgbColor,parameters,|int|r,int,Int64,True,True,2026-05-13 17:18:51,
jansi.jansi.*,jansi.jansi.src.main.org.fusesource.jansi.io.Colors.json,23-167:Colors,method,92-94:roundRgbColor,parameters,|int|g,int,Int64,True,True,2026-05-13 17:18:51,
jansi.jansi.*,jansi.jansi.src.main.org.fusesource.jansi.io.Colors.json,23-167:Colors,method,92-94:roundRgbColor,parameters,|int|b,int,Int64,True,True,2026-05-13 17:18:51,
jansi.jansi.*,jansi.jansi.src.main.org.fusesource.jansi.io.Colors.json,23-167:Colors,method,92-94:roundRgbColor,parameters,|int|max,int,Int64,True,True,2026-05-13 17:18:51,
jansi.jansi.*,jansi.jansi.src.main.org.fusesource.jansi.io.Colors.json,23-167:Colors,method,96-107:roundColor,return_types,int,int,Int64,True,True,2026-05-13 17:18:51,
jansi.jansi.*,jansi.jansi.src.main.org.fusesource.jansi.io.Colors.json,23-167:Colors,method,96-107:roundColor,body_types,double,double,Float64,True,True,2026-05-13 17:18:57,
jansi.jansi.*,jansi.jansi.src.main.org.fusesource.jansi.io.Colors.json,23-167:Colors,method,96-107:roundColor,body_types,int,int,Int64,True,True,2026-05-13 17:18:57,
jansi.jansi.*,jansi.jansi.src.main.org.fusesource.jansi.io.Colors.json,23-167:Colors,method,96-107:roundColor,parameters,|int|color,int,Int64,True,True,2026-05-13 17:18:51,
jansi.jansi.*,jansi.jansi.src.main.org.fusesource.jansi.io.Colors.json,23-167:Colors,method,96-107:roundColor,parameters,|int[]|colors,int[],Array<Int64>,True,True,2026-05-14 13:33:48,
jansi.jansi.*,jansi.jansi.src.main.org.fusesource.jansi.io.Colors.json,23-167:Colors,method,96-107:roundColor,parameters,|int|max,int,Int64,True,True,2026-05-13 17:18:57,
jansi.jansi.*,jansi.jansi.src.main.org.fusesource.jansi.io.Colors.json,23-167:Colors,method,109-111:cie76,return_types,double,double,Float64,True,True,2026-05-13 17:18:57,
jansi.jansi.*,jansi.jansi.src.main.org.fusesource.jansi.io.Colors.json,23-167:Colors,method,109-111:cie76,parameters,|int|c1,int,Int64,True,True,2026-05-13 17:18:57,
jansi.jansi.*,jansi.jansi.src.main.org.fusesource.jansi.io.Colors.json,23-167:Colors,method,109-111:cie76,parameters,|int|c2,int,Int64,True,True,2026-05-13 17:18:57,
jansi.jansi.*,jansi.jansi.src.main.org.fusesource.jansi.io.Colors.json,23-167:Colors,method,113-115:scalar,return_types,double,double,Float64,True,True,2026-05-13 17:18:57,
jansi.jansi.*,jansi.jansi.src.main.org.fusesource.jansi.io.Colors.json,23-167:Colors,method,113-115:scalar,parameters,|double[]|c1,double[],Array<Float64>,True,True,2026-05-14 13:33:49,
jansi.jansi.*,jansi.jansi.src.main.org.fusesource.jansi.io.Colors.json,23-167:Colors,method,113-115:scalar,parameters,|double[]|c2,double[],Array<Float64>,True,True,2026-05-14 13:33:51,
jansi.jansi.*,jansi.jansi.src.main.org.fusesource.jansi.io.Colors.json,23-167:Colors,method,117-122:rgb,return_types,double[],double[],Array<Float64>,True,True,2026-05-14 13:33:52,
jansi.jansi.*,jansi.jansi.src.main.org.fusesource.jansi.io.Colors.json,23-167:Colors,method,117-122:rgb,body_types,int,int,Int64,True,True,2026-05-13 17:19:31,
jansi.jansi.*,jansi.jansi.src.main.org.fusesource.jansi.io.Colors.json,23-167:Colors,method,117-122:rgb,body_types,double,double,Float64,True,True,2026-05-13 17:19:31,
jansi.jansi.*,jansi.jansi.src.main.org.fusesource.jansi.io.Colors.json,23-167:Colors,method,117-122:rgb,parameters,|int|color,int,Int64,True,True,2026-05-13 17:19:31,
jansi.jansi.*,jansi.jansi.src.main.org.fusesource.jansi.io.Colors.json,23-167:Colors,method,124-126:rgb2cielab,return_types,double[],double[],Array<Float64>,True,True,2026-05-14 13:33:54,
jansi.jansi.*,jansi.jansi.src.main.org.fusesource.jansi.io.Colors.json,23-167:Colors,method,124-126:rgb2cielab,parameters,|int|color,int,Int64,True,True,2026-05-13 17:19:36,
jansi.jansi.*,jansi.jansi.src.main.org.fusesource.jansi.io.Colors.json,23-167:Colors,method,128-130:rgb2cielab,return_types,double[],double[],Array<Float64>,True,True,2026-05-14 13:33:55,
jansi.jansi.*,jansi.jansi.src.main.org.fusesource.jansi.io.Colors.json,23-167:Colors,method,128-130:rgb2cielab,parameters,|double[]|rgb,double[],Array<Float64>,True,True,2026-05-14 13:33:57,
jansi.jansi.*,jansi.jansi.src.main.org.fusesource.jansi.io.Colors.json,23-167:Colors,method,132-141:rgb2xyz,return_types,double[],double[],Array<Float64>,True,True,2026-05-14 13:33:58,
jansi.jansi.*,jansi.jansi.src.main.org.fusesource.jansi.io.Colors.json,23-167:Colors,method,132-141:rgb2xyz,body_types,double,double,Float64,True,True,2026-05-13 17:20:03,
jansi.jansi.*,jansi.jansi.src.main.org.fusesource.jansi.io.Colors.json,23-167:Colors,method,132-141:rgb2xyz,parameters,|double[]|rgb,double[],Array<Float64>,True,True,2026-05-14 13:34:00,
jansi.jansi.*,jansi.jansi.src.main.org.fusesource.jansi.io.Colors.json,23-167:Colors,method,143-145:pivotRgb,return_types,double,double,Float64,True,True,2026-05-13 17:20:03,
jansi.jansi.*,jansi.jansi.src.main.org.fusesource.jansi.io.Colors.json,23-167:Colors,method,143-145:pivotRgb,parameters,|double|n,double,Float64,True,True,2026-05-13 17:20:03,
jansi.jansi.*,jansi.jansi.src.main.org.fusesource.jansi.io.Colors.json,23-167:Colors,method,147-155:xyz2lab,return_types,double[],double[],Array<Float64>,True,True,2026-05-14 13:34:02,
jansi.jansi.*,jansi.jansi.src.main.org.fusesource.jansi.io.Colors.json,23-167:Colors,method,147-155:xyz2lab,body_types,double,double,Float64,True,True,2026-05-13 17:20:18,
jansi.jansi.*,jansi.jansi.src.main.org.fusesource.jansi.io.Colors.json,23-167:Colors,method,147-155:xyz2lab,parameters,|double[]|xyz,double[],Array<Float64>,True,True,2026-05-14 13:34:04,
jansi.jansi.*,jansi.jansi.src.main.org.fusesource.jansi.io.Colors.json,23-167:Colors,method,160-162:pivotXyz,return_types,double,double,Float64,True,True,2026-05-13 17:20:18,
jansi.jansi.*,jansi.jansi.src.main.org.fusesource.jansi.io.Colors.json,23-167:Colors,method,160-162:pivotXyz,parameters,|double|n,double,Float64,True,True,2026-05-13 17:20:18,
jansi.jansi.*,jansi.jansi.src.main.org.fusesource.jansi.io.Colors.json,23-167:Colors,method,164-166:sqr,return_types,double,double,Float64,True,True,2026-05-13 17:20:18,
jansi.jansi.*,jansi.jansi.src.main.org.fusesource.jansi.io.Colors.json,23-167:Colors,method,164-166:sqr,parameters,|double|n,double,Float64,True,True,2026-05-13 17:20:18,
jansi.jansi.*,jansi.jansi.src.main.org.fusesource.jansi.io.ColorsAnsiProcessor.json,28-145:ColorsAnsiProcessor,field,30-30:colors,types,AnsiColors,AnsiColors,AnsiColors,True,True,2026-05-13 17:15:24,
jansi.jansi.*,jansi.jansi.src.main.org.fusesource.jansi.io.ColorsAnsiProcessor.json,28-145:ColorsAnsiProcessor,method,32-35:ColorsAnsiProcessor,parameters,|OutputStream|os,OutputStream,OutputStream,True,True,2026-05-13 17:15:24,
jansi.jansi.*,jansi.jansi.src.main.org.fusesource.jansi.io.ColorsAnsiProcessor.json,28-145:ColorsAnsiProcessor,method,32-35:ColorsAnsiProcessor,parameters,|AnsiColors|colors,AnsiColors,AnsiColors,True,True,2026-05-13 17:15:24,
jansi.jansi.*,jansi.jansi.src.main.org.fusesource.jansi.io.ColorsAnsiProcessor.json,28-145:ColorsAnsiProcessor,method,37-134:processEscapeCommand,return_types,boolean,boolean,Bool,True,True,2026-05-13 17:15:24,
jansi.jansi.*,jansi.jansi.src.main.org.fusesource.jansi.io.ColorsAnsiProcessor.json,28-145:ColorsAnsiProcessor,method,37-134:processEscapeCommand,body_types,boolean,boolean,Bool,True,True,2026-05-13 17:15:34,
jansi.jansi.*,jansi.jansi.src.main.org.fusesource.jansi.io.ColorsAnsiProcessor.json,28-145:ColorsAnsiProcessor,method,37-134:processEscapeCommand,body_types,Object,Object,Any,True,True,2026-05-13 17:15:34,
jansi.jansi.*,jansi.jansi.src.main.org.fusesource.jansi.io.ColorsAnsiProcessor.json,28-145:ColorsAnsiProcessor,method,37-134:processEscapeCommand,body_types,Integer,Integer,Int64,True,True,2026-05-13 17:15:34,
jansi.jansi.*,jansi.jansi.src.main.org.fusesource.jansi.io.ColorsAnsiProcessor.json,28-145:ColorsAnsiProcessor,method,37-134:processEscapeCommand,body_types,IllegalArgumentException,IllegalArgumentException,IllegalArgumentException,True,True,2026-05-14 13:31:57,
jansi.jansi.*,jansi.jansi.src.main.org.fusesource.jansi.io.ColorsAnsiProcessor.json,28-145:ColorsAnsiProcessor,method,37-134:processEscapeCommand,body_types,StringBuilder,StringBuilder,StringBuilder,True,True,2026-05-14 13:31:59,
jansi.jansi.*,jansi.jansi.src.main.org.fusesource.jansi.io.ColorsAnsiProcessor.json,28-145:ColorsAnsiProcessor,method,37-134:processEscapeCommand,body_types,Iterator<Object>,Iterator<Object>,Iterator<Object>,True,True,2026-05-14 13:32:00,
jansi.jansi.*,jansi.jansi.src.main.org.fusesource.jansi.io.ColorsAnsiProcessor.json,28-145:ColorsAnsiProcessor,method,37-134:processEscapeCommand,body_types,int,int,Int64,True,True,2026-05-13 17:15:59,
jansi.jansi.*,jansi.jansi.src.main.org.fusesource.jansi.io.ColorsAnsiProcessor.json,28-145:ColorsAnsiProcessor,method,37-134:processEscapeCommand,parameters,|ArrayList<Object>|options,ArrayList<Object>,ArrayList<Object>,True,True,2026-05-14 13:31:55,
jansi.jansi.*,jansi.jansi.src.main.org.fusesource.jansi.io.ColorsAnsiProcessor.json,28-145:ColorsAnsiProcessor,method,37-134:processEscapeCommand,parameters,|int|command,int,Int64,True,True,2026-05-13 17:15:34,
jansi.jansi.*,jansi.jansi.src.main.org.fusesource.jansi.io.ColorsAnsiProcessor.json,28-145:ColorsAnsiProcessor,method,136-139:processOperatingSystemCommand,return_types,boolean,boolean,Bool,True,True,2026-05-13 17:15:59,
jansi.jansi.*,jansi.jansi.src.main.org.fusesource.jansi.io.ColorsAnsiProcessor.json,28-145:ColorsAnsiProcessor,method,136-139:processOperatingSystemCommand,parameters,|ArrayList<Object>|options,ArrayList<Object>,ArrayList<Object>,True,True,2026-05-14 13:32:02,
jansi.jansi.*,jansi.jansi.src.main.org.fusesource.jansi.io.ColorsAnsiProcessor.json,28-145:ColorsAnsiProcessor,method,141-144:processCharsetSelect,return_types,boolean,boolean,Bool,True,True,2026-05-13 17:16:08,
jansi.jansi.*,jansi.jansi.src.main.org.fusesource.jansi.io.ColorsAnsiProcessor.json,28-145:ColorsAnsiProcessor,method,141-144:processCharsetSelect,parameters,|ArrayList<Object>|options,ArrayList<Object>,ArrayList<Object>,True,True,2026-05-14 13:32:04,
jansi.jansi.*,jansi.jansi.src.main.org.fusesource.jansi.io.FastBufferedOutputStream.json,25-68:FastBufferedOutputStream,field,27-27:buf,types,byte[],byte[],Array<Byte>,True,True,2026-05-14 11:52:36,
jansi.jansi.*,jansi.jansi.src.main.org.fusesource.jansi.io.FastBufferedOutputStream.json,25-68:FastBufferedOutputStream,field,28-28:count,types,int,int,Int64,True,True,2026-05-13 16:25:44,
jansi.jansi.*,jansi.jansi.src.main.org.fusesource.jansi.io.FastBufferedOutputStream.json,25-68:FastBufferedOutputStream,method,30-32:FastBufferedOutputStream,parameters,|OutputStream|out,OutputStream,OutputStream,True,True,2026-05-13 16:25:44,
jansi.jansi.*,jansi.jansi.src.main.org.fusesource.jansi.io.FastBufferedOutputStream.json,25-68:FastBufferedOutputStream,method,34-40:write,return_types,void,void,Unit,True,True,2026-05-13 16:25:44,
jansi.jansi.*,jansi.jansi.src.main.org.fusesource.jansi.io.FastBufferedOutputStream.json,25-68:FastBufferedOutputStream,method,34-40:write,body_types,byte,byte,Int8,True,True,2026-05-13 16:25:44,
jansi.jansi.*,jansi.jansi.src.main.org.fusesource.jansi.io.FastBufferedOutputStream.json,25-68:FastBufferedOutputStream,method,34-40:write,parameters,|int|b,int,Int64,True,True,2026-05-13 16:25:44,
jansi.jansi.*,jansi.jansi.src.main.org.fusesource.jansi.io.FastBufferedOutputStream.json,25-68:FastBufferedOutputStream,method,42-54:write,return_types,void,void,Unit,True,True,2026-05-13 16:25:44,
jansi.jansi.*,jansi.jansi.src.main.org.fusesource.jansi.io.FastBufferedOutputStream.json,25-68:FastBufferedOutputStream,method,42-54:write,parameters,|byte|b,byte,Int8,True,True,2026-05-13 16:25:44,
jansi.jansi.*,jansi.jansi.src.main.org.fusesource.jansi.io.FastBufferedOutputStream.json,25-68:FastBufferedOutputStream,method,42-54:write,parameters,|int|off,int,Int64,True,True,2026-05-13 16:25:44,
jansi.jansi.*,jansi.jansi.src.main.org.fusesource.jansi.io.FastBufferedOutputStream.json,25-68:FastBufferedOutputStream,method,42-54:write,parameters,|int|len,int,Int64,True,True,2026-05-13 16:25:44,
jansi.jansi.*,jansi.jansi.src.main.org.fusesource.jansi.io.FastBufferedOutputStream.json,25-68:FastBufferedOutputStream,method,56-61:flushBuffer,return_types,void,void,Unit,True,True,2026-05-13 16:25:44,
jansi.jansi.*,jansi.jansi.src.main.org.fusesource.jansi.io.FastBufferedOutputStream.json,25-68:FastBufferedOutputStream,method,63-67:flush,return_types,void,void,Unit,True,True,2026-05-13 16:25:44,
jansi.jansi.*,jansi.jansi.src.main.org.fusesource.jansi.io.WindowsAnsiProcessor.json,55-424:WindowsAnsiProcessor,field,57-57:console,types,long,long,Int64,True,True,2026-05-13 16:25:59,
jansi.jansi.*,jansi.jansi.src.main.org.fusesource.jansi.io.WindowsAnsiProcessor.json,55-424:WindowsAnsiProcessor,field,59-59:FOREGROUND_BLACK,types,short,short,Int16,True,True,2026-05-13 16:25:59,
jansi.jansi.*,jansi.jansi.src.main.org.fusesource.jansi.io.WindowsAnsiProcessor.json,55-424:WindowsAnsiProcessor,field,60-60:FOREGROUND_YELLOW,types,short,short,Int16,True,True,2026-05-13 16:25:59,
jansi.jansi.*,jansi.jansi.src.main.org.fusesource.jansi.io.WindowsAnsiProcessor.json,55-424:WindowsAnsiProcessor,field,61-61:FOREGROUND_MAGENTA,types,short,short,Int16,True,True,2026-05-13 16:25:59,
jansi.jansi.*,jansi.jansi.src.main.org.fusesource.jansi.io.WindowsAnsiProcessor.json,55-424:WindowsAnsiProcessor,field,62-62:FOREGROUND_CYAN,types,short,short,Int16,True,True,2026-05-13 16:25:59,
jansi.jansi.*,jansi.jansi.src.main.org.fusesource.jansi.io.WindowsAnsiProcessor.json,55-424:WindowsAnsiProcessor,field,63-63:FOREGROUND_WHITE,types,short,short,Int16,True,True,2026-05-13 16:25:59,
jansi.jansi.*,jansi.jansi.src.main.org.fusesource.jansi.io.WindowsAnsiProcessor.json,55-424:WindowsAnsiProcessor,field,65-65:BACKGROUND_BLACK,types,short,short,Int16,True,True,2026-05-13 16:25:59,
jansi.jansi.*,jansi.jansi.src.main.org.fusesource.jansi.io.WindowsAnsiProcessor.json,55-424:WindowsAnsiProcessor,field,66-66:BACKGROUND_YELLOW,types,short,short,Int16,True,True,2026-05-13 16:25:59,
jansi.jansi.*,jansi.jansi.src.main.org.fusesource.jansi.io.WindowsAnsiProcessor.json,55-424:WindowsAnsiProcessor,field,67-67:BACKGROUND_MAGENTA,types,short,short,Int16,True,True,2026-05-13 16:25:59,
jansi.jansi.*,jansi.jansi.src.main.org.fusesource.jansi.io.WindowsAnsiProcessor.json,55-424:WindowsAnsiProcessor,field,68-68:BACKGROUND_CYAN,types,short,short,Int16,True,True,2026-05-13 16:25:59,
jansi.jansi.*,jansi.jansi.src.main.org.fusesource.jansi.io.WindowsAnsiProcessor.json,55-424:WindowsAnsiProcessor,field,69-69:BACKGROUND_WHITE,types,short,short,Int16,True,True,2026-05-13 16:25:59,
jansi.jansi.*,jansi.jansi.src.main.org.fusesource.jansi.io.WindowsAnsiProcessor.json,55-424:WindowsAnsiProcessor,field,71-80:ANSI_FOREGROUND_COLOR_MAP,types,short[],short[],Array<Int16>,True,True,2026-05-14 11:52:47,
jansi.jansi.*,jansi.jansi.src.main.org.fusesource.jansi.io.WindowsAnsiProcessor.json,55-424:WindowsAnsiProcessor,field,82-91:ANSI_BACKGROUND_COLOR_MAP,types,short[],short[],Array<Int16>,True,True,2026-05-14 11:52:49,
jansi.jansi.*,jansi.jansi.src.main.org.fusesource.jansi.io.WindowsAnsiProcessor.json,55-424:WindowsAnsiProcessor,field,93-93:info,types,Kernel32_CONSOLE_SCREEN_BUFFER_INFO,Kernel32_CONSOLE_SCREEN_BUFFER_INFO,Kernel32_CONSOLE_SCREEN_BUFFER_INFO,True,True,2026-05-13 16:26:14,
jansi.jansi.*,jansi.jansi.src.main.org.fusesource.jansi.io.WindowsAnsiProcessor.json,55-424:WindowsAnsiProcessor,field,94-94:originalColors,types,short,short,Int16,True,True,2026-05-13 16:26:14,
jansi.jansi.*,jansi.jansi.src.main.org.fusesource.jansi.io.WindowsAnsiProcessor.json,55-424:WindowsAnsiProcessor,field,96-96:negative,types,boolean,boolean,Bool,True,True,2026-05-13 16:26:14,
jansi.jansi.*,jansi.jansi.src.main.org.fusesource.jansi.io.WindowsAnsiProcessor.json,55-424:WindowsAnsiProcessor,field,97-97:savedX,types,short,short,Int16,True,True,2026-05-13 16:26:14,
jansi.jansi.*,jansi.jansi.src.main.org.fusesource.jansi.io.WindowsAnsiProcessor.json,55-424:WindowsAnsiProcessor,field,98-98:savedY,types,short,short,Int16,True,True,2026-05-13 16:26:14,
jansi.jansi.*,jansi.jansi.src.main.org.fusesource.jansi.io.WindowsAnsiProcessor.json,55-424:WindowsAnsiProcessor,method,100-105:WindowsAnsiProcessor,parameters,|OutputStream|ps,OutputStream,OutputStream,True,True,2026-05-13 16:26:14,
jansi.jansi.*,jansi.jansi.src.main.org.fusesource.jansi.io.WindowsAnsiProcessor.json,55-424:WindowsAnsiProcessor,method,100-105:WindowsAnsiProcessor,parameters,|long|console,long,Int64,True,True,2026-05-13 16:26:14,
jansi.jansi.*,jansi.jansi.src.main.org.fusesource.jansi.io.WindowsAnsiProcessor.json,55-424:WindowsAnsiProcessor,method,107-109:WindowsAnsiProcessor,parameters,|OutputStream|ps,OutputStream,OutputStream,True,True,2026-05-13 16:26:14,
jansi.jansi.*,jansi.jansi.src.main.org.fusesource.jansi.io.WindowsAnsiProcessor.json,55-424:WindowsAnsiProcessor,method,107-109:WindowsAnsiProcessor,parameters,|boolean|stdout,boolean,Bool,True,True,2026-05-13 16:26:14,
jansi.jansi.*,jansi.jansi.src.main.org.fusesource.jansi.io.WindowsAnsiProcessor.json,55-424:WindowsAnsiProcessor,method,111-113:WindowsAnsiProcessor,parameters,|OutputStream|ps,OutputStream,OutputStream,True,True,2026-05-13 16:26:14,
jansi.jansi.*,jansi.jansi.src.main.org.fusesource.jansi.io.WindowsAnsiProcessor.json,55-424:WindowsAnsiProcessor,method,115-123:getConsoleInfo,return_types,void,void,Unit,True,True,2026-05-13 16:26:14,
jansi.jansi.*,jansi.jansi.src.main.org.fusesource.jansi.io.WindowsAnsiProcessor.json,55-424:WindowsAnsiProcessor,method,115-123:getConsoleInfo,body_types,IOException,IOException,IOException,True,True,2026-05-14 11:52:56,"Cangjie compilation error: [31merror[0m: expected declaration, found 'from'  [36m==>[0m /tmp/tmpwnfoljae.cj:3:1:   [36m| [0m [36m3[0m [36m| [0mfrom std.io import IOException[0m   [36m| [0m[31m^^^^ expected declaration here[0m   [36m| [0m   [36m#[0m [0mnote[0m: only declarations or macro expressions can be used in the top-level  1 error generated, 1 error printed. "
jansi.jansi.*,jansi.jansi.src.main.org.fusesource.jansi.io.WindowsAnsiProcessor.json,55-424:WindowsAnsiProcessor,method,125-134:applyAttribute,return_types,void,void,Unit,True,True,2026-05-13 16:26:22,
jansi.jansi.*,jansi.jansi.src.main.org.fusesource.jansi.io.WindowsAnsiProcessor.json,55-424:WindowsAnsiProcessor,method,125-134:applyAttribute,body_types,short,short,Int16,True,True,2026-05-13 16:26:22,
jansi.jansi.*,jansi.jansi.src.main.org.fusesource.jansi.io.WindowsAnsiProcessor.json,55-424:WindowsAnsiProcessor,method,125-134:applyAttribute,body_types,IOException,IOException,IOException,True,True,2026-05-14 11:53:02,"Cangjie compilation error: [31merror[0m: expected ';' or '<NL>', found keyword 'class'   [36m==>[0m /tmp/tmpa_87zfkv.cj:58:27:    [36m| [0m [36m58[0m [36m| [0m    let _test_val: public class IOException <: Exception {[0m    [36m| [0m                          [31m^^^^^ expected ';' or '<NL>' here[0m    [36m| [0m  [31merror[0m: body of constructor is missing   [36m==>[0m /tmp/tmpa_87zfkv.cj:59:33:    [36m| [0m [36m59[0m [36m| [0m    public init(message: String)[0m    ["
jansi.jansi.*,jansi.jansi.src.main.org.fusesource.jansi.io.WindowsAnsiProcessor.json,55-424:WindowsAnsiProcessor,method,136-144:invertAttributeColors,return_types,short,short,Int16,True,True,2026-05-13 16:26:30,
jansi.jansi.*,jansi.jansi.src.main.org.fusesource.jansi.io.WindowsAnsiProcessor.json,55-424:WindowsAnsiProcessor,method,136-144:invertAttributeColors,body_types,int,int,Int64,True,True,2026-05-13 16:26:30,
jansi.jansi.*,jansi.jansi.src.main.org.fusesource.jansi.io.WindowsAnsiProcessor.json,55-424:WindowsAnsiProcessor,method,136-144:invertAttributeColors,body_types,short,short,Int16,True,True,2026-05-13 16:26:30,
jansi.jansi.*,jansi.jansi.src.main.org.fusesource.jansi.io.WindowsAnsiProcessor.json,55-424:WindowsAnsiProcessor,method,136-144:invertAttributeColors,parameters,|short|attributes,short,Int16,True,True,2026-05-13 16:26:30,
jansi.jansi.*,jansi.jansi.src.main.org.fusesource.jansi.io.WindowsAnsiProcessor.json,55-424:WindowsAnsiProcessor,method,146-150:applyCursorPosition,return_types,void,void,Unit,True,True,2026-05-13 16:26:30,
jansi.jansi.*,jansi.jansi.src.main.org.fusesource.jansi.io.WindowsAnsiProcessor.json,55-424:WindowsAnsiProcessor,method,146-150:applyCursorPosition,body_types,IOException,IOException,IOException,True,True,2026-05-14 11:53:04,
jansi.jansi.*,jansi.jansi.src.main.org.fusesource.jansi.io.WindowsAnsiProcessor.json,55-424:WindowsAnsiProcessor,method,152-182:processEraseScreen,return_types,void,void,Unit,True,True,2026-05-13 16:26:38,
jansi.jansi.*,jansi.jansi.src.main.org.fusesource.jansi.io.WindowsAnsiProcessor.json,55-424:WindowsAnsiProcessor,method,152-182:processEraseScreen,body_types,int[],int[],Array<Int64>,True,True,2026-05-14 11:53:06,
jansi.jansi.*,jansi.jansi.src.main.org.fusesource.jansi.io.WindowsAnsiProcessor.json,55-424:WindowsAnsiProcessor,method,152-182:processEraseScreen,body_types,int,int,Int64,True,True,2026-05-13 16:26:45,
jansi.jansi.*,jansi.jansi.src.main.org.fusesource.jansi.io.WindowsAnsiProcessor.json,55-424:WindowsAnsiProcessor,method,152-182:processEraseScreen,body_types,Kernel32_COORD,Kernel32_COORD,Kernel32_COORD,True,True,2026-05-13 16:26:45,
jansi.jansi.*,jansi.jansi.src.main.org.fusesource.jansi.io.WindowsAnsiProcessor.json,55-424:WindowsAnsiProcessor,method,152-182:processEraseScreen,parameters,|int|eraseOption,int,Int64,True,True,2026-05-13 16:26:38,
jansi.jansi.*,jansi.jansi.src.main.org.fusesource.jansi.io.WindowsAnsiProcessor.json,55-424:WindowsAnsiProcessor,method,184-210:processEraseLine,return_types,void,void,Unit,True,True,2026-05-13 16:26:45,
jansi.jansi.*,jansi.jansi.src.main.org.fusesource.jansi.io.WindowsAnsiProcessor.json,55-424:WindowsAnsiProcessor,method,184-210:processEraseLine,body_types,int[],int[],Array<Int64>,True,True,2026-05-14 11:53:08,
jansi.jansi.*,jansi.jansi.src.main.org.fusesource.jansi.io.WindowsAnsiProcessor.json,55-424:WindowsAnsiProcessor,method,184-210:processEraseLine,body_types,int,int,Int64,True,True,2026-05-13 16:26:52,
jansi.jansi.*,jansi.jansi.src.main.org.fusesource.jansi.io.WindowsAnsiProcessor.json,55-424:WindowsAnsiProcessor,method,184-210:processEraseLine,body_types,Kernel32_COORD,Kernel32_COORD,Kernel32_COORD,True,True,2026-05-13 16:26:52,
jansi.jansi.*,jansi.jansi.src.main.org.fusesource.jansi.io.WindowsAnsiProcessor.json,55-424:WindowsAnsiProcessor,method,184-210:processEraseLine,parameters,|int|eraseOption,int,Int64,True,True,2026-05-13 16:26:45,
jansi.jansi.*,jansi.jansi.src.main.org.fusesource.jansi.io.WindowsAnsiProcessor.json,55-424:WindowsAnsiProcessor,method,212-217:processCursorLeft,return_types,void,void,Unit,True,True,2026-05-13 16:26:52,
jansi.jansi.*,jansi.jansi.src.main.org.fusesource.jansi.io.WindowsAnsiProcessor.json,55-424:WindowsAnsiProcessor,method,212-217:processCursorLeft,body_types,short,short,Int16,True,True,2026-05-13 16:26:52,
jansi.jansi.*,jansi.jansi.src.main.org.fusesource.jansi.io.WindowsAnsiProcessor.json,55-424:WindowsAnsiProcessor,method,212-217:processCursorLeft,parameters,|int|count,int,Int64,True,True,2026-05-13 16:26:52,
jansi.jansi.*,jansi.jansi.src.main.org.fusesource.jansi.io.WindowsAnsiProcessor.json,55-424:WindowsAnsiProcessor,method,219-224:processCursorRight,return_types,void,void,Unit,True,True,2026-05-13 16:26:52,
jansi.jansi.*,jansi.jansi.src.main.org.fusesource.jansi.io.WindowsAnsiProcessor.json,55-424:WindowsAnsiProcessor,method,219-224:processCursorRight,body_types,short,short,Int16,True,True,2026-05-13 16:26:52,
jansi.jansi.*,jansi.jansi.src.main.org.fusesource.jansi.io.WindowsAnsiProcessor.json,55-424:WindowsAnsiProcessor,method,219-224:processCursorRight,parameters,|int|count,int,Int64,True,True,2026-05-13 16:26:52,
jansi.jansi.*,jansi.jansi.src.main.org.fusesource.jansi.io.WindowsAnsiProcessor.json,55-424:WindowsAnsiProcessor,method,226-231:processCursorDown,return_types,void,void,Unit,True,True,2026-05-13 16:26:52,
jansi.jansi.*,jansi.jansi.src.main.org.fusesource.jansi.io.WindowsAnsiProcessor.json,55-424:WindowsAnsiProcessor,method,226-231:processCursorDown,body_types,short,short,Int16,True,True,2026-05-13 16:26:52,
jansi.jansi.*,jansi.jansi.src.main.org.fusesource.jansi.io.WindowsAnsiProcessor.json,55-424:WindowsAnsiProcessor,method,226-231:processCursorDown,parameters,|int|count,int,Int64,True,True,2026-05-13 16:26:52,
jansi.jansi.*,jansi.jansi.src.main.org.fusesource.jansi.io.WindowsAnsiProcessor.json,55-424:WindowsAnsiProcessor,method,233-238:processCursorUp,return_types,void,void,Unit,True,True,2026-05-13 16:26:52,
jansi.jansi.*,jansi.jansi.src.main.org.fusesource.jansi.io.WindowsAnsiProcessor.json,55-424:WindowsAnsiProcessor,method,233-238:processCursorUp,body_types,short,short,Int16,True,True,2026-05-13 16:26:52,
jansi.jansi.*,jansi.jansi.src.main.org.fusesource.jansi.io.WindowsAnsiProcessor.json,55-424:WindowsAnsiProcessor,method,233-238:processCursorUp,parameters,|int|count,int,Int64,True,True,2026-05-13 16:26:52,
jansi.jansi.*,jansi.jansi.src.main.org.fusesource.jansi.io.WindowsAnsiProcessor.json,55-424:WindowsAnsiProcessor,method,240-246:processCursorTo,return_types,void,void,Unit,True,True,2026-05-13 16:26:52,
jansi.jansi.*,jansi.jansi.src.main.org.fusesource.jansi.io.WindowsAnsiProcessor.json,55-424:WindowsAnsiProcessor,method,240-246:processCursorTo,body_types,short,short,Int16,True,True,2026-05-13 16:26:52,
jansi.jansi.*,jansi.jansi.src.main.org.fusesource.jansi.io.WindowsAnsiProcessor.json,55-424:WindowsAnsiProcessor,method,240-246:processCursorTo,parameters,|int|row,int,Int64,True,True,2026-05-13 16:26:52,
jansi.jansi.*,jansi.jansi.src.main.org.fusesource.jansi.io.WindowsAnsiProcessor.json,55-424:WindowsAnsiProcessor,method,240-246:processCursorTo,parameters,|int|col,int,Int64,True,True,2026-05-13 16:26:52,
jansi.jansi.*,jansi.jansi.src.main.org.fusesource.jansi.io.WindowsAnsiProcessor.json,55-424:WindowsAnsiProcessor,method,248-253:processCursorToColumn,return_types,void,void,Unit,True,True,2026-05-13 16:26:52,
jansi.jansi.*,jansi.jansi.src.main.org.fusesource.jansi.io.WindowsAnsiProcessor.json,55-424:WindowsAnsiProcessor,method,248-253:processCursorToColumn,body_types,short,short,Int16,True,True,2026-05-13 16:26:52,
jansi.jansi.*,jansi.jansi.src.main.org.fusesource.jansi.io.WindowsAnsiProcessor.json,55-424:WindowsAnsiProcessor,method,248-253:processCursorToColumn,parameters,|int|x,int,Int64,True,True,2026-05-13 16:26:52,
jansi.jansi.*,jansi.jansi.src.main.org.fusesource.jansi.io.WindowsAnsiProcessor.json,55-424:WindowsAnsiProcessor,method,255-261:processCursorUpLine,return_types,void,void,Unit,True,True,2026-05-13 16:26:52,
jansi.jansi.*,jansi.jansi.src.main.org.fusesource.jansi.io.WindowsAnsiProcessor.json,55-424:WindowsAnsiProcessor,method,255-261:processCursorUpLine,body_types,short,short,Int16,True,True,2026-05-13 16:26:52,
jansi.jansi.*,jansi.jansi.src.main.org.fusesource.jansi.io.WindowsAnsiProcessor.json,55-424:WindowsAnsiProcessor,method,255-261:processCursorUpLine,parameters,|int|count,int,Int64,True,True,2026-05-13 16:26:52,
jansi.jansi.*,jansi.jansi.src.main.org.fusesource.jansi.io.WindowsAnsiProcessor.json,55-424:WindowsAnsiProcessor,method,263-269:processCursorDownLine,return_types,void,void,Unit,True,True,2026-05-13 16:26:52,
jansi.jansi.*,jansi.jansi.src.main.org.fusesource.jansi.io.WindowsAnsiProcessor.json,55-424:WindowsAnsiProcessor,method,263-269:processCursorDownLine,body_types,short,short,Int16,True,True,2026-05-13 16:26:52,
jansi.jansi.*,jansi.jansi.src.main.org.fusesource.jansi.io.WindowsAnsiProcessor.json,55-424:WindowsAnsiProcessor,method,263-269:processCursorDownLine,parameters,|int|count,int,Int64,True,True,2026-05-13 16:26:52,
jansi.jansi.*,jansi.jansi.src.main.org.fusesource.jansi.io.WindowsAnsiProcessor.json,55-424:WindowsAnsiProcessor,method,271-278:processSetForegroundColor,return_types,void,void,Unit,True,True,2026-05-13 16:26:52,
jansi.jansi.*,jansi.jansi.src.main.org.fusesource.jansi.io.WindowsAnsiProcessor.json,55-424:WindowsAnsiProcessor,method,271-278:processSetForegroundColor,body_types,short,short,Int16,True,True,2026-05-13 16:26:52,
jansi.jansi.*,jansi.jansi.src.main.org.fusesource.jansi.io.WindowsAnsiProcessor.json,55-424:WindowsAnsiProcessor,method,271-278:processSetForegroundColor,parameters,|int|color,int,Int64,True,True,2026-05-13 16:26:52,
jansi.jansi.*,jansi.jansi.src.main.org.fusesource.jansi.io.WindowsAnsiProcessor.json,55-424:WindowsAnsiProcessor,method,271-278:processSetForegroundColor,parameters,|boolean|bright,boolean,Bool,True,True,2026-05-13 16:26:52,
jansi.jansi.*,jansi.jansi.src.main.org.fusesource.jansi.io.WindowsAnsiProcessor.json,55-424:WindowsAnsiProcessor,method,280-284:processSetForegroundColorExt,return_types,void,void,Unit,True,True,2026-05-13 16:26:52,
jansi.jansi.*,jansi.jansi.src.main.org.fusesource.jansi.io.WindowsAnsiProcessor.json,55-424:WindowsAnsiProcessor,method,280-284:processSetForegroundColorExt,body_types,int,int,Int64,True,True,2026-05-13 16:26:52,
jansi.jansi.*,jansi.jansi.src.main.org.fusesource.jansi.io.WindowsAnsiProcessor.json,55-424:WindowsAnsiProcessor,method,280-284:processSetForegroundColorExt,parameters,|int|paletteIndex,int,Int64,True,True,2026-05-13 16:26:52,
jansi.jansi.*,jansi.jansi.src.main.org.fusesource.jansi.io.WindowsAnsiProcessor.json,55-424:WindowsAnsiProcessor,method,286-290:processSetForegroundColorExt,return_types,void,void,Unit,True,True,2026-05-13 16:26:52,
jansi.jansi.*,jansi.jansi.src.main.org.fusesource.jansi.io.WindowsAnsiProcessor.json,55-424:WindowsAnsiProcessor,method,286-290:processSetForegroundColorExt,body_types,int,int,Int64,True,True,2026-05-13 16:26:52,
jansi.jansi.*,jansi.jansi.src.main.org.fusesource.jansi.io.WindowsAnsiProcessor.json,55-424:WindowsAnsiProcessor,method,286-290:processSetForegroundColorExt,parameters,|int|r,int,Int64,True,True,2026-05-13 16:26:52,
jansi.jansi.*,jansi.jansi.src.main.org.fusesource.jansi.io.WindowsAnsiProcessor.json,55-424:WindowsAnsiProcessor,method,286-290:processSetForegroundColorExt,parameters,|int|g,int,Int64,True,True,2026-05-13 16:26:52,
jansi.jansi.*,jansi.jansi.src.main.org.fusesource.jansi.io.WindowsAnsiProcessor.json,55-424:WindowsAnsiProcessor,method,286-290:processSetForegroundColorExt,parameters,|int|b,int,Int64,True,True,2026-05-13 16:26:52,
jansi.jansi.*,jansi.jansi.src.main.org.fusesource.jansi.io.WindowsAnsiProcessor.json,55-424:WindowsAnsiProcessor,method,292-299:processSetBackgroundColor,return_types,void,void,Unit,True,True,2026-05-13 16:26:52,
jansi.jansi.*,jansi.jansi.src.main.org.fusesource.jansi.io.WindowsAnsiProcessor.json,55-424:WindowsAnsiProcessor,method,292-299:processSetBackgroundColor,body_types,short,short,Int16,True,True,2026-05-13 16:26:52,
jansi.jansi.*,jansi.jansi.src.main.org.fusesource.jansi.io.WindowsAnsiProcessor.json,55-424:WindowsAnsiProcessor,method,292-299:processSetBackgroundColor,parameters,|int|color,int,Int64,True,True,2026-05-13 16:26:52,
jansi.jansi.*,jansi.jansi.src.main.org.fusesource.jansi.io.WindowsAnsiProcessor.json,55-424:WindowsAnsiProcessor,method,292-299:processSetBackgroundColor,parameters,|boolean|bright,boolean,Bool,True,True,2026-05-13 16:26:52,
jansi.jansi.*,jansi.jansi.src.main.org.fusesource.jansi.io.WindowsAnsiProcessor.json,55-424:WindowsAnsiProcessor,method,301-305:processSetBackgroundColorExt,return_types,void,void,Unit,True,True,2026-05-13 16:26:52,
jansi.jansi.*,jansi.jansi.src.main.org.fusesource.jansi.io.WindowsAnsiProcessor.json,55-424:WindowsAnsiProcessor,method,301-305:processSetBackgroundColorExt,body_types,int,int,Int64,True,True,2026-05-13 16:26:52,
jansi.jansi.*,jansi.jansi.src.main.org.fusesource.jansi.io.WindowsAnsiProcessor.json,55-424:WindowsAnsiProcessor,method,301-305:processSetBackgroundColorExt,parameters,|int|paletteIndex,int,Int64,True,True,2026-05-13 16:26:52,
jansi.jansi.*,jansi.jansi.src.main.org.fusesource.jansi.io.WindowsAnsiProcessor.json,55-424:WindowsAnsiProcessor,method,307-311:processSetBackgroundColorExt,return_types,void,void,Unit,True,True,2026-05-13 16:26:52,
jansi.jansi.*,jansi.jansi.src.main.org.fusesource.jansi.io.WindowsAnsiProcessor.json,55-424:WindowsAnsiProcessor,method,307-311:processSetBackgroundColorExt,body_types,int,int,Int64,True,True,2026-05-13 16:26:52,
jansi.jansi.*,jansi.jansi.src.main.org.fusesource.jansi.io.WindowsAnsiProcessor.json,55-424:WindowsAnsiProcessor,method,307-311:processSetBackgroundColorExt,parameters,|int|r,int,Int64,True,True,2026-05-13 16:26:52,
jansi.jansi.*,jansi.jansi.src.main.org.fusesource.jansi.io.WindowsAnsiProcessor.json,55-424:WindowsAnsiProcessor,method,307-311:processSetBackgroundColorExt,parameters,|int|g,int,Int64,True,True,2026-05-13 16:26:52,
jansi.jansi.*,jansi.jansi.src.main.org.fusesource.jansi.io.WindowsAnsiProcessor.json,55-424:WindowsAnsiProcessor,method,307-311:processSetBackgroundColorExt,parameters,|int|b,int,Int64,True,True,2026-05-13 16:26:52,
jansi.jansi.*,jansi.jansi.src.main.org.fusesource.jansi.io.WindowsAnsiProcessor.json,55-424:WindowsAnsiProcessor,method,313-318:processDefaultTextColor,return_types,void,void,Unit,True,True,2026-05-13 16:26:52,
jansi.jansi.*,jansi.jansi.src.main.org.fusesource.jansi.io.WindowsAnsiProcessor.json,55-424:WindowsAnsiProcessor,method,313-318:processDefaultTextColor,body_types,short,short,Int16,True,True,2026-05-13 16:26:52,
jansi.jansi.*,jansi.jansi.src.main.org.fusesource.jansi.io.WindowsAnsiProcessor.json,55-424:WindowsAnsiProcessor,method,320-325:processDefaultBackgroundColor,return_types,void,void,Unit,True,True,2026-05-13 16:26:52,
jansi.jansi.*,jansi.jansi.src.main.org.fusesource.jansi.io.WindowsAnsiProcessor.json,55-424:WindowsAnsiProcessor,method,320-325:processDefaultBackgroundColor,body_types,short,short,Int16,True,True,2026-05-13 16:26:52,
jansi.jansi.*,jansi.jansi.src.main.org.fusesource.jansi.io.WindowsAnsiProcessor.json,55-424:WindowsAnsiProcessor,method,327-332:processAttributeReset,return_types,void,void,Unit,True,True,2026-05-13 16:26:52,
jansi.jansi.*,jansi.jansi.src.main.org.fusesource.jansi.io.WindowsAnsiProcessor.json,55-424:WindowsAnsiProcessor,method,327-332:processAttributeReset,body_types,short,short,Int16,True,True,2026-05-13 16:26:52,
jansi.jansi.*,jansi.jansi.src.main.org.fusesource.jansi.io.WindowsAnsiProcessor.json,55-424:WindowsAnsiProcessor,method,334-368:processSetAttribute,return_types,void,void,Unit,True,True,2026-05-13 16:26:52,
jansi.jansi.*,jansi.jansi.src.main.org.fusesource.jansi.io.WindowsAnsiProcessor.json,55-424:WindowsAnsiProcessor,method,334-368:processSetAttribute,body_types,short,short,Int16,True,True,2026-05-13 16:26:52,
jansi.jansi.*,jansi.jansi.src.main.org.fusesource.jansi.io.WindowsAnsiProcessor.json,55-424:WindowsAnsiProcessor,method,334-368:processSetAttribute,parameters,|int|attribute,int,Int64,True,True,2026-05-13 16:26:52,
jansi.jansi.*,jansi.jansi.src.main.org.fusesource.jansi.io.WindowsAnsiProcessor.json,55-424:WindowsAnsiProcessor,method,370-375:processSaveCursorPosition,return_types,void,void,Unit,True,True,2026-05-13 16:26:52,
jansi.jansi.*,jansi.jansi.src.main.org.fusesource.jansi.io.WindowsAnsiProcessor.json,55-424:WindowsAnsiProcessor,method,377-386:processRestoreCursorPosition,return_types,void,void,Unit,True,True,2026-05-13 16:26:53,
jansi.jansi.*,jansi.jansi.src.main.org.fusesource.jansi.io.WindowsAnsiProcessor.json,55-424:WindowsAnsiProcessor,method,388-402:processInsertLine,return_types,void,void,Unit,True,True,2026-05-13 16:26:53,
jansi.jansi.*,jansi.jansi.src.main.org.fusesource.jansi.io.WindowsAnsiProcessor.json,55-424:WindowsAnsiProcessor,method,388-402:processInsertLine,body_types,Kernel32_SMALL_RECT,Kernel32_SMALL_RECT,Kernel32_SMALL_RECT,True,True,2026-05-13 16:26:53,
jansi.jansi.*,jansi.jansi.src.main.org.fusesource.jansi.io.WindowsAnsiProcessor.json,55-424:WindowsAnsiProcessor,method,388-402:processInsertLine,body_types,Kernel32_COORD,Kernel32_COORD,Kernel32_COORD,True,True,2026-05-13 16:26:53,
jansi.jansi.*,jansi.jansi.src.main.org.fusesource.jansi.io.WindowsAnsiProcessor.json,55-424:WindowsAnsiProcessor,method,388-402:processInsertLine,body_types,short,short,Int16,True,True,2026-05-13 16:26:53,
jansi.jansi.*,jansi.jansi.src.main.org.fusesource.jansi.io.WindowsAnsiProcessor.json,55-424:WindowsAnsiProcessor,method,388-402:processInsertLine,body_types,Kernel32_CHAR_INFO,Kernel32_CHAR_INFO,Kernel32_CHAR_INFO,True,True,2026-05-13 16:26:53,
jansi.jansi.*,jansi.jansi.src.main.org.fusesource.jansi.io.WindowsAnsiProcessor.json,55-424:WindowsAnsiProcessor,method,388-402:processInsertLine,body_types,IOException,IOException,IOException,True,True,2026-05-14 11:53:17,"Cangjie compilation error: [31merror[0m: expected ';' or '<NL>', found keyword 'class'   [36m==>[0m /tmp/tmp486n_95f.cj:58:27:    [36m| [0m [36m58[0m [36m| [0m    let _test_val: public class IOException <: Exception {[0m    [36m| [0m                          [31m^^^^^ expected ';' or '<NL>' here[0m    [36m| [0m  1 error generated, 1 error printed. "
jansi.jansi.*,jansi.jansi.src.main.org.fusesource.jansi.io.WindowsAnsiProcessor.json,55-424:WindowsAnsiProcessor,method,388-402:processInsertLine,parameters,|int|optionInt,int,Int64,True,True,2026-05-13 16:26:53,
jansi.jansi.*,jansi.jansi.src.main.org.fusesource.jansi.io.WindowsAnsiProcessor.json,55-424:WindowsAnsiProcessor,method,404-418:processDeleteLine,return_types,void,void,Unit,True,True,2026-05-13 16:26:59,
jansi.jansi.*,jansi.jansi.src.main.org.fusesource.jansi.io.WindowsAnsiProcessor.json,55-424:WindowsAnsiProcessor,method,404-418:processDeleteLine,body_types,Kernel32_SMALL_RECT,Kernel32_SMALL_RECT,Kernel32_SMALL_RECT,True,True,2026-05-13 16:26:59,
jansi.jansi.*,jansi.jansi.src.main.org.fusesource.jansi.io.WindowsAnsiProcessor.json,55-424:WindowsAnsiProcessor,method,404-418:processDeleteLine,body_types,Kernel32_COORD,Kernel32_COORD,Kernel32_COORD,True,True,2026-05-13 16:26:59,
jansi.jansi.*,jansi.jansi.src.main.org.fusesource.jansi.io.WindowsAnsiProcessor.json,55-424:WindowsAnsiProcessor,method,404-418:processDeleteLine,body_types,short,short,Int16,True,True,2026-05-13 16:26:59,
jansi.jansi.*,jansi.jansi.src.main.org.fusesource.jansi.io.WindowsAnsiProcessor.json,55-424:WindowsAnsiProcessor,method,404-418:processDeleteLine,body_types,Kernel32_CHAR_INFO,Kernel32_CHAR_INFO,Kernel32_CHAR_INFO,True,True,2026-05-13 16:26:59,
jansi.jansi.*,jansi.jansi.src.main.org.fusesource.jansi.io.WindowsAnsiProcessor.json,55-424:WindowsAnsiProcessor,method,404-418:processDeleteLine,body_types,IOException,IOException,IOException,True,True,2026-05-14 11:53:23,"Cangjie compilation error: [31merror[0m: expected ';' or '<NL>', found keyword 'class'   [36m==>[0m /tmp/tmpr5l1f_89.cj:58:27:    [36m| [0m [36m58[0m [36m| [0m    let _test_val: public class IOException <: Exception {[0m    [36m| [0m                          [31m^^^^^ expected ';' or '<NL>' here[0m    [36m| [0m  [31merror[0m: expected a member name after '.' in qualified name, found keyword 'init'   [36m==>[0m /tmp/tmpr5l1f_89.cj:60:15:    [36m| [0m [36m60[0m [36m| [0m"
jansi.jansi.*,jansi.jansi.src.main.org.fusesource.jansi.io.WindowsAnsiProcessor.json,55-424:WindowsAnsiProcessor,method,404-418:processDeleteLine,parameters,|int|optionInt,int,Int64,True,True,2026-05-13 16:26:59,
jansi.jansi.*,jansi.jansi.src.main.org.fusesource.jansi.io.WindowsAnsiProcessor.json,55-424:WindowsAnsiProcessor,method,420-423:processChangeWindowTitle,return_types,void,void,Unit,True,True,2026-05-13 16:27:08,
jansi.jansi.*,jansi.jansi.src.main.org.fusesource.jansi.io.WindowsAnsiProcessor.json,55-424:WindowsAnsiProcessor,method,420-423:processChangeWindowTitle,parameters,|String|label,String,String,True,True,2026-05-13 16:27:08,
jansi.jansi.*,jansi.jansi.src.test.org.fusesource.jansi.AnsiConsoleExample.json,24-44:AnsiConsoleExample,method,28-43:main,return_types,void,void,Unit,True,True,2026-05-13 17:20:53,
jansi.jansi.*,jansi.jansi.src.test.org.fusesource.jansi.AnsiConsoleExample.json,24-44:AnsiConsoleExample,method,28-43:main,body_types,String,String,String,True,True,2026-05-13 17:21:00,
jansi.jansi.*,jansi.jansi.src.test.org.fusesource.jansi.AnsiConsoleExample.json,24-44:AnsiConsoleExample,method,28-43:main,body_types,FileInputStream,FileInputStream,Any,True,True,2026-05-14 13:34:25,Cangjie compilation error: [31merror[0m: undeclared type name 'FileInputStream'   [36m==>[0m /tmp/tmpbd9p7jj5.cj:58:20:    [36m| [0m [36m58[0m [36m| [0m    let _test_val: FileInputStream[0m    [36m| [0m                   [31m^ [0m    [36m| [0m  [33mwarning[0m: unused import 'std.io.*'  [36m==>[0m /tmp/tmpbd9p7jj5.cj:3:1:   [36m| [0m [36m3[0m [36m| [0mimport std.io.*[0m   [36m| [0m[33m^^^^^^^^^^^^^^^ unused import[0m   [36m| [0m   [36m#[0m [0mnote[0m: this wa
jansi.jansi.*,jansi.jansi.src.test.org.fusesource.jansi.AnsiConsoleExample.json,24-44:AnsiConsoleExample,method,28-43:main,body_types,int,int,Int64,True,True,2026-05-13 17:21:08,
jansi.jansi.*,jansi.jansi.src.test.org.fusesource.jansi.AnsiConsoleExample.json,24-44:AnsiConsoleExample,method,28-43:main,parameters,|String[]|args,String[],Array<String>,True,True,2026-05-14 13:34:18,
jansi.jansi.*,jansi.jansi.src.test.org.fusesource.jansi.AnsiConsoleExample2.json,26-49:AnsiConsoleExample2,method,30-48:main,return_types,void,void,Unit,True,True,2026-05-13 17:20:18,
jansi.jansi.*,jansi.jansi.src.test.org.fusesource.jansi.AnsiConsoleExample2.json,26-49:AnsiConsoleExample2,method,30-48:main,body_types,String,String,String,True,True,2026-05-13 17:20:23,
jansi.jansi.*,jansi.jansi.src.test.org.fusesource.jansi.AnsiConsoleExample2.json,26-49:AnsiConsoleExample2,method,30-48:main,body_types,FileInputStream,FileInputStream,Any,True,True,2026-05-14 13:34:07,
jansi.jansi.*,jansi.jansi.src.test.org.fusesource.jansi.AnsiConsoleExample2.json,26-49:AnsiConsoleExample2,method,30-48:main,body_types,int,int,Int64,True,True,2026-05-13 17:20:32,
jansi.jansi.*,jansi.jansi.src.test.org.fusesource.jansi.AnsiConsoleExample2.json,26-49:AnsiConsoleExample2,method,30-48:main,parameters,|String[]|args,String[],Array<String>,True,True,2026-05-14 13:34:06,
jansi.jansi.*,jansi.jansi.src.test.org.fusesource.jansi.AnsiRendererTest.json,34-125:AnsiRendererTest,method,35-38:setUp,return_types,void,void,Unit,True,True,2026-05-13 16:55:18,
jansi.jansi.*,jansi.jansi.src.test.org.fusesource.jansi.AnsiRendererTest.json,34-125:AnsiRendererTest,method,40-45:testTest,return_types,void,void,Unit,True,True,2026-05-13 16:55:18,
jansi.jansi.*,jansi.jansi.src.test.org.fusesource.jansi.AnsiRendererTest.json,34-125:AnsiRendererTest,method,47-53:testRender,return_types,void,void,Unit,True,True,2026-05-13 16:55:18,
jansi.jansi.*,jansi.jansi.src.test.org.fusesource.jansi.AnsiRendererTest.json,34-125:AnsiRendererTest,method,47-53:testRender,body_types,String,String,String,True,True,2026-05-13 16:55:18,
jansi.jansi.*,jansi.jansi.src.test.org.fusesource.jansi.AnsiRendererTest.json,34-125:AnsiRendererTest,method,55-60:testRenderCodes,return_types,void,void,Unit,True,True,2026-05-13 16:55:18,
jansi.jansi.*,jansi.jansi.src.test.org.fusesource.jansi.AnsiRendererTest.json,34-125:AnsiRendererTest,method,55-60:testRenderCodes,body_types,String,String,String,True,True,2026-05-13 16:55:18,
jansi.jansi.*,jansi.jansi.src.test.org.fusesource.jansi.AnsiRendererTest.json,34-125:AnsiRendererTest,method,62-68:testRender2,return_types,void,void,Unit,True,True,2026-05-13 16:55:18,
jansi.jansi.*,jansi.jansi.src.test.org.fusesource.jansi.AnsiRendererTest.json,34-125:AnsiRendererTest,method,62-68:testRender2,body_types,String,String,String,True,True,2026-05-13 16:55:18,
jansi.jansi.*,jansi.jansi.src.test.org.fusesource.jansi.AnsiRendererTest.json,34-125:AnsiRendererTest,method,70-76:testRender3,return_types,void,void,Unit,True,True,2026-05-13 16:55:18,
jansi.jansi.*,jansi.jansi.src.test.org.fusesource.jansi.AnsiRendererTest.json,34-125:AnsiRendererTest,method,70-76:testRender3,body_types,String,String,String,True,True,2026-05-13 16:55:18,
jansi.jansi.*,jansi.jansi.src.test.org.fusesource.jansi.AnsiRendererTest.json,34-125:AnsiRendererTest,method,78-94:testRender4,return_types,void,void,Unit,True,True,2026-05-13 16:55:18,
jansi.jansi.*,jansi.jansi.src.test.org.fusesource.jansi.AnsiRendererTest.json,34-125:AnsiRendererTest,method,78-94:testRender4,body_types,String,String,String,True,True,2026-05-13 16:55:18,
jansi.jansi.*,jansi.jansi.src.test.org.fusesource.jansi.AnsiRendererTest.json,34-125:AnsiRendererTest,method,96-102:testRender5,return_types,void,void,Unit,True,True,2026-05-13 16:55:18,
jansi.jansi.*,jansi.jansi.src.test.org.fusesource.jansi.AnsiRendererTest.json,34-125:AnsiRendererTest,method,96-102:testRender5,body_types,String,String,String,True,True,2026-05-13 16:55:18,
jansi.jansi.*,jansi.jansi.src.test.org.fusesource.jansi.AnsiRendererTest.json,34-125:AnsiRendererTest,method,104-107:testRenderNothing,return_types,void,void,Unit,True,True,2026-05-13 16:55:18,
jansi.jansi.*,jansi.jansi.src.test.org.fusesource.jansi.AnsiRendererTest.json,34-125:AnsiRendererTest,method,109-113:testRenderInvalidMissingEnd,return_types,void,void,Unit,True,True,2026-05-13 16:55:18,
jansi.jansi.*,jansi.jansi.src.test.org.fusesource.jansi.AnsiRendererTest.json,34-125:AnsiRendererTest,method,109-113:testRenderInvalidMissingEnd,body_types,String,String,String,True,True,2026-05-13 16:55:18,
jansi.jansi.*,jansi.jansi.src.test.org.fusesource.jansi.AnsiRendererTest.json,34-125:AnsiRendererTest,method,115-118:testRenderInvalidEndBeforeStart,return_types,void,void,Unit,True,True,2026-05-13 16:55:18,
jansi.jansi.*,jansi.jansi.src.test.org.fusesource.jansi.AnsiRendererTest.json,34-125:AnsiRendererTest,method,115-118:testRenderInvalidEndBeforeStart,body_types,IllegalArgumentException,IllegalArgumentException,IllegalArgumentException,True,True,2026-05-14 13:24:30,
jansi.jansi.*,jansi.jansi.src.test.org.fusesource.jansi.AnsiRendererTest.json,34-125:AnsiRendererTest,method,120-124:testRenderInvalidMissingText,return_types,void,void,Unit,True,True,2026-05-13 16:55:25,
jansi.jansi.*,jansi.jansi.src.test.org.fusesource.jansi.AnsiRendererTest.json,34-125:AnsiRendererTest,method,120-124:testRenderInvalidMissingText,body_types,String,String,String,True,True,2026-05-13 16:55:25,
jansi.jansi.*,jansi.jansi.src.test.org.fusesource.jansi.AnsiStringTest.json,24-31:AnsiStringTest,method,26-30:testCursorPosition,return_types,void,void,Unit,True,True,2026-05-13 16:45:34,
jansi.jansi.*,jansi.jansi.src.test.org.fusesource.jansi.AnsiStringTest.json,24-31:AnsiStringTest,method,26-30:testCursorPosition,body_types,Ansi,Ansi,Ansi,True,True,2026-05-13 16:45:34,
jansi.jansi.*,jansi.jansi.src.test.org.fusesource.jansi.AnsiTest.json,39-207:AnsiTest,method,40-47:testSetEnabled,return_types,void,void,Unit,True,True,2026-05-13 16:43:10,
jansi.jansi.*,jansi.jansi.src.test.org.fusesource.jansi.AnsiTest.json,39-207:AnsiTest,method,40-47:testSetEnabled,body_types,Thread,Thread,Thread,True,True,2026-05-14 13:19:07,
jansi.jansi.*,jansi.jansi.src.test.org.fusesource.jansi.AnsiTest.json,39-207:AnsiTest,method,49-55:testClone,return_types,void,void,Unit,True,True,2026-05-13 16:43:19,
jansi.jansi.*,jansi.jansi.src.test.org.fusesource.jansi.AnsiTest.json,39-207:AnsiTest,method,49-55:testClone,body_types,Ansi,Ansi,Ansi,True,True,2026-05-13 16:43:19,
jansi.jansi.*,jansi.jansi.src.test.org.fusesource.jansi.AnsiTest.json,39-207:AnsiTest,method,57-60:testApply,return_types,void,void,Unit,True,True,2026-05-13 16:43:19,
jansi.jansi.*,jansi.jansi.src.test.org.fusesource.jansi.AnsiTest.json,39-207:AnsiTest,method,62-69:testScrollUp,return_types,void,void,Unit,True,True,2026-05-13 16:43:19,
jansi.jansi.*,jansi.jansi.src.test.org.fusesource.jansi.AnsiTest.json,39-207:AnsiTest,method,62-69:testScrollUp,parameters,|int|x,int,Int64,True,True,2026-05-13 16:43:19,
jansi.jansi.*,jansi.jansi.src.test.org.fusesource.jansi.AnsiTest.json,39-207:AnsiTest,method,62-69:testScrollUp,parameters,|String|expected,String,String,True,True,2026-05-13 16:43:19,
jansi.jansi.*,jansi.jansi.src.test.org.fusesource.jansi.AnsiTest.json,39-207:AnsiTest,method,71-78:testScrollDown,return_types,void,void,Unit,True,True,2026-05-13 16:43:19,
jansi.jansi.*,jansi.jansi.src.test.org.fusesource.jansi.AnsiTest.json,39-207:AnsiTest,method,71-78:testScrollDown,parameters,|int|x,int,Int64,True,True,2026-05-13 16:43:19,
jansi.jansi.*,jansi.jansi.src.test.org.fusesource.jansi.AnsiTest.json,39-207:AnsiTest,method,71-78:testScrollDown,parameters,|String|expected,String,String,True,True,2026-05-13 16:43:19,
jansi.jansi.*,jansi.jansi.src.test.org.fusesource.jansi.AnsiTest.json,39-207:AnsiTest,method,80-89:testCursor,return_types,void,void,Unit,True,True,2026-05-13 16:43:19,
jansi.jansi.*,jansi.jansi.src.test.org.fusesource.jansi.AnsiTest.json,39-207:AnsiTest,method,80-89:testCursor,body_types,Ansi,Ansi,Ansi,True,True,2026-05-13 16:43:19,
jansi.jansi.*,jansi.jansi.src.test.org.fusesource.jansi.AnsiTest.json,39-207:AnsiTest,method,80-89:testCursor,parameters,|int|x,int,Int64,True,True,2026-05-13 16:43:19,
jansi.jansi.*,jansi.jansi.src.test.org.fusesource.jansi.AnsiTest.json,39-207:AnsiTest,method,80-89:testCursor,parameters,|int|y,int,Int64,True,True,2026-05-13 16:43:19,
jansi.jansi.*,jansi.jansi.src.test.org.fusesource.jansi.AnsiTest.json,39-207:AnsiTest,method,80-89:testCursor,parameters,|String|expected,String,String,True,True,2026-05-13 16:43:19,
jansi.jansi.*,jansi.jansi.src.test.org.fusesource.jansi.AnsiTest.json,39-207:AnsiTest,method,91-95:testCursorToColumn,return_types,void,void,Unit,True,True,2026-05-13 16:43:19,
jansi.jansi.*,jansi.jansi.src.test.org.fusesource.jansi.AnsiTest.json,39-207:AnsiTest,method,91-95:testCursorToColumn,body_types,Ansi,Ansi,Ansi,True,True,2026-05-13 16:43:19,
jansi.jansi.*,jansi.jansi.src.test.org.fusesource.jansi.AnsiTest.json,39-207:AnsiTest,method,91-95:testCursorToColumn,parameters,|int|x,int,Int64,True,True,2026-05-13 16:43:19,
jansi.jansi.*,jansi.jansi.src.test.org.fusesource.jansi.AnsiTest.json,39-207:AnsiTest,method,91-95:testCursorToColumn,parameters,|String|expected,String,String,True,True,2026-05-13 16:43:19,
jansi.jansi.*,jansi.jansi.src.test.org.fusesource.jansi.AnsiTest.json,39-207:AnsiTest,method,97-101:testCursorUp,return_types,void,void,Unit,True,True,2026-05-13 16:43:19,
jansi.jansi.*,jansi.jansi.src.test.org.fusesource.jansi.AnsiTest.json,39-207:AnsiTest,method,97-101:testCursorUp,body_types,Ansi,Ansi,Ansi,True,True,2026-05-13 16:43:19,
jansi.jansi.*,jansi.jansi.src.test.org.fusesource.jansi.AnsiTest.json,39-207:AnsiTest,method,97-101:testCursorUp,parameters,|int|y,int,Int64,True,True,2026-05-13 16:43:19,
jansi.jansi.*,jansi.jansi.src.test.org.fusesource.jansi.AnsiTest.json,39-207:AnsiTest,method,97-101:testCursorUp,parameters,|String|expected,String,String,True,True,2026-05-13 16:43:19,
jansi.jansi.*,jansi.jansi.src.test.org.fusesource.jansi.AnsiTest.json,39-207:AnsiTest,method,103-107:testCursorDown,return_types,void,void,Unit,True,True,2026-05-13 16:43:19,
jansi.jansi.*,jansi.jansi.src.test.org.fusesource.jansi.AnsiTest.json,39-207:AnsiTest,method,103-107:testCursorDown,body_types,Ansi,Ansi,Ansi,True,True,2026-05-13 16:43:19,
jansi.jansi.*,jansi.jansi.src.test.org.fusesource.jansi.AnsiTest.json,39-207:AnsiTest,method,103-107:testCursorDown,parameters,|int|y,int,Int64,True,True,2026-05-13 16:43:19,
jansi.jansi.*,jansi.jansi.src.test.org.fusesource.jansi.AnsiTest.json,39-207:AnsiTest,method,103-107:testCursorDown,parameters,|String|expected,String,String,True,True,2026-05-13 16:43:19,
jansi.jansi.*,jansi.jansi.src.test.org.fusesource.jansi.AnsiTest.json,39-207:AnsiTest,method,109-113:testCursorRight,return_types,void,void,Unit,True,True,2026-05-13 16:43:19,
jansi.jansi.*,jansi.jansi.src.test.org.fusesource.jansi.AnsiTest.json,39-207:AnsiTest,method,109-113:testCursorRight,body_types,Ansi,Ansi,Ansi,True,True,2026-05-13 16:43:19,
jansi.jansi.*,jansi.jansi.src.test.org.fusesource.jansi.AnsiTest.json,39-207:AnsiTest,method,109-113:testCursorRight,parameters,|int|x,int,Int64,True,True,2026-05-13 16:43:19,
jansi.jansi.*,jansi.jansi.src.test.org.fusesource.jansi.AnsiTest.json,39-207:AnsiTest,method,109-113:testCursorRight,parameters,|String|expected,String,String,True,True,2026-05-13 16:43:19,
jansi.jansi.*,jansi.jansi.src.test.org.fusesource.jansi.AnsiTest.json,39-207:AnsiTest,method,115-119:testCursorLeft,return_types,void,void,Unit,True,True,2026-05-13 16:43:19,
jansi.jansi.*,jansi.jansi.src.test.org.fusesource.jansi.AnsiTest.json,39-207:AnsiTest,method,115-119:testCursorLeft,body_types,Ansi,Ansi,Ansi,True,True,2026-05-13 16:43:19,
jansi.jansi.*,jansi.jansi.src.test.org.fusesource.jansi.AnsiTest.json,39-207:AnsiTest,method,115-119:testCursorLeft,parameters,|int|x,int,Int64,True,True,2026-05-13 16:43:19,
jansi.jansi.*,jansi.jansi.src.test.org.fusesource.jansi.AnsiTest.json,39-207:AnsiTest,method,115-119:testCursorLeft,parameters,|String|expected,String,String,True,True,2026-05-13 16:43:19,
jansi.jansi.*,jansi.jansi.src.test.org.fusesource.jansi.AnsiTest.json,39-207:AnsiTest,method,121-131:testCursorMove,return_types,void,void,Unit,True,True,2026-05-13 16:43:19,
jansi.jansi.*,jansi.jansi.src.test.org.fusesource.jansi.AnsiTest.json,39-207:AnsiTest,method,121-131:testCursorMove,body_types,Ansi,Ansi,Ansi,True,True,2026-05-13 16:43:20,
jansi.jansi.*,jansi.jansi.src.test.org.fusesource.jansi.AnsiTest.json,39-207:AnsiTest,method,121-131:testCursorMove,parameters,|int|x,int,Int64,True,True,2026-05-13 16:43:19,
jansi.jansi.*,jansi.jansi.src.test.org.fusesource.jansi.AnsiTest.json,39-207:AnsiTest,method,121-131:testCursorMove,parameters,|int|y,int,Int64,True,True,2026-05-13 16:43:19,
jansi.jansi.*,jansi.jansi.src.test.org.fusesource.jansi.AnsiTest.json,39-207:AnsiTest,method,121-131:testCursorMove,parameters,|String|expected,String,String,True,True,2026-05-13 16:43:20,
jansi.jansi.*,jansi.jansi.src.test.org.fusesource.jansi.AnsiTest.json,39-207:AnsiTest,method,133-136:testCursorDownLine,return_types,void,void,Unit,True,True,2026-05-13 16:43:20,
jansi.jansi.*,jansi.jansi.src.test.org.fusesource.jansi.AnsiTest.json,39-207:AnsiTest,method,133-136:testCursorDownLine,body_types,Ansi,Ansi,Ansi,True,True,2026-05-13 16:43:20,
jansi.jansi.*,jansi.jansi.src.test.org.fusesource.jansi.AnsiTest.json,39-207:AnsiTest,method,138-142:testCursorDownLine,return_types,void,void,Unit,True,True,2026-05-13 16:43:20,
jansi.jansi.*,jansi.jansi.src.test.org.fusesource.jansi.AnsiTest.json,39-207:AnsiTest,method,138-142:testCursorDownLine,body_types,Ansi,Ansi,Ansi,True,True,2026-05-13 16:43:20,
jansi.jansi.*,jansi.jansi.src.test.org.fusesource.jansi.AnsiTest.json,39-207:AnsiTest,method,138-142:testCursorDownLine,parameters,|int|n,int,Int64,True,True,2026-05-13 16:43:20,
jansi.jansi.*,jansi.jansi.src.test.org.fusesource.jansi.AnsiTest.json,39-207:AnsiTest,method,138-142:testCursorDownLine,parameters,|String|expected,String,String,True,True,2026-05-13 16:43:20,
jansi.jansi.*,jansi.jansi.src.test.org.fusesource.jansi.AnsiTest.json,39-207:AnsiTest,method,144-147:testCursorUpLine,return_types,void,void,Unit,True,True,2026-05-13 16:43:20,
jansi.jansi.*,jansi.jansi.src.test.org.fusesource.jansi.AnsiTest.json,39-207:AnsiTest,method,144-147:testCursorUpLine,body_types,Ansi,Ansi,Ansi,True,True,2026-05-13 16:43:20,
jansi.jansi.*,jansi.jansi.src.test.org.fusesource.jansi.AnsiTest.json,39-207:AnsiTest,method,149-153:testCursorUpLine,return_types,void,void,Unit,True,True,2026-05-13 16:43:20,
jansi.jansi.*,jansi.jansi.src.test.org.fusesource.jansi.AnsiTest.json,39-207:AnsiTest,method,149-153:testCursorUpLine,body_types,Ansi,Ansi,Ansi,True,True,2026-05-13 16:43:20,
jansi.jansi.*,jansi.jansi.src.test.org.fusesource.jansi.AnsiTest.json,39-207:AnsiTest,method,149-153:testCursorUpLine,parameters,|int|n,int,Int64,True,True,2026-05-13 16:43:20,
jansi.jansi.*,jansi.jansi.src.test.org.fusesource.jansi.AnsiTest.json,39-207:AnsiTest,method,149-153:testCursorUpLine,parameters,|String|expected,String,String,True,True,2026-05-13 16:43:20,
jansi.jansi.*,jansi.jansi.src.test.org.fusesource.jansi.AnsiTest.json,39-207:AnsiTest,method,155-174:testColorDisabled,return_types,void,void,Unit,True,True,2026-05-13 16:43:20,
jansi.jansi.*,jansi.jansi.src.test.org.fusesource.jansi.AnsiTest.json,39-207:AnsiTest,method,176-202:testAnsiMainWithNoConsole,return_types,void,void,Unit,True,True,2026-05-13 16:43:20,
jansi.jansi.*,jansi.jansi.src.test.org.fusesource.jansi.AnsiTest.json,39-207:AnsiTest,method,176-202:testAnsiMainWithNoConsole,body_types,Path,Path,Path,True,True,2026-05-14 13:19:11,
jansi.jansi.*,jansi.jansi.src.test.org.fusesource.jansi.AnsiTest.json,39-207:AnsiTest,method,176-202:testAnsiMainWithNoConsole,body_types,String,String,String,True,True,2026-05-13 16:43:27,
jansi.jansi.*,jansi.jansi.src.test.org.fusesource.jansi.AnsiTest.json,39-207:AnsiTest,method,176-202:testAnsiMainWithNoConsole,body_types,Process,Process,Any,True,True,2026-05-14 13:19:18,"Cangjie compilation error: [31merror[0m: expected declaration, found 'from'  [36m==>[0m /tmp/tmpt83etpxi.cj:3:1:   [36m| [0m [36m3[0m [36m| [0mfrom std.process import Process[0m   [36m| [0m[31m^^^^ expected declaration here[0m   [36m| [0m   [36m#[0m [0mnote[0m: only declarations or macro expressions can be used in the top-level  1 error generated, 1 error printed. "
jansi.jansi.*,jansi.jansi.src.test.org.fusesource.jansi.AnsiTest.json,39-207:AnsiTest,method,176-202:testAnsiMainWithNoConsole,body_types,ProcessBuilder,ProcessBuilder,Any,True,True,2026-05-14 13:19:22,Cangjie compilation error: [31merror[0m: undeclared type name 'ProcessBuilder'   [36m==>[0m /tmp/tmpa1yr1j0h.cj:58:20:    [36m| [0m [36m58[0m [36m| [0m    let _test_val: ProcessBuilder[0m    [36m| [0m                   [31m^ [0m    [36m| [0m  [33mwarning[0m: unused import 'std.process.*'  [36m==>[0m /tmp/tmpa1yr1j0h.cj:3:1:   [36m| [0m [36m3[0m [36m| [0mimport std.process.*[0m   [36m| [0m[33m^^^^^^^^^^^^^^^^^^^^ unused import[0m   [36m| [0m   [36m#[0m [0mnote
jansi.jansi.*,jansi.jansi.src.test.org.fusesource.jansi.AnsiTest.json,39-207:AnsiTest,method,176-202:testAnsiMainWithNoConsole,body_types,AnsiMain,AnsiMain,AnsiMain,True,True,2026-05-13 16:43:43,
jansi.jansi.*,jansi.jansi.src.test.org.fusesource.jansi.AnsiTest.json,39-207:AnsiTest,method,176-202:testAnsiMainWithNoConsole,body_types,ByteArrayOutputStream,ByteArrayOutputStream,Any,True,True,2026-05-14 13:19:27,"Cangjie compilation error: [31merror[0m: expected declaration, found 'from'  [36m==>[0m /tmp/tmpjg1fexyz.cj:3:1:   [36m| [0m [36m3[0m [36m| [0mfrom std.io import ByteArrayOutputStream[0m   [36m| [0m[31m^^^^ expected declaration here[0m   [36m| [0m   [36m#[0m [0mnote[0m: only declarations or macro expressions can be used in the top-level  1 error generated, 1 error printed. "
jansi.jansi.*,jansi.jansi.src.test.org.fusesource.jansi.AnsiTest.json,39-207:AnsiTest,method,176-202:testAnsiMainWithNoConsole,body_types,InputStream,InputStream,InputStream,True,True,2026-05-13 16:43:50,
jansi.jansi.*,jansi.jansi.src.test.org.fusesource.jansi.AnsiTest.json,39-207:AnsiTest,method,176-202:testAnsiMainWithNoConsole,body_types,byte[],byte[],Array<Byte>,True,True,2026-05-14 13:19:27,
jansi.jansi.*,jansi.jansi.src.test.org.fusesource.jansi.AnsiTest.json,39-207:AnsiTest,method,176-202:testAnsiMainWithNoConsole,body_types,byte,byte,Int8,True,True,2026-05-13 16:43:56,
jansi.jansi.*,jansi.jansi.src.test.org.fusesource.jansi.AnsiTest.json,39-207:AnsiTest,method,176-202:testAnsiMainWithNoConsole,body_types,int,int,Int64,True,True,2026-05-13 16:43:56,
jansi.jansi.*,jansi.jansi.src.test.org.fusesource.jansi.AnsiTest.json,39-207:AnsiTest,method,204-206:assertAnsi,return_types,void,void,Unit,True,True,2026-05-13 16:43:56,
jansi.jansi.*,jansi.jansi.src.test.org.fusesource.jansi.AnsiTest.json,39-207:AnsiTest,method,204-206:assertAnsi,parameters,|String|expected,String,String,True,True,2026-05-13 16:43:56,
jansi.jansi.*,jansi.jansi.src.test.org.fusesource.jansi.AnsiTest.json,39-207:AnsiTest,method,204-206:assertAnsi,parameters,|Ansi|actual,Ansi,Ansi,True,True,2026-05-13 16:43:56,
jansi.jansi.*,jansi.jansi.src.test.org.fusesource.jansi.EncodingTest.json,30-89:EncodingTest,method,32-59:testEncoding8859,return_types,void,void,Unit,True,True,2026-05-13 17:04:03,
jansi.jansi.*,jansi.jansi.src.test.org.fusesource.jansi.EncodingTest.json,30-89:EncodingTest,method,32-59:testEncoding8859,body_types,ByteArrayOutputStream,ByteArrayOutputStream,Any,True,True,2026-05-14 13:27:11,
jansi.jansi.*,jansi.jansi.src.test.org.fusesource.jansi.EncodingTest.json,30-89:EncodingTest,method,32-59:testEncoding8859,body_types,AtomicReference<String>,AtomicReference<String>,Any,True,True,2026-05-14 13:27:19,"Cangjie compilation error: [31merror[0m: expected declaration, found 'from'  [36m==>[0m /tmp/tmpovwz_uuz.cj:3:1:   [36m| [0m [36m3[0m [36m| [0mfrom std.sync import AtomicReference[0m   [36m| [0m[31m^^^^ expected declaration here[0m   [36m| [0m   [36m#[0m [0mnote[0m: only declarations or macro expressions can be used in the top-level  1 error generated, 1 error printed. "
jansi.jansi.*,jansi.jansi.src.test.org.fusesource.jansi.EncodingTest.json,30-89:EncodingTest,method,32-59:testEncoding8859,body_types,AtomicReference<>,AtomicReference<>,Any,True,True,2026-05-14 13:27:24,"Cangjie compilation error: [31merror[0m: expected declaration, found 'from'  [36m==>[0m /tmp/tmp2mmb6sz6.cj:3:1:   [36m| [0m [36m3[0m [36m| [0mfrom std.core import AtomicReference[0m   [36m| [0m[31m^^^^ expected declaration here[0m   [36m| [0m   [36m#[0m [0mnote[0m: only declarations or macro expressions can be used in the top-level  1 error generated, 1 error printed. "
jansi.jansi.*,jansi.jansi.src.test.org.fusesource.jansi.EncodingTest.json,30-89:EncodingTest,method,32-59:testEncoding8859,body_types,PrintStream,PrintStream,Any,True,True,2026-05-14 13:27:31,Cangjie compilation error: [31merror[0m: undeclared type name 'FileOutputStream'   [36m==>[0m /tmp/tmp5pv3nxzu.cj:58:20:    [36m| [0m [36m58[0m [36m| [0m    let _test_val: FileOutputStream[0m    [36m| [0m                   [31m^ [0m    [36m| [0m  [33mwarning[0m: unused import 'std.io.*'  [36m==>[0m /tmp/tmp5pv3nxzu.cj:3:1:   [36m| [0m [36m3[0m [36m| [0mimport std.io.*[0m   [36m| [0m[33m^^^^^^^^^^^^^^^ unused import[0m   [36m| [0m   [36m#[0m [0mnote[0m: this 
jansi.jansi.*,jansi.jansi.src.test.org.fusesource.jansi.EncodingTest.json,30-89:EncodingTest,method,32-59:testEncoding8859,body_types,AnsiPrintStream,AnsiPrintStream,AnsiPrintStream,True,True,2026-05-13 17:04:47,
jansi.jansi.*,jansi.jansi.src.test.org.fusesource.jansi.EncodingTest.json,30-89:EncodingTest,method,32-59:testEncoding8859,body_types,AnsiOutputStream,AnsiOutputStream,AnsiOutputStream,True,True,2026-05-13 17:04:47,
jansi.jansi.*,jansi.jansi.src.test.org.fusesource.jansi.EncodingTest.json,30-89:EncodingTest,method,32-59:testEncoding8859,body_types,AnsiProcessor,AnsiProcessor,AnsiProcessor,True,True,2026-05-13 17:04:47,
jansi.jansi.*,jansi.jansi.src.test.org.fusesource.jansi.EncodingTest.json,30-89:EncodingTest,method,32-59:testEncoding8859,body_types,void,void,Unit,True,True,2026-05-13 17:04:47,
jansi.jansi.*,jansi.jansi.src.test.org.fusesource.jansi.EncodingTest.json,30-89:EncodingTest,method,32-59:testEncoding8859,body_types,String,String,String,True,True,2026-05-13 17:04:47,
jansi.jansi.*,jansi.jansi.src.test.org.fusesource.jansi.EncodingTest.json,30-89:EncodingTest,method,61-88:testEncodingUtf8,return_types,void,void,Unit,True,True,2026-05-13 17:04:47,
jansi.jansi.*,jansi.jansi.src.test.org.fusesource.jansi.EncodingTest.json,30-89:EncodingTest,method,61-88:testEncodingUtf8,body_types,ByteArrayOutputStream,ByteArrayOutputStream,Any,True,True,2026-05-14 13:27:36,Cangjie compilation error: [31merror[0m: undeclared type name 'ByteArrayOutputStream'   [36m==>[0m /tmp/tmpg55gc0g8.cj:58:20:    [36m| [0m [36m58[0m [36m| [0m    let _test_val: ByteArrayOutputStream[0m    [36m| [0m                   [31m^ [0m    [36m| [0m  [33mwarning[0m: unused import 'std.io.*'  [36m==>[0m /tmp/tmpg55gc0g8.cj:3:1:   [36m| [0m [36m3[0m [36m| [0mimport std.io.*[0m   [36m| [0m[33m^^^^^^^^^^^^^^^ unused import[0m   [36m| [0m   [36m#[0m [0mnote
jansi.jansi.*,jansi.jansi.src.test.org.fusesource.jansi.EncodingTest.json,30-89:EncodingTest,method,61-88:testEncodingUtf8,body_types,AtomicReference<String>,AtomicReference<String>,Any,True,True,2026-05-14 13:27:41,"Cangjie compilation error: [31merror[0m: expected declaration, found 'from'  [36m==>[0m /tmp/tmpc4u2gzs2.cj:3:1:   [36m| [0m [36m3[0m [36m| [0mfrom std.concurrent import AtomicReference[0m   [36m| [0m[31m^^^^ expected declaration here[0m   [36m| [0m   [36m#[0m [0mnote[0m: only declarations or macro expressions can be used in the top-level  1 error generated, 1 error printed. "
jansi.jansi.*,jansi.jansi.src.test.org.fusesource.jansi.EncodingTest.json,30-89:EncodingTest,method,61-88:testEncodingUtf8,body_types,AtomicReference<>,AtomicReference<>,Any,True,True,2026-05-14 13:27:47,"Cangjie compilation error: [31merror[0m: undeclared type name 'AtomicReference'   [36m==>[0m /tmp/tmpbyruxzbm.cj:58:20:    [36m| [0m [36m58[0m [36m| [0m    let _test_val: AtomicReference<String>[0m    [36m| [0m                   [31m^ [0m    [36m| [0m  1 error generated, 1 error printed. "
jansi.jansi.*,jansi.jansi.src.test.org.fusesource.jansi.EncodingTest.json,30-89:EncodingTest,method,61-88:testEncodingUtf8,body_types,PrintStream,PrintStream,Any,True,True,2026-05-14 13:27:54,Cangjie compilation error: [31merror[0m: undeclared type name 'PrintStream'   [36m==>[0m /tmp/tmpm70s_jed.cj:58:20:    [36m| [0m [36m58[0m [36m| [0m    let _test_val: PrintStream[0m    [36m| [0m                   [31m^ [0m    [36m| [0m  [33mwarning[0m: unused import 'std.io.*'  [36m==>[0m /tmp/tmpm70s_jed.cj:3:1:   [36m| [0m [36m3[0m [36m| [0mimport std.io.*[0m   [36m| [0m[33m^^^^^^^^^^^^^^^ unused import[0m   [36m| [0m   [36m#[0m [0mnote[0m: this warning ca
jansi.jansi.*,jansi.jansi.src.test.org.fusesource.jansi.EncodingTest.json,30-89:EncodingTest,method,61-88:testEncodingUtf8,body_types,AnsiOutputStream,AnsiOutputStream,AnsiOutputStream,True,True,2026-05-13 17:05:22,
jansi.jansi.*,jansi.jansi.src.test.org.fusesource.jansi.EncodingTest.json,30-89:EncodingTest,method,61-88:testEncodingUtf8,body_types,AnsiProcessor,AnsiProcessor,AnsiProcessor,True,True,2026-05-13 17:05:22,
jansi.jansi.*,jansi.jansi.src.test.org.fusesource.jansi.EncodingTest.json,30-89:EncodingTest,method,61-88:testEncodingUtf8,body_types,void,void,Unit,True,True,2026-05-13 17:05:22,
jansi.jansi.*,jansi.jansi.src.test.org.fusesource.jansi.EncodingTest.json,30-89:EncodingTest,method,61-88:testEncodingUtf8,body_types,String,String,String,True,True,2026-05-13 17:05:22,
jansi.jansi.*,jansi.jansi.src.test.org.fusesource.jansi.InstallUninstallTest.json,20-42:InstallUninstallTest,method,22-35:main,return_types,void,void,Unit,True,True,2026-05-13 17:20:39,
jansi.jansi.*,jansi.jansi.src.test.org.fusesource.jansi.InstallUninstallTest.json,20-42:InstallUninstallTest,method,22-35:main,parameters,|String[]|args,String[],Array<String>,True,True,2026-05-14 13:34:11,
jansi.jansi.*,jansi.jansi.src.test.org.fusesource.jansi.InstallUninstallTest.json,20-42:InstallUninstallTest,method,37-41:print,return_types,void,void,Unit,True,True,2026-05-13 17:20:46,
jansi.jansi.*,jansi.jansi.src.test.org.fusesource.jansi.InstallUninstallTest.json,20-42:InstallUninstallTest,method,37-41:print,body_types,int,int,Int64,True,True,2026-05-13 17:20:53,
jansi.jansi.*,jansi.jansi.src.test.org.fusesource.jansi.InstallUninstallTest.json,20-42:InstallUninstallTest,method,37-41:print,parameters,|PrintStream|stream,PrintStream,Any,True,True,2026-05-14 13:34:18,Cangjie compilation error: [31merror[0m: undeclared type name 'PrintStream'   [36m==>[0m /tmp/tmpn6mdcw2g.cj:58:20:    [36m| [0m [36m58[0m [36m| [0m    let _test_val: PrintStream[0m    [36m| [0m                   [31m^ [0m    [36m| [0m  [33mwarning[0m: unused import 'std.io.*'  [36m==>[0m /tmp/tmpn6mdcw2g.cj:3:1:   [36m| [0m [36m3[0m [36m| [0mimport std.io.*[0m   [36m| [0m[33m^^^^^^^^^^^^^^^ unused import[0m   [36m| [0m   [36m#[0m [0mnote[0m: this warning ca
jansi.jansi.*,jansi.jansi.src.test.org.fusesource.jansi.InstallUninstallTest.json,20-42:InstallUninstallTest,method,37-41:print,parameters,|String|text,String,String,True,True,2026-05-13 17:20:53,
jansi.jansi.*,jansi.jansi.src.test.org.fusesource.jansi.internal.JansiLoaderTest.json,20-26:JansiLoaderTest,method,22-25:testLoadJansi,return_types,void,void,Unit,True,True,2026-05-13 17:03:23,
jansi.jansi.*,jansi.jansi.src.test.org.fusesource.jansi.internal.Kernel32Test.json,24-32:Kernel32Test,method,26-31:testErrorMessage,return_types,void,void,Unit,True,True,2026-05-13 17:12:36,
jansi.jansi.*,jansi.jansi.src.test.org.fusesource.jansi.internal.Kernel32Test.json,24-32:Kernel32Test,method,26-31:testErrorMessage,body_types,String,String,String,True,True,2026-05-13 17:12:36,
jansi.jansi.*,jansi.jansi.src.test.org.fusesource.jansi.io.AnsiOutputStreamTest.json,29-49:AnsiOutputStreamTest,method,31-48:canHandleSgrsWithMultipleOptions,return_types,void,void,Unit,True,True,2026-05-13 17:17:22,
jansi.jansi.*,jansi.jansi.src.test.org.fusesource.jansi.io.AnsiOutputStreamTest.json,29-49:AnsiOutputStreamTest,method,31-48:canHandleSgrsWithMultipleOptions,body_types,ByteArrayOutputStream,ByteArrayOutputStream,Any,True,True,2026-05-14 13:33:03,Cangjie compilation error: [31merror[0m: undeclared type name 'ByteArrayOutputStream'   [36m==>[0m /tmp/tmp3v9o2w8l.cj:58:20:    [36m| [0m [36m58[0m [36m| [0m    let _test_val: ByteArrayOutputStream[0m    [36m| [0m                   [31m^ [0m    [36m| [0m  [33mwarning[0m: unused import 'std.io.*'  [36m==>[0m /tmp/tmp3v9o2w8l.cj:3:1:   [36m| [0m [36m3[0m [36m| [0mimport std.io.*[0m   [36m| [0m[33m^^^^^^^^^^^^^^^ unused import[0m   [36m| [0m   [36m#[0m [0mnote
jansi.jansi.*,jansi.jansi.src.test.org.fusesource.jansi.io.AnsiOutputStreamTest.json,29-49:AnsiOutputStreamTest,method,31-48:canHandleSgrsWithMultipleOptions,body_types,AnsiOutputStream,AnsiOutputStream,AnsiOutputStream,True,True,2026-05-13 17:17:29,
jansi.*,jansi.src.main.org.fusesource.jansi.Ansi.json,27-973:Ansi,field,29-29:FIRST_ESC_CHAR,types,char,char,Rune,True,True,2026-05-21 16:18:46,
jansi.*,jansi.src.main.org.fusesource.jansi.Ansi.json,27-973:Ansi,field,30-30:SECOND_ESC_CHAR,types,char,char,Rune,True,True,2026-05-21 16:18:46,
jansi.*,jansi.src.main.org.fusesource.jansi.Ansi.json,27-973:Ansi,field,157-157:DISABLE,types,String,String,String,True,True,2026-05-21 16:18:46,
jansi.*,jansi.src.main.org.fusesource.jansi.Ansi.json,27-973:Ansi,field,159-159:detector,types,Callable<Boolean>,Callable<Boolean>,() -> Bool,True,True,2026-05-21 16:18:46,
jansi.*,jansi.src.main.org.fusesource.jansi.Ansi.json,27-973:Ansi,field,174-179:holder,types,InheritableThreadLocal<Boolean>,InheritableThreadLocal<Boolean>,Any,True,True,2026-05-21 16:18:48,
jansi.*,jansi.src.main.org.fusesource.jansi.Ansi.json,27-973:Ansi,field,373-373:builder,types,StringBuilder,StringBuilder,StringBuilder,True,True,2026-05-21 16:18:51,
jansi.*,jansi.src.main.org.fusesource.jansi.Ansi.json,27-973:Ansi,field,374-374:attributeOptions,types,ArrayList<Integer>,ArrayList<Integer>,ArrayList<Int64>,True,True,2026-05-21 16:18:53,
jansi.*,jansi.src.main.org.fusesource.jansi.Ansi.json,27-973:Ansi,method,161-164:setDetector,return_types,void,void,Unit,True,True,2026-05-21 16:18:56,
jansi.*,jansi.src.main.org.fusesource.jansi.Ansi.json,27-973:Ansi,method,161-164:setDetector,body_types,IllegalArgumentException,IllegalArgumentException,IllegalArgumentException,True,True,2026-05-21 16:19:03,
jansi.*,jansi.src.main.org.fusesource.jansi.Ansi.json,27-973:Ansi,method,161-164:setDetector,parameters,final|Callable<Boolean>|detector,Callable<Boolean>,() -> Bool,True,True,2026-05-21 16:19:03,"Cangjie compilation error: [31merror[0m: expected a '*' or identifier after '.' in qualified name, found keyword 'Bool'  [36m==>[0m /tmp/tmpy_zdr_5d.cj:3:17:   [36m| [0m [36m3[0m [36m| [0mimport std.core.Bool[0m   [36m| [0m               [36m~[31m^^^^ expected a '*' or identifier here[0m   [36m| [0m               [36m|[0m   [36m| [0m               [36mafter '.' in qualified name[0m   [36m| [0m [32mhelp[0m: you could escape keyword as a '*' or identifier using '`':   "
jansi.*,jansi.src.main.org.fusesource.jansi.Ansi.json,27-973:Ansi,method,166-172:isDetected,return_types,boolean,boolean,Bool,True,True,2026-05-21 16:19:05,
jansi.*,jansi.src.main.org.fusesource.jansi.Ansi.json,27-973:Ansi,method,166-172:isDetected,body_types,Exception,Exception,Exception,True,True,2026-05-21 16:19:05,
jansi.*,jansi.src.main.org.fusesource.jansi.Ansi.json,27-973:Ansi,method,181-183:setEnabled,return_types,void,void,Unit,True,True,2026-05-21 16:19:08,
jansi.*,jansi.src.main.org.fusesource.jansi.Ansi.json,27-973:Ansi,method,181-183:setEnabled,parameters,final|boolean|flag,boolean,Bool,True,True,2026-05-21 16:19:08,
jansi.*,jansi.src.main.org.fusesource.jansi.Ansi.json,27-973:Ansi,method,185-187:isEnabled,return_types,boolean,boolean,Bool,True,True,2026-05-21 16:19:08,
jansi.*,jansi.src.main.org.fusesource.jansi.Ansi.json,27-973:Ansi,method,189-195:ansi,return_types,Ansi,Ansi,Ansi,True,True,2026-05-21 16:19:08,
jansi.*,jansi.src.main.org.fusesource.jansi.Ansi.json,27-973:Ansi,method,189-195:ansi,body_types,Ansi,Ansi,Ansi,True,True,2026-05-21 16:19:08,
jansi.*,jansi.src.main.org.fusesource.jansi.Ansi.json,27-973:Ansi,method,189-195:ansi,body_types,Ansi_NoAnsi,Ansi_NoAnsi,Ansi_NoAnsi,True,True,2026-05-21 16:19:08,
jansi.*,jansi.src.main.org.fusesource.jansi.Ansi.json,27-973:Ansi,method,197-203:ansi,return_types,Ansi,Ansi,Ansi,True,True,2026-05-21 16:19:08,
jansi.*,jansi.src.main.org.fusesource.jansi.Ansi.json,27-973:Ansi,method,197-203:ansi,body_types,Ansi,Ansi,Ansi,True,True,2026-05-21 16:19:10,
jansi.*,jansi.src.main.org.fusesource.jansi.Ansi.json,27-973:Ansi,method,197-203:ansi,body_types,Ansi_NoAnsi,Ansi_NoAnsi,Ansi_NoAnsi,True,True,2026-05-21 16:19:10,
jansi.*,jansi.src.main.org.fusesource.jansi.Ansi.json,27-973:Ansi,method,197-203:ansi,parameters,|StringBuilder|builder,StringBuilder,StringBuilder,True,True,2026-05-21 16:19:08,
jansi.*,jansi.src.main.org.fusesource.jansi.Ansi.json,27-973:Ansi,method,205-211:ansi,return_types,Ansi,Ansi,Ansi,True,True,2026-05-21 16:19:10,
jansi.*,jansi.src.main.org.fusesource.jansi.Ansi.json,27-973:Ansi,method,205-211:ansi,body_types,Ansi,Ansi,Ansi,True,True,2026-05-21 16:19:10,
jansi.*,jansi.src.main.org.fusesource.jansi.Ansi.json,27-973:Ansi,method,205-211:ansi,body_types,Ansi_NoAnsi,Ansi_NoAnsi,Ansi_NoAnsi,True,True,2026-05-21 16:19:10,
jansi.*,jansi.src.main.org.fusesource.jansi.Ansi.json,27-973:Ansi,method,205-211:ansi,parameters,|int|size,int,Int64,True,True,2026-05-21 16:19:10,
jansi.*,jansi.src.main.org.fusesource.jansi.Ansi.json,27-973:Ansi,method,376-378:Ansi,body_types,StringBuilder,StringBuilder,StringBuilder,True,True,2026-05-21 16:19:10,
jansi.*,jansi.src.main.org.fusesource.jansi.Ansi.json,27-973:Ansi,method,380-383:Ansi,body_types,StringBuilder,StringBuilder,StringBuilder,True,True,2026-05-21 16:19:13,
jansi.*,jansi.src.main.org.fusesource.jansi.Ansi.json,27-973:Ansi,method,380-383:Ansi,parameters,|Ansi|parent,Ansi,Ansi,True,True,2026-05-21 16:19:13,
jansi.*,jansi.src.main.org.fusesource.jansi.Ansi.json,27-973:Ansi,method,385-387:Ansi,body_types,StringBuilder,StringBuilder,StringBuilder,True,True,2026-05-21 16:19:16,
jansi.*,jansi.src.main.org.fusesource.jansi.Ansi.json,27-973:Ansi,method,385-387:Ansi,parameters,|int|size,int,Int64,True,True,2026-05-21 16:19:16,
jansi.*,jansi.src.main.org.fusesource.jansi.Ansi.json,27-973:Ansi,method,389-391:Ansi,parameters,|StringBuilder|builder,StringBuilder,StringBuilder,True,True,2026-05-21 16:19:18,
jansi.*,jansi.src.main.org.fusesource.jansi.Ansi.json,27-973:Ansi,method,393-396:fg,return_types,Ansi,Ansi,Ansi,True,True,2026-05-21 16:19:20,
jansi.*,jansi.src.main.org.fusesource.jansi.Ansi.json,27-973:Ansi,method,393-396:fg,parameters,|Color|color,Color,Color,True,True,2026-05-21 16:19:21,
jansi.*,jansi.src.main.org.fusesource.jansi.Ansi.json,27-973:Ansi,method,398-403:fg,return_types,Ansi,Ansi,Ansi,True,True,2026-05-21 16:19:21,
jansi.*,jansi.src.main.org.fusesource.jansi.Ansi.json,27-973:Ansi,method,398-403:fg,parameters,|int|color,int,Int64,True,True,2026-05-21 16:19:21,
jansi.*,jansi.src.main.org.fusesource.jansi.Ansi.json,27-973:Ansi,method,405-407:fgRgb,return_types,Ansi,Ansi,Ansi,True,True,2026-05-21 16:19:21,
jansi.*,jansi.src.main.org.fusesource.jansi.Ansi.json,27-973:Ansi,method,405-407:fgRgb,parameters,|int|color,int,Int64,True,True,2026-05-21 16:19:21,
jansi.*,jansi.src.main.org.fusesource.jansi.Ansi.json,27-973:Ansi,method,409-416:fgRgb,return_types,Ansi,Ansi,Ansi,True,True,2026-05-21 16:19:21,
jansi.*,jansi.src.main.org.fusesource.jansi.Ansi.json,27-973:Ansi,method,409-416:fgRgb,parameters,|int|r,int,Int64,True,True,2026-05-21 16:19:21,
jansi.*,jansi.src.main.org.fusesource.jansi.Ansi.json,27-973:Ansi,method,409-416:fgRgb,parameters,|int|g,int,Int64,True,True,2026-05-21 16:19:21,
jansi.*,jansi.src.main.org.fusesource.jansi.Ansi.json,27-973:Ansi,method,409-416:fgRgb,parameters,|int|b,int,Int64,True,True,2026-05-21 16:19:21,
jansi.*,jansi.src.main.org.fusesource.jansi.Ansi.json,27-973:Ansi,method,418-420:fgBlack,return_types,Ansi,Ansi,Ansi,True,True,2026-05-21 16:19:21,
jansi.*,jansi.src.main.org.fusesource.jansi.Ansi.json,27-973:Ansi,method,422-424:fgBlue,return_types,Ansi,Ansi,Ansi,True,True,2026-05-21 16:19:21,
jansi.*,jansi.src.main.org.fusesource.jansi.Ansi.json,27-973:Ansi,method,426-428:fgCyan,return_types,Ansi,Ansi,Ansi,True,True,2026-05-21 16:19:21,
jansi.*,jansi.src.main.org.fusesource.jansi.Ansi.json,27-973:Ansi,method,430-432:fgDefault,return_types,Ansi,Ansi,Ansi,True,True,2026-05-21 16:19:21,
jansi.*,jansi.src.main.org.fusesource.jansi.Ansi.json,27-973:Ansi,method,434-436:fgGreen,return_types,Ansi,Ansi,Ansi,True,True,2026-05-21 16:19:21,
jansi.*,jansi.src.main.org.fusesource.jansi.Ansi.json,27-973:Ansi,method,438-440:fgMagenta,return_types,Ansi,Ansi,Ansi,True,True,2026-05-21 16:19:21,
jansi.*,jansi.src.main.org.fusesource.jansi.Ansi.json,27-973:Ansi,method,442-444:fgRed,return_types,Ansi,Ansi,Ansi,True,True,2026-05-21 16:19:21,
jansi.*,jansi.src.main.org.fusesource.jansi.Ansi.json,27-973:Ansi,method,446-448:fgYellow,return_types,Ansi,Ansi,Ansi,True,True,2026-05-21 16:19:21,
jansi.*,jansi.src.main.org.fusesource.jansi.Ansi.json,27-973:Ansi,method,450-453:bg,return_types,Ansi,Ansi,Ansi,True,True,2026-05-21 16:19:21,
jansi.*,jansi.src.main.org.fusesource.jansi.Ansi.json,27-973:Ansi,method,450-453:bg,parameters,|Color|color,Color,Color,True,True,2026-05-21 16:19:21,
jansi.*,jansi.src.main.org.fusesource.jansi.Ansi.json,27-973:Ansi,method,455-460:bg,return_types,Ansi,Ansi,Ansi,True,True,2026-05-21 16:19:21,
jansi.*,jansi.src.main.org.fusesource.jansi.Ansi.json,27-973:Ansi,method,455-460:bg,parameters,|int|color,int,Int64,True,True,2026-05-21 16:19:21,
jansi.*,jansi.src.main.org.fusesource.jansi.Ansi.json,27-973:Ansi,method,462-464:bgRgb,return_types,Ansi,Ansi,Ansi,True,True,2026-05-21 16:19:21,
jansi.*,jansi.src.main.org.fusesource.jansi.Ansi.json,27-973:Ansi,method,462-464:bgRgb,parameters,|int|color,int,Int64,True,True,2026-05-21 16:19:21,
jansi.*,jansi.src.main.org.fusesource.jansi.Ansi.json,27-973:Ansi,method,466-473:bgRgb,return_types,Ansi,Ansi,Ansi,True,True,2026-05-21 16:19:21,
jansi.*,jansi.src.main.org.fusesource.jansi.Ansi.json,27-973:Ansi,method,466-473:bgRgb,parameters,|int|r,int,Int64,True,True,2026-05-21 16:19:21,
jansi.*,jansi.src.main.org.fusesource.jansi.Ansi.json,27-973:Ansi,method,466-473:bgRgb,parameters,|int|g,int,Int64,True,True,2026-05-21 16:19:21,
jansi.*,jansi.src.main.org.fusesource.jansi.Ansi.json,27-973:Ansi,method,466-473:bgRgb,parameters,|int|b,int,Int64,True,True,2026-05-21 16:19:21,
jansi.*,jansi.src.main.org.fusesource.jansi.Ansi.json,27-973:Ansi,method,475-477:bgCyan,return_types,Ansi,Ansi,Ansi,True,True,2026-05-21 16:19:21,
jansi.*,jansi.src.main.org.fusesource.jansi.Ansi.json,27-973:Ansi,method,479-481:bgDefault,return_types,Ansi,Ansi,Ansi,True,True,2026-05-21 16:19:21,
jansi.*,jansi.src.main.org.fusesource.jansi.Ansi.json,27-973:Ansi,method,483-485:bgGreen,return_types,Ansi,Ansi,Ansi,True,True,2026-05-21 16:19:21,
jansi.*,jansi.src.main.org.fusesource.jansi.Ansi.json,27-973:Ansi,method,487-489:bgMagenta,return_types,Ansi,Ansi,Ansi,True,True,2026-05-21 16:19:21,
jansi.*,jansi.src.main.org.fusesource.jansi.Ansi.json,27-973:Ansi,method,491-493:bgRed,return_types,Ansi,Ansi,Ansi,True,True,2026-05-21 16:19:21,
jansi.*,jansi.src.main.org.fusesource.jansi.Ansi.json,27-973:Ansi,method,495-497:bgYellow,return_types,Ansi,Ansi,Ansi,True,True,2026-05-21 16:19:21,
jansi.*,jansi.src.main.org.fusesource.jansi.Ansi.json,27-973:Ansi,method,499-502:fgBright,return_types,Ansi,Ansi,Ansi,True,True,2026-05-21 16:19:21,
jansi.*,jansi.src.main.org.fusesource.jansi.Ansi.json,27-973:Ansi,method,499-502:fgBright,parameters,|Color|color,Color,Color,True,True,2026-05-21 16:19:21,
jansi.*,jansi.src.main.org.fusesource.jansi.Ansi.json,27-973:Ansi,method,504-506:fgBrightBlack,return_types,Ansi,Ansi,Ansi,True,True,2026-05-21 16:19:21,
jansi.*,jansi.src.main.org.fusesource.jansi.Ansi.json,27-973:Ansi,method,508-510:fgBrightBlue,return_types,Ansi,Ansi,Ansi,True,True,2026-05-21 16:19:21,
jansi.*,jansi.src.main.org.fusesource.jansi.Ansi.json,27-973:Ansi,method,512-514:fgBrightCyan,return_types,Ansi,Ansi,Ansi,True,True,2026-05-21 16:19:21,
jansi.*,jansi.src.main.org.fusesource.jansi.Ansi.json,27-973:Ansi,method,516-518:fgBrightDefault,return_types,Ansi,Ansi,Ansi,True,True,2026-05-21 16:19:21,
jansi.*,jansi.src.main.org.fusesource.jansi.Ansi.json,27-973:Ansi,method,520-522:fgBrightGreen,return_types,Ansi,Ansi,Ansi,True,True,2026-05-21 16:19:21,
jansi.*,jansi.src.main.org.fusesource.jansi.Ansi.json,27-973:Ansi,method,524-526:fgBrightMagenta,return_types,Ansi,Ansi,Ansi,True,True,2026-05-21 16:19:21,
jansi.*,jansi.src.main.org.fusesource.jansi.Ansi.json,27-973:Ansi,method,528-530:fgBrightRed,return_types,Ansi,Ansi,Ansi,True,True,2026-05-21 16:19:21,
jansi.*,jansi.src.main.org.fusesource.jansi.Ansi.json,27-973:Ansi,method,532-534:fgBrightYellow,return_types,Ansi,Ansi,Ansi,True,True,2026-05-21 16:19:21,
jansi.*,jansi.src.main.org.fusesource.jansi.Ansi.json,27-973:Ansi,method,536-539:bgBright,return_types,Ansi,Ansi,Ansi,True,True,2026-05-21 16:19:21,
jansi.*,jansi.src.main.org.fusesource.jansi.Ansi.json,27-973:Ansi,method,536-539:bgBright,parameters,|Color|color,Color,Color,True,True,2026-05-21 16:19:21,
jansi.*,jansi.src.main.org.fusesource.jansi.Ansi.json,27-973:Ansi,method,541-543:bgBrightCyan,return_types,Ansi,Ansi,Ansi,True,True,2026-05-21 16:19:21,
jansi.*,jansi.src.main.org.fusesource.jansi.Ansi.json,27-973:Ansi,method,545-547:bgBrightDefault,return_types,Ansi,Ansi,Ansi,True,True,2026-05-21 16:19:21,
jansi.*,jansi.src.main.org.fusesource.jansi.Ansi.json,27-973:Ansi,method,549-551:bgBrightGreen,return_types,Ansi,Ansi,Ansi,True,True,2026-05-21 16:19:21,
jansi.*,jansi.src.main.org.fusesource.jansi.Ansi.json,27-973:Ansi,method,553-555:bgBrightMagenta,return_types,Ansi,Ansi,Ansi,True,True,2026-05-21 16:19:21,
jansi.*,jansi.src.main.org.fusesource.jansi.Ansi.json,27-973:Ansi,method,557-559:bgBrightRed,return_types,Ansi,Ansi,Ansi,True,True,2026-05-21 16:19:21,
jansi.*,jansi.src.main.org.fusesource.jansi.Ansi.json,27-973:Ansi,method,561-563:bgBrightYellow,return_types,Ansi,Ansi,Ansi,True,True,2026-05-21 16:19:21,
jansi.*,jansi.src.main.org.fusesource.jansi.Ansi.json,27-973:Ansi,method,565-568:a,return_types,Ansi,Ansi,Ansi,True,True,2026-05-21 16:19:21,
jansi.*,jansi.src.main.org.fusesource.jansi.Ansi.json,27-973:Ansi,method,565-568:a,parameters,|Attribute|attribute,Attribute,Attribute,True,True,2026-05-21 16:19:22,
jansi.*,jansi.src.main.org.fusesource.jansi.Ansi.json,27-973:Ansi,method,578-580:cursor,return_types,Ansi,Ansi,Ansi,True,True,2026-05-21 16:19:22,
jansi.*,jansi.src.main.org.fusesource.jansi.Ansi.json,27-973:Ansi,method,578-580:cursor,parameters,final|int|row,int,Int64,True,True,2026-05-21 16:19:22,
jansi.*,jansi.src.main.org.fusesource.jansi.Ansi.json,27-973:Ansi,method,578-580:cursor,parameters,final|int|column,int,Int64,True,True,2026-05-21 16:19:22,
jansi.*,jansi.src.main.org.fusesource.jansi.Ansi.json,27-973:Ansi,method,589-591:cursorToColumn,return_types,Ansi,Ansi,Ansi,True,True,2026-05-21 16:19:22,
jansi.*,jansi.src.main.org.fusesource.jansi.Ansi.json,27-973:Ansi,method,589-591:cursorToColumn,parameters,final|int|x,int,Int64,True,True,2026-05-21 16:19:22,
jansi.*,jansi.src.main.org.fusesource.jansi.Ansi.json,27-973:Ansi,method,599-601:cursorUp,return_types,Ansi,Ansi,Ansi,True,True,2026-05-21 16:19:22,
jansi.*,jansi.src.main.org.fusesource.jansi.Ansi.json,27-973:Ansi,method,599-601:cursorUp,parameters,final|int|y,int,Int64,True,True,2026-05-21 16:19:22,
jansi.*,jansi.src.main.org.fusesource.jansi.Ansi.json,27-973:Ansi,method,609-611:cursorDown,return_types,Ansi,Ansi,Ansi,True,True,2026-05-21 16:19:22,
jansi.*,jansi.src.main.org.fusesource.jansi.Ansi.json,27-973:Ansi,method,609-611:cursorDown,parameters,final|int|y,int,Int64,True,True,2026-05-21 16:19:22,
jansi.*,jansi.src.main.org.fusesource.jansi.Ansi.json,27-973:Ansi,method,619-621:cursorRight,return_types,Ansi,Ansi,Ansi,True,True,2026-05-21 16:19:22,
jansi.*,jansi.src.main.org.fusesource.jansi.Ansi.json,27-973:Ansi,method,619-621:cursorRight,parameters,final|int|x,int,Int64,True,True,2026-05-21 16:19:22,
jansi.*,jansi.src.main.org.fusesource.jansi.Ansi.json,27-973:Ansi,method,629-631:cursorLeft,return_types,Ansi,Ansi,Ansi,True,True,2026-05-21 16:19:22,
jansi.*,jansi.src.main.org.fusesource.jansi.Ansi.json,27-973:Ansi,method,629-631:cursorLeft,parameters,final|int|x,int,Int64,True,True,2026-05-21 16:19:22,
jansi.*,jansi.src.main.org.fusesource.jansi.Ansi.json,27-973:Ansi,method,642-644:cursorMove,return_types,Ansi,Ansi,Ansi,True,True,2026-05-21 16:19:22,
jansi.*,jansi.src.main.org.fusesource.jansi.Ansi.json,27-973:Ansi,method,642-644:cursorMove,parameters,final|int|x,int,Int64,True,True,2026-05-21 16:19:22,
jansi.*,jansi.src.main.org.fusesource.jansi.Ansi.json,27-973:Ansi,method,642-644:cursorMove,parameters,final|int|y,int,Int64,True,True,2026-05-21 16:19:22,
jansi.*,jansi.src.main.org.fusesource.jansi.Ansi.json,27-973:Ansi,method,651-653:cursorDownLine,return_types,Ansi,Ansi,Ansi,True,True,2026-05-21 16:19:22,
jansi.*,jansi.src.main.org.fusesource.jansi.Ansi.json,27-973:Ansi,method,662-664:cursorDownLine,return_types,Ansi,Ansi,Ansi,True,True,2026-05-21 16:19:22,
jansi.*,jansi.src.main.org.fusesource.jansi.Ansi.json,27-973:Ansi,method,662-664:cursorDownLine,parameters,final|int|n,int,Int64,True,True,2026-05-21 16:19:22,
jansi.*,jansi.src.main.org.fusesource.jansi.Ansi.json,27-973:Ansi,method,671-673:cursorUpLine,return_types,Ansi,Ansi,Ansi,True,True,2026-05-21 16:19:22,
jansi.*,jansi.src.main.org.fusesource.jansi.Ansi.json,27-973:Ansi,method,682-684:cursorUpLine,return_types,Ansi,Ansi,Ansi,True,True,2026-05-21 16:19:22,
jansi.*,jansi.src.main.org.fusesource.jansi.Ansi.json,27-973:Ansi,method,682-684:cursorUpLine,parameters,final|int|n,int,Int64,True,True,2026-05-21 16:19:22,
jansi.*,jansi.src.main.org.fusesource.jansi.Ansi.json,27-973:Ansi,method,686-688:eraseScreen,return_types,Ansi,Ansi,Ansi,True,True,2026-05-21 16:19:22,
jansi.*,jansi.src.main.org.fusesource.jansi.Ansi.json,27-973:Ansi,method,690-692:eraseScreen,return_types,Ansi,Ansi,Ansi,True,True,2026-05-21 16:19:22,
jansi.*,jansi.src.main.org.fusesource.jansi.Ansi.json,27-973:Ansi,method,690-692:eraseScreen,parameters,final|Erase|kind,Erase,Erase,True,True,2026-05-21 16:19:22,
jansi.*,jansi.src.main.org.fusesource.jansi.Ansi.json,27-973:Ansi,method,694-696:eraseLine,return_types,Ansi,Ansi,Ansi,True,True,2026-05-21 16:19:22,
jansi.*,jansi.src.main.org.fusesource.jansi.Ansi.json,27-973:Ansi,method,698-700:eraseLine,return_types,Ansi,Ansi,Ansi,True,True,2026-05-21 16:19:22,
jansi.*,jansi.src.main.org.fusesource.jansi.Ansi.json,27-973:Ansi,method,698-700:eraseLine,parameters,final|Erase|kind,Erase,Erase,True,True,2026-05-21 16:19:22,
jansi.*,jansi.src.main.org.fusesource.jansi.Ansi.json,27-973:Ansi,method,702-707:scrollUp,return_types,Ansi,Ansi,Ansi,True,True,2026-05-21 16:19:22,
jansi.*,jansi.src.main.org.fusesource.jansi.Ansi.json,27-973:Ansi,method,702-707:scrollUp,parameters,final|int|rows,int,Int64,True,True,2026-05-21 16:19:22,
jansi.*,jansi.src.main.org.fusesource.jansi.Ansi.json,27-973:Ansi,method,709-714:scrollDown,return_types,Ansi,Ansi,Ansi,True,True,2026-05-21 16:19:22,
jansi.*,jansi.src.main.org.fusesource.jansi.Ansi.json,27-973:Ansi,method,709-714:scrollDown,parameters,final|int|rows,int,Int64,True,True,2026-05-21 16:19:22,
jansi.*,jansi.src.main.org.fusesource.jansi.Ansi.json,27-973:Ansi,method,716-719:restorCursorPosition,return_types,Ansi,Ansi,Ansi,True,True,2026-05-21 16:19:22,
jansi.*,jansi.src.main.org.fusesource.jansi.Ansi.json,27-973:Ansi,method,721-724:saveCursorPosition,return_types,Ansi,Ansi,Ansi,True,True,2026-05-21 16:19:22,
jansi.*,jansi.src.main.org.fusesource.jansi.Ansi.json,27-973:Ansi,method,727-729:saveCursorPositionSCO,return_types,Ansi,Ansi,Ansi,True,True,2026-05-21 16:19:22,
jansi.*,jansi.src.main.org.fusesource.jansi.Ansi.json,27-973:Ansi,method,732-736:saveCursorPositionDEC,return_types,Ansi,Ansi,Ansi,True,True,2026-05-21 16:19:22,
jansi.*,jansi.src.main.org.fusesource.jansi.Ansi.json,27-973:Ansi,method,738-741:restoreCursorPosition,return_types,Ansi,Ansi,Ansi,True,True,2026-05-21 16:19:22,
jansi.*,jansi.src.main.org.fusesource.jansi.Ansi.json,27-973:Ansi,method,744-746:restoreCursorPositionSCO,return_types,Ansi,Ansi,Ansi,True,True,2026-05-21 16:19:22,
jansi.*,jansi.src.main.org.fusesource.jansi.Ansi.json,27-973:Ansi,method,749-753:restoreCursorPositionDEC,return_types,Ansi,Ansi,Ansi,True,True,2026-05-21 16:19:22,
jansi.*,jansi.src.main.org.fusesource.jansi.Ansi.json,27-973:Ansi,method,755-757:reset,return_types,Ansi,Ansi,Ansi,True,True,2026-05-21 16:19:22,
jansi.*,jansi.src.main.org.fusesource.jansi.Ansi.json,27-973:Ansi,method,759-761:bold,return_types,Ansi,Ansi,Ansi,True,True,2026-05-21 16:19:22,
jansi.*,jansi.src.main.org.fusesource.jansi.Ansi.json,27-973:Ansi,method,763-765:boldOff,return_types,Ansi,Ansi,Ansi,True,True,2026-05-21 16:19:22,
jansi.*,jansi.src.main.org.fusesource.jansi.Ansi.json,27-973:Ansi,method,767-771:a,return_types,Ansi,Ansi,Ansi,True,True,2026-05-21 16:19:22,
jansi.*,jansi.src.main.org.fusesource.jansi.Ansi.json,27-973:Ansi,method,767-771:a,parameters,|String|value,String,String,True,True,2026-05-21 16:19:22,
jansi.*,jansi.src.main.org.fusesource.jansi.Ansi.json,27-973:Ansi,method,773-777:a,return_types,Ansi,Ansi,Ansi,True,True,2026-05-21 16:19:22,
jansi.*,jansi.src.main.org.fusesource.jansi.Ansi.json,27-973:Ansi,method,773-777:a,parameters,|boolean|value,boolean,Bool,True,True,2026-05-21 16:19:22,
jansi.*,jansi.src.main.org.fusesource.jansi.Ansi.json,27-973:Ansi,method,779-783:a,return_types,Ansi,Ansi,Ansi,True,True,2026-05-21 16:19:22,
jansi.*,jansi.src.main.org.fusesource.jansi.Ansi.json,27-973:Ansi,method,779-783:a,parameters,|char|value,char,Rune,True,True,2026-05-21 16:19:22,
jansi.*,jansi.src.main.org.fusesource.jansi.Ansi.json,27-973:Ansi,method,785-789:a,return_types,Ansi,Ansi,Ansi,True,True,2026-05-21 16:19:22,
jansi.*,jansi.src.main.org.fusesource.jansi.Ansi.json,27-973:Ansi,method,785-789:a,parameters,|char[]|value,char[],Array<UInt16>,True,True,2026-05-21 16:19:27,
jansi.*,jansi.src.main.org.fusesource.jansi.Ansi.json,27-973:Ansi,method,785-789:a,parameters,|int|offset,int,Int64,True,True,2026-05-21 16:19:29,
jansi.*,jansi.src.main.org.fusesource.jansi.Ansi.json,27-973:Ansi,method,785-789:a,parameters,|int|len,int,Int64,True,True,2026-05-21 16:19:29,
jansi.*,jansi.src.main.org.fusesource.jansi.Ansi.json,27-973:Ansi,method,791-795:a,return_types,Ansi,Ansi,Ansi,True,True,2026-05-21 16:19:29,
jansi.*,jansi.src.main.org.fusesource.jansi.Ansi.json,27-973:Ansi,method,791-795:a,parameters,|char[]|value,char[],Array<UInt16>,True,True,2026-05-21 16:19:36,"Cangjie compilation error: [31merror[0m: expected declaration, found 'from'  [36m==>[0m /tmp/tmpz3bxrz70.cj:3:1:   [36m| [0m [36m3[0m [36m| [0mfrom std.core import Array[0m   [36m| [0m[31m^^^^ expected declaration here[0m   [36m| [0m   [36m#[0m [0mnote[0m: only declarations or macro expressions can be used in the top-level  1 error generated, 1 error printed. "
jansi.*,jansi.src.main.org.fusesource.jansi.Ansi.json,27-973:Ansi,method,797-801:a,return_types,Ansi,Ansi,Ansi,True,True,2026-05-21 16:19:36,
jansi.*,jansi.src.main.org.fusesource.jansi.Ansi.json,27-973:Ansi,method,797-801:a,parameters,|CharSequence|value,CharSequence,String,True,True,2026-05-21 16:19:36,
jansi.*,jansi.src.main.org.fusesource.jansi.Ansi.json,27-973:Ansi,method,797-801:a,parameters,|int|start,int,Int64,True,True,2026-05-21 16:19:39,
jansi.*,jansi.src.main.org.fusesource.jansi.Ansi.json,27-973:Ansi,method,797-801:a,parameters,|int|end,int,Int64,True,True,2026-05-21 16:19:39,
jansi.*,jansi.src.main.org.fusesource.jansi.Ansi.json,27-973:Ansi,method,803-807:a,return_types,Ansi,Ansi,Ansi,True,True,2026-05-21 16:19:39,
jansi.*,jansi.src.main.org.fusesource.jansi.Ansi.json,27-973:Ansi,method,803-807:a,parameters,|CharSequence|value,CharSequence,String,True,True,2026-05-21 16:19:39,
jansi.*,jansi.src.main.org.fusesource.jansi.Ansi.json,27-973:Ansi,method,809-813:a,return_types,Ansi,Ansi,Ansi,True,True,2026-05-21 16:19:41,
jansi.*,jansi.src.main.org.fusesource.jansi.Ansi.json,27-973:Ansi,method,809-813:a,parameters,|double|value,double,Float64,True,True,2026-05-21 16:19:41,
jansi.*,jansi.src.main.org.fusesource.jansi.Ansi.json,27-973:Ansi,method,815-819:a,return_types,Ansi,Ansi,Ansi,True,True,2026-05-21 16:19:41,
jansi.*,jansi.src.main.org.fusesource.jansi.Ansi.json,27-973:Ansi,method,815-819:a,parameters,|float|value,float,Float32,True,True,2026-05-21 16:19:41,
jansi.*,jansi.src.main.org.fusesource.jansi.Ansi.json,27-973:Ansi,method,821-825:a,return_types,Ansi,Ansi,Ansi,True,True,2026-05-21 16:19:41,
jansi.*,jansi.src.main.org.fusesource.jansi.Ansi.json,27-973:Ansi,method,821-825:a,parameters,|int|value,int,Int64,True,True,2026-05-21 16:19:41,
jansi.*,jansi.src.main.org.fusesource.jansi.Ansi.json,27-973:Ansi,method,827-831:a,return_types,Ansi,Ansi,Ansi,True,True,2026-05-21 16:19:41,
jansi.*,jansi.src.main.org.fusesource.jansi.Ansi.json,27-973:Ansi,method,827-831:a,parameters,|long|value,long,Int64,True,True,2026-05-21 16:19:41,
jansi.*,jansi.src.main.org.fusesource.jansi.Ansi.json,27-973:Ansi,method,833-837:a,return_types,Ansi,Ansi,Ansi,True,True,2026-05-21 16:19:41,
jansi.*,jansi.src.main.org.fusesource.jansi.Ansi.json,27-973:Ansi,method,833-837:a,parameters,|Object|value,Object,Any,True,True,2026-05-21 16:19:41,
jansi.*,jansi.src.main.org.fusesource.jansi.Ansi.json,27-973:Ansi,method,839-843:a,return_types,Ansi,Ansi,Ansi,True,True,2026-05-21 16:19:41,
jansi.*,jansi.src.main.org.fusesource.jansi.Ansi.json,27-973:Ansi,method,839-843:a,parameters,|StringBuffer|value,StringBuffer,StringBuilder,True,True,2026-05-21 16:19:41,
jansi.*,jansi.src.main.org.fusesource.jansi.Ansi.json,27-973:Ansi,method,845-849:newline,return_types,Ansi,Ansi,Ansi,True,True,2026-05-21 16:19:43,
jansi.*,jansi.src.main.org.fusesource.jansi.Ansi.json,27-973:Ansi,method,851-855:format,return_types,Ansi,Ansi,Ansi,True,True,2026-05-21 16:19:43,
jansi.*,jansi.src.main.org.fusesource.jansi.Ansi.json,27-973:Ansi,method,851-855:format,parameters,|String|pattern,String,String,True,True,2026-05-21 16:19:43,
jansi.*,jansi.src.main.org.fusesource.jansi.Ansi.json,27-973:Ansi,method,864-867:apply,return_types,Ansi,Ansi,Ansi,True,True,2026-05-21 16:19:43,
jansi.*,jansi.src.main.org.fusesource.jansi.Ansi.json,27-973:Ansi,method,864-867:apply,parameters,|Ansi_Consumer|fun,Ansi_Consumer,Ansi_Consumer,True,True,2026-05-21 16:19:43,
jansi.*,jansi.src.main.org.fusesource.jansi.Ansi.json,27-973:Ansi,method,877-880:render,return_types,Ansi,Ansi,Ansi,True,True,2026-05-21 16:19:43,
jansi.*,jansi.src.main.org.fusesource.jansi.Ansi.json,27-973:Ansi,method,877-880:render,parameters,final|String|text,String,String,True,True,2026-05-21 16:19:43,
jansi.*,jansi.src.main.org.fusesource.jansi.Ansi.json,27-973:Ansi,method,891-894:render,return_types,Ansi,Ansi,Ansi,True,True,2026-05-21 16:19:43,
jansi.*,jansi.src.main.org.fusesource.jansi.Ansi.json,27-973:Ansi,method,891-894:render,parameters,final|String|text,String,String,True,True,2026-05-21 16:19:43,
jansi.*,jansi.src.main.org.fusesource.jansi.Ansi.json,27-973:Ansi,method,896-900:toString,return_types,String,String,String,True,True,2026-05-21 16:19:43,
jansi.*,jansi.src.main.org.fusesource.jansi.Ansi.json,27-973:Ansi,method,906-912:appendEscapeSequence,return_types,Ansi,Ansi,Ansi,True,True,2026-05-21 16:19:43,
jansi.*,jansi.src.main.org.fusesource.jansi.Ansi.json,27-973:Ansi,method,906-912:appendEscapeSequence,parameters,|char|command,char,Rune,True,True,2026-05-21 16:19:43,
jansi.*,jansi.src.main.org.fusesource.jansi.Ansi.json,27-973:Ansi,method,914-921:appendEscapeSequence,return_types,Ansi,Ansi,Ansi,True,True,2026-05-21 16:19:43,
jansi.*,jansi.src.main.org.fusesource.jansi.Ansi.json,27-973:Ansi,method,914-921:appendEscapeSequence,parameters,|char|command,char,Rune,True,True,2026-05-21 16:19:43,
jansi.*,jansi.src.main.org.fusesource.jansi.Ansi.json,27-973:Ansi,method,914-921:appendEscapeSequence,parameters,|int|option,int,Int64,True,True,2026-05-21 16:19:43,
jansi.*,jansi.src.main.org.fusesource.jansi.Ansi.json,27-973:Ansi,method,923-926:appendEscapeSequence,return_types,Ansi,Ansi,Ansi,True,True,2026-05-21 16:19:43,
jansi.*,jansi.src.main.org.fusesource.jansi.Ansi.json,27-973:Ansi,method,923-926:appendEscapeSequence,parameters,|char|command,char,Rune,True,True,2026-05-21 16:19:43,
jansi.*,jansi.src.main.org.fusesource.jansi.Ansi.json,27-973:Ansi,method,928-938:flushAttributes,return_types,void,void,Unit,True,True,2026-05-21 16:19:43,
jansi.*,jansi.src.main.org.fusesource.jansi.Ansi.json,27-973:Ansi,method,940-954:_appendEscapeSequence,return_types,Ansi,Ansi,Ansi,True,True,2026-05-21 16:19:43,
jansi.*,jansi.src.main.org.fusesource.jansi.Ansi.json,27-973:Ansi,method,940-954:_appendEscapeSequence,body_types,int,int,Int64,True,True,2026-05-21 16:19:43,
jansi.*,jansi.src.main.org.fusesource.jansi.Ansi.json,27-973:Ansi,method,940-954:_appendEscapeSequence,parameters,|char|command,char,Rune,True,True,2026-05-21 16:19:43,
jansi.*,jansi.src.main.org.fusesource.jansi.Ansi.json,27-973:Ansi,method,956-960:append,return_types,Ansi,Ansi,Ansi,True,True,2026-05-21 16:19:43,
jansi.*,jansi.src.main.org.fusesource.jansi.Ansi.json,27-973:Ansi,method,956-960:append,parameters,|CharSequence|csq,CharSequence,String,True,True,2026-05-21 16:19:43,
jansi.*,jansi.src.main.org.fusesource.jansi.Ansi.json,27-973:Ansi,method,962-966:append,return_types,Ansi,Ansi,Ansi,True,True,2026-05-21 16:19:46,
jansi.*,jansi.src.main.org.fusesource.jansi.Ansi.json,27-973:Ansi,method,962-966:append,parameters,|CharSequence|csq,CharSequence,String,True,True,2026-05-21 16:19:46,
jansi.*,jansi.src.main.org.fusesource.jansi.Ansi.json,27-973:Ansi,method,962-966:append,parameters,|int|start,int,Int64,True,True,2026-05-21 16:19:49,
jansi.*,jansi.src.main.org.fusesource.jansi.Ansi.json,27-973:Ansi,method,962-966:append,parameters,|int|end,int,Int64,True,True,2026-05-21 16:19:49,
jansi.*,jansi.src.main.org.fusesource.jansi.Ansi.json,27-973:Ansi,method,968-972:append,return_types,Ansi,Ansi,Ansi,True,True,2026-05-21 16:19:49,
jansi.*,jansi.src.main.org.fusesource.jansi.Ansi.json,27-973:Ansi,method,968-972:append,parameters,|char|c,char,Rune,True,True,2026-05-21 16:19:49,
jansi.*,jansi.src.main.org.fusesource.jansi.Ansi.json,35-78:Color,field,46-46:value,types,int,int,Int64,True,True,2026-05-21 16:19:49,
jansi.*,jansi.src.main.org.fusesource.jansi.Ansi.json,35-78:Color,field,47-47:name,types,String,String,String,True,True,2026-05-21 16:19:49,
jansi.*,jansi.src.main.org.fusesource.jansi.Ansi.json,35-78:Color,method,49-52:Color,parameters,|int|index,int,Int64,True,True,2026-05-21 16:19:49,
jansi.*,jansi.src.main.org.fusesource.jansi.Ansi.json,35-78:Color,method,49-52:Color,parameters,|String|name,String,String,True,True,2026-05-21 16:19:49,
jansi.*,jansi.src.main.org.fusesource.jansi.Ansi.json,35-78:Color,method,54-57:toString,return_types,String,String,String,True,True,2026-05-21 16:19:49,
jansi.*,jansi.src.main.org.fusesource.jansi.Ansi.json,35-78:Color,method,59-61:value,return_types,int,int,Int64,True,True,2026-05-21 16:19:49,
jansi.*,jansi.src.main.org.fusesource.jansi.Ansi.json,35-78:Color,method,63-65:fg,return_types,int,int,Int64,True,True,2026-05-21 16:19:49,
jansi.*,jansi.src.main.org.fusesource.jansi.Ansi.json,35-78:Color,method,67-69:bg,return_types,int,int,Int64,True,True,2026-05-21 16:19:49,
jansi.*,jansi.src.main.org.fusesource.jansi.Ansi.json,35-78:Color,method,71-73:fgBright,return_types,int,int,Int64,True,True,2026-05-21 16:19:49,
jansi.*,jansi.src.main.org.fusesource.jansi.Ansi.json,35-78:Color,method,75-77:bgBright,return_types,int,int,Int64,True,True,2026-05-21 16:19:49,
jansi.*,jansi.src.main.org.fusesource.jansi.Ansi.json,85-121:Attribute,field,105-105:value,types,int,int,Int64,True,True,2026-05-21 16:19:49,
jansi.*,jansi.src.main.org.fusesource.jansi.Ansi.json,85-121:Attribute,field,106-106:name,types,String,String,String,True,True,2026-05-21 16:19:49,
jansi.*,jansi.src.main.org.fusesource.jansi.Ansi.json,85-121:Attribute,method,108-111:Attribute,parameters,|int|index,int,Int64,True,True,2026-05-21 16:19:49,
jansi.*,jansi.src.main.org.fusesource.jansi.Ansi.json,85-121:Attribute,method,108-111:Attribute,parameters,|String|name,String,String,True,True,2026-05-21 16:19:49,
jansi.*,jansi.src.main.org.fusesource.jansi.Ansi.json,85-121:Attribute,method,113-116:toString,return_types,String,String,String,True,True,2026-05-21 16:19:49,
jansi.*,jansi.src.main.org.fusesource.jansi.Ansi.json,85-121:Attribute,method,118-120:value,return_types,int,int,Int64,True,True,2026-05-21 16:19:49,
jansi.*,jansi.src.main.org.fusesource.jansi.Ansi.json,129-150:Erase,field,134-134:value,types,int,int,Int64,True,True,2026-05-21 16:19:49,
jansi.*,jansi.src.main.org.fusesource.jansi.Ansi.json,129-150:Erase,field,135-135:name,types,String,String,String,True,True,2026-05-21 16:19:49,
jansi.*,jansi.src.main.org.fusesource.jansi.Ansi.json,129-150:Erase,method,137-140:Erase,parameters,|int|index,int,Int64,True,True,2026-05-21 16:19:49,
jansi.*,jansi.src.main.org.fusesource.jansi.Ansi.json,129-150:Erase,method,137-140:Erase,parameters,|String|name,String,String,True,True,2026-05-21 16:19:49,
jansi.*,jansi.src.main.org.fusesource.jansi.Ansi.json,129-150:Erase,method,142-145:toString,return_types,String,String,String,True,True,2026-05-21 16:19:49,
jansi.*,jansi.src.main.org.fusesource.jansi.Ansi.json,129-150:Erase,method,147-149:value,return_types,int,int,Int64,True,True,2026-05-21 16:19:49,
jansi.*,jansi.src.main.org.fusesource.jansi.Ansi.json,152-155:Ansi_Consumer,method,154-154:apply,return_types,void,void,Unit,True,True,2026-05-21 16:19:49,
jansi.*,jansi.src.main.org.fusesource.jansi.Ansi.json,152-155:Ansi_Consumer,method,154-154:apply,parameters,|Ansi|ansi,Ansi,Ansi,True,True,2026-05-21 16:19:49,
jansi.*,jansi.src.main.org.fusesource.jansi.Ansi.json,213-371:Ansi_NoAnsi,method,218-220:Ansi_NoAnsi,parameters,|int|size,int,Int64,True,True,2026-05-21 16:19:49,
jansi.*,jansi.src.main.org.fusesource.jansi.Ansi.json,213-371:Ansi_NoAnsi,method,222-224:Ansi_NoAnsi,parameters,|StringBuilder|builder,StringBuilder,StringBuilder,True,True,2026-05-21 16:19:49,
jansi.*,jansi.src.main.org.fusesource.jansi.Ansi.json,213-371:Ansi_NoAnsi,method,226-229:fg,return_types,Ansi,Ansi,Ansi,True,True,2026-05-21 16:19:51,
jansi.*,jansi.src.main.org.fusesource.jansi.Ansi.json,213-371:Ansi_NoAnsi,method,226-229:fg,parameters,|Color|color,Color,Color,True,True,2026-05-21 16:19:51,
jansi.*,jansi.src.main.org.fusesource.jansi.Ansi.json,213-371:Ansi_NoAnsi,method,231-234:bg,return_types,Ansi,Ansi,Ansi,True,True,2026-05-21 16:19:51,
jansi.*,jansi.src.main.org.fusesource.jansi.Ansi.json,213-371:Ansi_NoAnsi,method,231-234:bg,parameters,|Color|color,Color,Color,True,True,2026-05-21 16:19:51,
jansi.*,jansi.src.main.org.fusesource.jansi.Ansi.json,213-371:Ansi_NoAnsi,method,236-239:fgBright,return_types,Ansi,Ansi,Ansi,True,True,2026-05-21 16:19:51,
jansi.*,jansi.src.main.org.fusesource.jansi.Ansi.json,213-371:Ansi_NoAnsi,method,236-239:fgBright,parameters,|Color|color,Color,Color,True,True,2026-05-21 16:19:51,
jansi.*,jansi.src.main.org.fusesource.jansi.Ansi.json,213-371:Ansi_NoAnsi,method,241-244:bgBright,return_types,Ansi,Ansi,Ansi,True,True,2026-05-21 16:19:51,
jansi.*,jansi.src.main.org.fusesource.jansi.Ansi.json,213-371:Ansi_NoAnsi,method,241-244:bgBright,parameters,|Color|color,Color,Color,True,True,2026-05-21 16:19:51,
jansi.*,jansi.src.main.org.fusesource.jansi.Ansi.json,213-371:Ansi_NoAnsi,method,246-249:fg,return_types,Ansi,Ansi,Ansi,True,True,2026-05-21 16:19:51,
jansi.*,jansi.src.main.org.fusesource.jansi.Ansi.json,213-371:Ansi_NoAnsi,method,246-249:fg,parameters,|int|color,int,Int64,True,True,2026-05-21 16:19:51,
jansi.*,jansi.src.main.org.fusesource.jansi.Ansi.json,213-371:Ansi_NoAnsi,method,251-254:fgRgb,return_types,Ansi,Ansi,Ansi,True,True,2026-05-21 16:19:51,
jansi.*,jansi.src.main.org.fusesource.jansi.Ansi.json,213-371:Ansi_NoAnsi,method,251-254:fgRgb,parameters,|int|r,int,Int64,True,True,2026-05-21 16:19:51,
jansi.*,jansi.src.main.org.fusesource.jansi.Ansi.json,213-371:Ansi_NoAnsi,method,251-254:fgRgb,parameters,|int|g,int,Int64,True,True,2026-05-21 16:19:51,
jansi.*,jansi.src.main.org.fusesource.jansi.Ansi.json,213-371:Ansi_NoAnsi,method,251-254:fgRgb,parameters,|int|b,int,Int64,True,True,2026-05-21 16:19:51,
jansi.*,jansi.src.main.org.fusesource.jansi.Ansi.json,213-371:Ansi_NoAnsi,method,256-259:bg,return_types,Ansi,Ansi,Ansi,True,True,2026-05-21 16:19:51,
jansi.*,jansi.src.main.org.fusesource.jansi.Ansi.json,213-371:Ansi_NoAnsi,method,256-259:bg,parameters,|int|color,int,Int64,True,True,2026-05-21 16:19:51,
jansi.*,jansi.src.main.org.fusesource.jansi.Ansi.json,213-371:Ansi_NoAnsi,method,261-264:bgRgb,return_types,Ansi,Ansi,Ansi,True,True,2026-05-21 16:19:51,
jansi.*,jansi.src.main.org.fusesource.jansi.Ansi.json,213-371:Ansi_NoAnsi,method,261-264:bgRgb,parameters,|int|r,int,Int64,True,True,2026-05-21 16:19:51,
jansi.*,jansi.src.main.org.fusesource.jansi.Ansi.json,213-371:Ansi_NoAnsi,method,261-264:bgRgb,parameters,|int|g,int,Int64,True,True,2026-05-21 16:19:51,
jansi.*,jansi.src.main.org.fusesource.jansi.Ansi.json,213-371:Ansi_NoAnsi,method,261-264:bgRgb,parameters,|int|b,int,Int64,True,True,2026-05-21 16:19:51,
jansi.*,jansi.src.main.org.fusesource.jansi.Ansi.json,213-371:Ansi_NoAnsi,method,266-269:a,return_types,Ansi,Ansi,Ansi,True,True,2026-05-21 16:19:51,
jansi.*,jansi.src.main.org.fusesource.jansi.Ansi.json,213-371:Ansi_NoAnsi,method,266-269:a,parameters,|Attribute|attribute,Attribute,Attribute,True,True,2026-05-21 16:19:51,
jansi.*,jansi.src.main.org.fusesource.jansi.Ansi.json,213-371:Ansi_NoAnsi,method,271-274:cursor,return_types,Ansi,Ansi,Ansi,True,True,2026-05-21 16:19:51,
jansi.*,jansi.src.main.org.fusesource.jansi.Ansi.json,213-371:Ansi_NoAnsi,method,271-274:cursor,parameters,|int|row,int,Int64,True,True,2026-05-21 16:19:51,
jansi.*,jansi.src.main.org.fusesource.jansi.Ansi.json,213-371:Ansi_NoAnsi,method,271-274:cursor,parameters,|int|column,int,Int64,True,True,2026-05-21 16:19:51,
jansi.*,jansi.src.main.org.fusesource.jansi.Ansi.json,213-371:Ansi_NoAnsi,method,276-279:cursorToColumn,return_types,Ansi,Ansi,Ansi,True,True,2026-05-21 16:19:51,
jansi.*,jansi.src.main.org.fusesource.jansi.Ansi.json,213-371:Ansi_NoAnsi,method,276-279:cursorToColumn,parameters,|int|x,int,Int64,True,True,2026-05-21 16:19:51,
jansi.*,jansi.src.main.org.fusesource.jansi.Ansi.json,213-371:Ansi_NoAnsi,method,281-284:cursorUp,return_types,Ansi,Ansi,Ansi,True,True,2026-05-21 16:19:51,
jansi.*,jansi.src.main.org.fusesource.jansi.Ansi.json,213-371:Ansi_NoAnsi,method,281-284:cursorUp,parameters,|int|y,int,Int64,True,True,2026-05-21 16:19:51,
jansi.*,jansi.src.main.org.fusesource.jansi.Ansi.json,213-371:Ansi_NoAnsi,method,286-289:cursorRight,return_types,Ansi,Ansi,Ansi,True,True,2026-05-21 16:19:51,
jansi.*,jansi.src.main.org.fusesource.jansi.Ansi.json,213-371:Ansi_NoAnsi,method,286-289:cursorRight,parameters,|int|x,int,Int64,True,True,2026-05-21 16:19:51,
jansi.*,jansi.src.main.org.fusesource.jansi.Ansi.json,213-371:Ansi_NoAnsi,method,291-294:cursorDown,return_types,Ansi,Ansi,Ansi,True,True,2026-05-21 16:19:51,
jansi.*,jansi.src.main.org.fusesource.jansi.Ansi.json,213-371:Ansi_NoAnsi,method,291-294:cursorDown,parameters,|int|y,int,Int64,True,True,2026-05-21 16:19:51,
jansi.*,jansi.src.main.org.fusesource.jansi.Ansi.json,213-371:Ansi_NoAnsi,method,296-299:cursorLeft,return_types,Ansi,Ansi,Ansi,True,True,2026-05-21 16:19:51,
jansi.*,jansi.src.main.org.fusesource.jansi.Ansi.json,213-371:Ansi_NoAnsi,method,296-299:cursorLeft,parameters,|int|x,int,Int64,True,True,2026-05-21 16:19:51,
jansi.*,jansi.src.main.org.fusesource.jansi.Ansi.json,213-371:Ansi_NoAnsi,method,301-304:cursorDownLine,return_types,Ansi,Ansi,Ansi,True,True,2026-05-21 16:19:51,
jansi.*,jansi.src.main.org.fusesource.jansi.Ansi.json,213-371:Ansi_NoAnsi,method,306-309:cursorDownLine,return_types,Ansi,Ansi,Ansi,True,True,2026-05-21 16:19:51,
jansi.*,jansi.src.main.org.fusesource.jansi.Ansi.json,213-371:Ansi_NoAnsi,method,306-309:cursorDownLine,parameters,final|int|n,int,Int64,True,True,2026-05-21 16:19:51,
jansi.*,jansi.src.main.org.fusesource.jansi.Ansi.json,213-371:Ansi_NoAnsi,method,311-314:cursorUpLine,return_types,Ansi,Ansi,Ansi,True,True,2026-05-21 16:19:51,
jansi.*,jansi.src.main.org.fusesource.jansi.Ansi.json,213-371:Ansi_NoAnsi,method,316-319:cursorUpLine,return_types,Ansi,Ansi,Ansi,True,True,2026-05-21 16:19:51,
jansi.*,jansi.src.main.org.fusesource.jansi.Ansi.json,213-371:Ansi_NoAnsi,method,316-319:cursorUpLine,parameters,final|int|n,int,Int64,True,True,2026-05-21 16:19:52,
jansi.*,jansi.src.main.org.fusesource.jansi.Ansi.json,213-371:Ansi_NoAnsi,method,321-324:eraseScreen,return_types,Ansi,Ansi,Ansi,True,True,2026-05-21 16:19:52,
jansi.*,jansi.src.main.org.fusesource.jansi.Ansi.json,213-371:Ansi_NoAnsi,method,326-329:eraseScreen,return_types,Ansi,Ansi,Ansi,True,True,2026-05-21 16:19:52,
jansi.*,jansi.src.main.org.fusesource.jansi.Ansi.json,213-371:Ansi_NoAnsi,method,326-329:eraseScreen,parameters,|Erase|kind,Erase,Erase,True,True,2026-05-21 16:19:52,
jansi.*,jansi.src.main.org.fusesource.jansi.Ansi.json,213-371:Ansi_NoAnsi,method,331-334:eraseLine,return_types,Ansi,Ansi,Ansi,True,True,2026-05-21 16:19:52,
jansi.*,jansi.src.main.org.fusesource.jansi.Ansi.json,213-371:Ansi_NoAnsi,method,336-339:eraseLine,return_types,Ansi,Ansi,Ansi,True,True,2026-05-21 16:19:52,
jansi.*,jansi.src.main.org.fusesource.jansi.Ansi.json,213-371:Ansi_NoAnsi,method,336-339:eraseLine,parameters,|Erase|kind,Erase,Erase,True,True,2026-05-21 16:19:52,
jansi.*,jansi.src.main.org.fusesource.jansi.Ansi.json,213-371:Ansi_NoAnsi,method,341-344:scrollUp,return_types,Ansi,Ansi,Ansi,True,True,2026-05-21 16:19:52,
jansi.*,jansi.src.main.org.fusesource.jansi.Ansi.json,213-371:Ansi_NoAnsi,method,341-344:scrollUp,parameters,|int|rows,int,Int64,True,True,2026-05-21 16:19:52,
jansi.*,jansi.src.main.org.fusesource.jansi.Ansi.json,213-371:Ansi_NoAnsi,method,346-349:scrollDown,return_types,Ansi,Ansi,Ansi,True,True,2026-05-21 16:19:52,
jansi.*,jansi.src.main.org.fusesource.jansi.Ansi.json,213-371:Ansi_NoAnsi,method,346-349:scrollDown,parameters,|int|rows,int,Int64,True,True,2026-05-21 16:19:52,
jansi.*,jansi.src.main.org.fusesource.jansi.Ansi.json,213-371:Ansi_NoAnsi,method,351-354:saveCursorPosition,return_types,Ansi,Ansi,Ansi,True,True,2026-05-21 16:19:52,
jansi.*,jansi.src.main.org.fusesource.jansi.Ansi.json,213-371:Ansi_NoAnsi,method,356-360:restorCursorPosition,return_types,Ansi,Ansi,Ansi,True,True,2026-05-21 16:19:52,
jansi.*,jansi.src.main.org.fusesource.jansi.Ansi.json,213-371:Ansi_NoAnsi,method,362-365:restoreCursorPosition,return_types,Ansi,Ansi,Ansi,True,True,2026-05-21 16:19:52,
jansi.*,jansi.src.main.org.fusesource.jansi.Ansi.json,213-371:Ansi_NoAnsi,method,367-370:reset,return_types,Ansi,Ansi,Ansi,True,True,2026-05-21 16:19:52,
jansi.*,jansi.src.main.org.fusesource.jansi.AnsiColors.json,23-37:AnsiColors,field,28-28:description,types,String,String,String,True,True,2026-05-21 16:18:46,
jansi.*,jansi.src.main.org.fusesource.jansi.AnsiColors.json,23-37:AnsiColors,method,30-32:AnsiColors,parameters,|String|description,String,String,True,True,2026-05-21 16:18:46,
jansi.*,jansi.src.main.org.fusesource.jansi.AnsiColors.json,23-37:AnsiColors,method,34-36:getDescription,return_types,String,String,String,True,True,2026-05-21 16:18:46,
jansi.*,jansi.src.main.org.fusesource.jansi.AnsiConsole.json,61-568:AnsiConsole,field,69-69:JANSI_MODE,types,String,String,String,True,True,2026-05-21 16:20:26,
jansi.*,jansi.src.main.org.fusesource.jansi.AnsiConsole.json,61-568:AnsiConsole,field,73-73:JANSI_OUT_MODE,types,String,String,String,True,True,2026-05-21 16:20:26,
jansi.*,jansi.src.main.org.fusesource.jansi.AnsiConsole.json,61-568:AnsiConsole,field,77-77:JANSI_ERR_MODE,types,String,String,String,True,True,2026-05-21 16:20:26,
jansi.*,jansi.src.main.org.fusesource.jansi.AnsiConsole.json,61-568:AnsiConsole,field,82-82:JANSI_MODE_STRIP,types,String,String,String,True,True,2026-05-21 16:20:26,
jansi.*,jansi.src.main.org.fusesource.jansi.AnsiConsole.json,61-568:AnsiConsole,field,86-86:JANSI_MODE_FORCE,types,String,String,String,True,True,2026-05-21 16:20:26,
jansi.*,jansi.src.main.org.fusesource.jansi.AnsiConsole.json,61-568:AnsiConsole,field,90-90:JANSI_MODE_DEFAULT,types,String,String,String,True,True,2026-05-21 16:20:26,
jansi.*,jansi.src.main.org.fusesource.jansi.AnsiConsole.json,61-568:AnsiConsole,field,98-98:JANSI_COLORS,types,String,String,String,True,True,2026-05-21 16:20:26,
jansi.*,jansi.src.main.org.fusesource.jansi.AnsiConsole.json,61-568:AnsiConsole,field,102-102:JANSI_OUT_COLORS,types,String,String,String,True,True,2026-05-21 16:20:26,
jansi.*,jansi.src.main.org.fusesource.jansi.AnsiConsole.json,61-568:AnsiConsole,field,106-106:JANSI_ERR_COLORS,types,String,String,String,True,True,2026-05-21 16:20:26,
jansi.*,jansi.src.main.org.fusesource.jansi.AnsiConsole.json,61-568:AnsiConsole,field,112-112:JANSI_COLORS_16,types,String,String,String,True,True,2026-05-21 16:20:26,
jansi.*,jansi.src.main.org.fusesource.jansi.AnsiConsole.json,61-568:AnsiConsole,field,117-117:JANSI_COLORS_256,types,String,String,String,True,True,2026-05-21 16:20:26,
jansi.*,jansi.src.main.org.fusesource.jansi.AnsiConsole.json,61-568:AnsiConsole,field,121-121:JANSI_COLORS_TRUECOLOR,types,String,String,String,True,True,2026-05-21 16:20:26,
jansi.*,jansi.src.main.org.fusesource.jansi.AnsiConsole.json,61-568:AnsiConsole,field,129-130:JANSI_PASSTHROUGH,types,String,String,String,True,True,2026-05-21 16:20:26,
jansi.*,jansi.src.main.org.fusesource.jansi.AnsiConsole.json,61-568:AnsiConsole,field,137-138:JANSI_STRIP,types,String,String,String,True,True,2026-05-21 16:20:26,
jansi.*,jansi.src.main.org.fusesource.jansi.AnsiConsole.json,61-568:AnsiConsole,field,147-148:JANSI_FORCE,types,String,String,String,True,True,2026-05-21 16:20:26,
jansi.*,jansi.src.main.org.fusesource.jansi.AnsiConsole.json,61-568:AnsiConsole,field,157-158:JANSI_EAGER,types,String,String,String,True,True,2026-05-21 16:20:26,
jansi.*,jansi.src.main.org.fusesource.jansi.AnsiConsole.json,61-568:AnsiConsole,field,163-163:JANSI_NORESET,types,String,String,String,True,True,2026-05-21 16:20:26,
jansi.*,jansi.src.main.org.fusesource.jansi.AnsiConsole.json,61-568:AnsiConsole,field,169-169:JANSI_GRACEFUL,types,String,String,String,True,True,2026-05-21 16:20:26,
jansi.*,jansi.src.main.org.fusesource.jansi.AnsiConsole.json,61-568:AnsiConsole,field,174-175:system_out,types,PrintStream,PrintStream,Any,True,True,2026-05-21 16:20:37,"Cangjie compilation error: [31merror[0m: expected declaration, found 'from'  [36m==>[0m /tmp/tmpl3q62yss.cj:3:1:   [36m| [0m [36m3[0m [36m| [0mfrom std.io import File[0m   [36m| [0m[31m^^^^ expected declaration here[0m   [36m| [0m   [36m#[0m [0mnote[0m: only declarations or macro expressions can be used in the top-level  1 error generated, 1 error printed. "
jansi.*,jansi.src.main.org.fusesource.jansi.AnsiConsole.json,61-568:AnsiConsole,field,179-180:out,types,PrintStream,PrintStream,Any,True,True,2026-05-21 16:20:44,"Cangjie compilation error: [31merror[0m: expected declaration, found 'from'  [36m==>[0m /tmp/tmp_tjctzvg.cj:3:1:   [36m| [0m [36m3[0m [36m| [0mfrom std import io[0m   [36m| [0m[31m^^^^ expected declaration here[0m   [36m| [0m   [36m#[0m [0mnote[0m: only declarations or macro expressions can be used in the top-level  1 error generated, 1 error printed. "
jansi.*,jansi.src.main.org.fusesource.jansi.AnsiConsole.json,61-568:AnsiConsole,field,184-185:system_err,types,PrintStream,PrintStream,Any,True,True,2026-05-21 16:20:54,"Cangjie compilation error: [31merror[0m: expected declaration, found 'from'  [36m==>[0m /tmp/tmpf8pmwa0b.cj:3:1:   [36m| [0m [36m3[0m [36m| [0mfrom std import io[0m   [36m| [0m[31m^^^^ expected declaration here[0m   [36m| [0m   [36m#[0m [0mnote[0m: only declarations or macro expressions can be used in the top-level  1 error generated, 1 error printed. "
jansi.*,jansi.src.main.org.fusesource.jansi.AnsiConsole.json,61-568:AnsiConsole,field,189-190:err,types,PrintStream,PrintStream,Any,True,True,2026-05-21 16:21:01,"Cangjie compilation error: [31merror[0m: expected declaration, found 'from'  [36m==>[0m /tmp/tmpow7okf4b.cj:3:1:   [36m| [0m [36m3[0m [36m| [0mfrom std.io import Stdout[0m   [36m| [0m[31m^^^^ expected declaration here[0m   [36m| [0m   [36m#[0m [0mnote[0m: only declarations or macro expressions can be used in the top-level  1 error generated, 1 error printed. "
jansi.*,jansi.src.main.org.fusesource.jansi.AnsiConsole.json,61-568:AnsiConsole,field,206-207:IS_WINDOWS,types,boolean,boolean,Bool,True,True,2026-05-21 16:21:01,
jansi.*,jansi.src.main.org.fusesource.jansi.AnsiConsole.json,61-568:AnsiConsole,field,209-210:IS_CYGWIN,types,boolean,boolean,Bool,True,True,2026-05-21 16:21:01,
jansi.*,jansi.src.main.org.fusesource.jansi.AnsiConsole.json,61-568:AnsiConsole,field,212-215:IS_MSYSTEM,types,boolean,boolean,Bool,True,True,2026-05-21 16:21:01,
jansi.*,jansi.src.main.org.fusesource.jansi.AnsiConsole.json,61-568:AnsiConsole,field,217-217:IS_CONEMU,types,boolean,boolean,Bool,True,True,2026-05-21 16:21:01,
jansi.*,jansi.src.main.org.fusesource.jansi.AnsiConsole.json,61-568:AnsiConsole,field,219-219:ENABLE_VIRTUAL_TERMINAL_PROCESSING,types,int,int,Int64,True,True,2026-05-21 16:21:01,
jansi.*,jansi.src.main.org.fusesource.jansi.AnsiConsole.json,61-568:AnsiConsole,field,221-221:STDOUT_FILENO,types,int,int,Int64,True,True,2026-05-21 16:21:01,
jansi.*,jansi.src.main.org.fusesource.jansi.AnsiConsole.json,61-568:AnsiConsole,field,223-223:STDERR_FILENO,types,int,int,Int64,True,True,2026-05-21 16:21:01,
jansi.*,jansi.src.main.org.fusesource.jansi.AnsiConsole.json,61-568:AnsiConsole,field,231-231:initialized,types,boolean,boolean,Bool,True,True,2026-05-21 16:21:01,
jansi.*,jansi.src.main.org.fusesource.jansi.AnsiConsole.json,61-568:AnsiConsole,field,232-232:installed,types,int,int,Int64,True,True,2026-05-21 16:21:01,
jansi.*,jansi.src.main.org.fusesource.jansi.AnsiConsole.json,61-568:AnsiConsole,field,233-233:virtualProcessing,types,int,int,Int64,True,True,2026-05-21 16:21:01,
jansi.*,jansi.src.main.org.fusesource.jansi.AnsiConsole.json,61-568:AnsiConsole,method,198-204:getTerminalWidth,return_types,int,int,Int64,True,True,2026-05-21 16:21:01,
jansi.*,jansi.src.main.org.fusesource.jansi.AnsiConsole.json,61-568:AnsiConsole,method,198-204:getTerminalWidth,body_types,int,int,Int64,True,True,2026-05-21 16:21:01,
jansi.*,jansi.src.main.org.fusesource.jansi.AnsiConsole.json,61-568:AnsiConsole,method,237-445:ansiStream,return_types,AnsiPrintStream,AnsiPrintStream,AnsiPrintStream,True,True,2026-05-21 16:21:01,
jansi.*,jansi.src.main.org.fusesource.jansi.AnsiConsole.json,61-568:AnsiConsole,method,237-445:ansiStream,body_types,FileDescriptor,FileDescriptor,FileDescriptor,True,True,2026-05-21 16:21:01,
jansi.*,jansi.src.main.org.fusesource.jansi.AnsiConsole.json,61-568:AnsiConsole,method,237-445:ansiStream,body_types,OutputStream,OutputStream,OutputStream,True,True,2026-05-21 16:21:05,
jansi.*,jansi.src.main.org.fusesource.jansi.AnsiConsole.json,61-568:AnsiConsole,method,237-445:ansiStream,body_types,FastBufferedOutputStream,FastBufferedOutputStream,FastBufferedOutputStream,True,True,2026-05-21 16:21:05,
jansi.*,jansi.src.main.org.fusesource.jansi.AnsiConsole.json,61-568:AnsiConsole,method,237-445:ansiStream,body_types,FileOutputStream,FileOutputStream,Any,True,True,2026-05-21 16:21:14,"Cangjie compilation error: [31merror[0m: expected declaration, found 'from'  [36m==>[0m /tmp/tmpoibesj52.cj:3:1:   [36m| [0m [36m3[0m [36m| [0mfrom std.fs import File[0m   [36m| [0m[31m^^^^ expected declaration here[0m   [36m| [0m   [36m#[0m [0mnote[0m: only declarations or macro expressions can be used in the top-level  1 error generated, 1 error printed. "
jansi.*,jansi.src.main.org.fusesource.jansi.AnsiConsole.json,61-568:AnsiConsole,method,237-445:ansiStream,body_types,String,String,String,True,True,2026-05-21 16:21:14,
jansi.*,jansi.src.main.org.fusesource.jansi.AnsiConsole.json,61-568:AnsiConsole,method,237-445:ansiStream,body_types,boolean,boolean,Bool,True,True,2026-05-21 16:21:14,
jansi.*,jansi.src.main.org.fusesource.jansi.AnsiConsole.json,61-568:AnsiConsole,method,237-445:ansiStream,body_types,int,int,Int64,True,True,2026-05-21 16:21:14,
jansi.*,jansi.src.main.org.fusesource.jansi.AnsiConsole.json,61-568:AnsiConsole,method,237-445:ansiStream,body_types,Throwable,Throwable,Exception,True,True,2026-05-21 16:21:22,"Cangjie compilation error: [31merror[0m: expected type name after ':', found keyword 'class'   [36m==>[0m /tmp/tmpzm0e7069.cj:58:20:    [36m| [0m [36m58[0m [36m| [0m    let _test_val: class Throwable <: Error {[0m    [36m| [0m                 [36m~[0m [31m^^^^^ expected type name here[0m    [36m| [0m                 [36m|[0m    [36m| [0m                 [36mafter ':'[0m    [36m| [0m  1 error generated, 1 error printed. "
jansi.*,jansi.src.main.org.fusesource.jansi.AnsiConsole.json,61-568:AnsiConsole,method,237-445:ansiStream,body_types,AnsiOutputStream.AnsiOutputStream_WidthSupplier,AnsiOutputStream.AnsiOutputStream_WidthSupplier,AnsiOutputStream.AnsiOutputStream_WidthSupplier,True,True,2026-05-21 16:21:22,
jansi.*,jansi.src.main.org.fusesource.jansi.AnsiConsole.json,61-568:AnsiConsole,method,237-445:ansiStream,body_types,AnsiOutputStream,AnsiOutputStream,AnsiOutputStream,True,True,2026-05-21 16:21:22,
jansi.*,jansi.src.main.org.fusesource.jansi.AnsiConsole.json,61-568:AnsiConsole,method,237-445:ansiStream,body_types,AnsiOutputStream_WidthSupplier,AnsiOutputStream_WidthSupplier,AnsiOutputStream_WidthSupplier,True,True,2026-05-21 16:21:22,
jansi.*,jansi.src.main.org.fusesource.jansi.AnsiConsole.json,61-568:AnsiConsole,method,237-445:ansiStream,body_types,AnsiProcessor,AnsiProcessor,AnsiProcessor,True,True,2026-05-21 16:21:22,
jansi.*,jansi.src.main.org.fusesource.jansi.AnsiConsole.json,61-568:AnsiConsole,method,237-445:ansiStream,body_types,AnsiType,AnsiType,AnsiType,True,True,2026-05-21 16:21:22,
jansi.*,jansi.src.main.org.fusesource.jansi.AnsiConsole.json,61-568:AnsiConsole,method,237-445:ansiStream,body_types,AnsiOutputStream.AnsiOutputStream_IoRunnable,AnsiOutputStream.AnsiOutputStream_IoRunnable,AnsiOutputStream.AnsiOutputStream_IoRunnable,True,True,2026-05-21 16:21:22,
jansi.*,jansi.src.main.org.fusesource.jansi.AnsiConsole.json,61-568:AnsiConsole,method,237-445:ansiStream,body_types,AnsiOutputStream_IoRunnable,AnsiOutputStream_IoRunnable,AnsiOutputStream_IoRunnable,True,True,2026-05-21 16:21:22,
jansi.*,jansi.src.main.org.fusesource.jansi.AnsiConsole.json,61-568:AnsiConsole,method,237-445:ansiStream,body_types,AnsiOutputStream.AnsiOutputStream_ZeroWidthSupplier,AnsiOutputStream.AnsiOutputStream_ZeroWidthSupplier,AnsiOutputStream.AnsiOutputStream_ZeroWidthSupplier,True,True,2026-05-21 16:21:22,
jansi.*,jansi.src.main.org.fusesource.jansi.AnsiConsole.json,61-568:AnsiConsole,method,237-445:ansiStream,body_types,AnsiOutputStream_ZeroWidthSupplier,AnsiOutputStream_ZeroWidthSupplier,AnsiOutputStream_ZeroWidthSupplier,True,True,2026-05-21 16:21:22,
jansi.*,jansi.src.main.org.fusesource.jansi.AnsiConsole.json,61-568:AnsiConsole,method,237-445:ansiStream,body_types,long,long,Int64,True,True,2026-05-21 16:21:22,
jansi.*,jansi.src.main.org.fusesource.jansi.AnsiConsole.json,61-568:AnsiConsole,method,237-445:ansiStream,body_types,int[],int[],Array<Int64>,True,True,2026-05-21 16:21:22,
jansi.*,jansi.src.main.org.fusesource.jansi.AnsiConsole.json,61-568:AnsiConsole,method,237-445:ansiStream,body_types,Kernel32_CONSOLE_SCREEN_BUFFER_INFO,Kernel32_CONSOLE_SCREEN_BUFFER_INFO,Kernel32_CONSOLE_SCREEN_BUFFER_INFO,True,True,2026-05-21 16:21:26,
jansi.*,jansi.src.main.org.fusesource.jansi.AnsiConsole.json,61-568:AnsiConsole,method,237-445:ansiStream,body_types,AnsiConsole,AnsiConsole,AnsiConsole,True,True,2026-05-21 16:21:26,
jansi.*,jansi.src.main.org.fusesource.jansi.AnsiConsole.json,61-568:AnsiConsole,method,237-445:ansiStream,body_types,MingwSupport,MingwSupport,MingwSupport,True,True,2026-05-21 16:21:26,
jansi.*,jansi.src.main.org.fusesource.jansi.AnsiConsole.json,61-568:AnsiConsole,method,237-445:ansiStream,body_types,WindowsAnsiProcessor,WindowsAnsiProcessor,WindowsAnsiProcessor,True,True,2026-05-21 16:21:26,
jansi.*,jansi.src.main.org.fusesource.jansi.AnsiConsole.json,61-568:AnsiConsole,method,237-445:ansiStream,body_types,CLibrary_WinSize,CLibrary_WinSize,CLibrary_WinSize,True,True,2026-05-21 16:21:26,
jansi.*,jansi.src.main.org.fusesource.jansi.AnsiConsole.json,61-568:AnsiConsole,method,237-445:ansiStream,body_types,AnsiMode,AnsiMode,AnsiMode,True,True,2026-05-21 16:21:26,
jansi.*,jansi.src.main.org.fusesource.jansi.AnsiConsole.json,61-568:AnsiConsole,method,237-445:ansiStream,body_types,AnsiColors,AnsiColors,AnsiColors,True,True,2026-05-21 16:21:26,
jansi.*,jansi.src.main.org.fusesource.jansi.AnsiConsole.json,61-568:AnsiConsole,method,237-445:ansiStream,body_types,Charset,Charset,Any,True,True,2026-05-21 16:21:37,"Cangjie compilation error: [31merror[0m: expected declaration, found 'from'  [36m==>[0m /tmp/tmpfgx1ufnj.cj:3:1:   [36m| [0m [36m3[0m [36m| [0mfrom std.encoding import Encoding[0m   [36m| [0m[31m^^^^ expected declaration here[0m   [36m| [0m   [36m#[0m [0mnote[0m: only declarations or macro expressions can be used in the top-level  1 error generated, 1 error printed. "
jansi.*,jansi.src.main.org.fusesource.jansi.AnsiConsole.json,61-568:AnsiConsole,method,237-445:ansiStream,body_types,UnsupportedCharsetException,UnsupportedCharsetException,Any,True,True,2026-05-21 16:21:44,"Cangjie compilation error: [31merror[0m: expected declaration, found 'from'  [36m==>[0m /tmp/tmpdsfi77es.cj:3:1:   [36m| [0m [36m3[0m [36m| [0mfrom std.encoding import UnsupportedCharsetException[0m   [36m| [0m[31m^^^^ expected declaration here[0m   [36m| [0m   [36m#[0m [0mnote[0m: only declarations or macro expressions can be used in the top-level  1 error generated, 1 error printed. "
jansi.*,jansi.src.main.org.fusesource.jansi.AnsiConsole.json,61-568:AnsiConsole,method,237-445:ansiStream,parameters,|boolean|stdout,boolean,Bool,True,True,2026-05-21 16:21:01,
jansi.*,jansi.src.main.org.fusesource.jansi.AnsiConsole.json,61-568:AnsiConsole,method,447-455:newPrintStream,return_types,AnsiPrintStream,AnsiPrintStream,AnsiPrintStream,True,True,2026-05-21 16:21:44,
jansi.*,jansi.src.main.org.fusesource.jansi.AnsiConsole.json,61-568:AnsiConsole,method,447-455:newPrintStream,body_types,AnsiPrintStream,AnsiPrintStream,AnsiPrintStream,True,True,2026-05-21 16:21:44,
jansi.*,jansi.src.main.org.fusesource.jansi.AnsiConsole.json,61-568:AnsiConsole,method,447-455:newPrintStream,body_types,UnsupportedEncodingException,UnsupportedEncodingException,Any,True,True,2026-05-21 16:21:50,"Cangjie compilation error: [31merror[0m: expected declaration, found 'from'  [36m==>[0m /tmp/tmpg_11albz.cj:3:1:   [36m| [0m [36m3[0m [36m| [0mfrom std.encoding import EncodingException[0m   [36m| [0m[31m^^^^ expected declaration here[0m   [36m| [0m   [36m#[0m [0mnote[0m: only declarations or macro expressions can be used in the top-level  1 error generated, 1 error printed. "
jansi.*,jansi.src.main.org.fusesource.jansi.AnsiConsole.json,61-568:AnsiConsole,method,447-455:newPrintStream,parameters,|AnsiOutputStream|out,AnsiOutputStream,AnsiOutputStream,True,True,2026-05-21 16:21:44,
jansi.*,jansi.src.main.org.fusesource.jansi.AnsiConsole.json,61-568:AnsiConsole,method,447-455:newPrintStream,parameters,|String|enc,String,String,True,True,2026-05-21 16:21:44,
jansi.*,jansi.src.main.org.fusesource.jansi.AnsiConsole.json,61-568:AnsiConsole,method,457-465:getBoolean,return_types,boolean,boolean,Bool,True,True,2026-05-21 16:21:50,
jansi.*,jansi.src.main.org.fusesource.jansi.AnsiConsole.json,61-568:AnsiConsole,method,457-465:getBoolean,body_types,boolean,boolean,Bool,True,True,2026-05-21 16:21:50,
jansi.*,jansi.src.main.org.fusesource.jansi.AnsiConsole.json,61-568:AnsiConsole,method,457-465:getBoolean,body_types,String,String,String,True,True,2026-05-21 16:21:50,
jansi.*,jansi.src.main.org.fusesource.jansi.AnsiConsole.json,61-568:AnsiConsole,method,457-465:getBoolean,body_types,IllegalArgumentException | NullPointerException,IllegalArgumentException | NullPointerException,Exception,True,True,2026-05-21 16:21:58,"Cangjie compilation error: [31merror[0m: expected ';' or '<NL>', found '|'   [36m==>[0m /tmp/tmpcxgbo_vj.cj:58:45:    [36m| [0m [36m58[0m [36m| [0m    let _test_val: IllegalArgumentException | NullPointerException[0m    [36m| [0m                                            [31m^ expected ';' or '<NL>' here[0m    [36m| [0m  1 error generated, 1 error printed. "
jansi.*,jansi.src.main.org.fusesource.jansi.AnsiConsole.json,61-568:AnsiConsole,method,457-465:getBoolean,body_types,IllegalArgumentException,IllegalArgumentException,IllegalArgumentException,True,True,2026-05-21 16:21:58,
jansi.*,jansi.src.main.org.fusesource.jansi.AnsiConsole.json,61-568:AnsiConsole,method,457-465:getBoolean,body_types,NullPointerException,NullPointerException,Any,True,True,2026-05-21 16:22:08,"Cangjie compilation error: [31merror[0m: expected declaration, found 'from'  [36m==>[0m /tmp/tmpgt2ctssn.cj:3:1:   [36m| [0m [36m3[0m [36m| [0mfrom std.core import NullPointerException[0m   [36m| [0m[31m^^^^ expected declaration here[0m   [36m| [0m   [36m#[0m [0mnote[0m: only declarations or macro expressions can be used in the top-level  1 error generated, 1 error printed. "
jansi.*,jansi.src.main.org.fusesource.jansi.AnsiConsole.json,61-568:AnsiConsole,method,457-465:getBoolean,parameters,|String|name,String,String,True,True,2026-05-21 16:21:50,
jansi.*,jansi.src.main.org.fusesource.jansi.AnsiConsole.json,61-568:AnsiConsole,method,475-478:out,return_types,AnsiPrintStream,AnsiPrintStream,AnsiPrintStream,True,True,2026-05-21 16:22:08,
jansi.*,jansi.src.main.org.fusesource.jansi.AnsiConsole.json,61-568:AnsiConsole,method,475-478:out,body_types,AnsiPrintStream,AnsiPrintStream,AnsiPrintStream,True,True,2026-05-21 16:22:08,
jansi.*,jansi.src.main.org.fusesource.jansi.AnsiConsole.json,61-568:AnsiConsole,method,485-487:sysOut,return_types,PrintStream,PrintStream,Any,True,True,2026-05-21 16:22:15,"Cangjie compilation error: [31merror[0m: expected declaration, found 'from'  [36m==>[0m /tmp/tmprm033fhl.cj:3:1:   [36m| [0m [36m3[0m [36m| [0mfrom std.io import Stdout[0m   [36m| [0m[31m^^^^ expected declaration here[0m   [36m| [0m   [36m#[0m [0mnote[0m: only declarations or macro expressions can be used in the top-level  1 error generated, 1 error printed. "
jansi.*,jansi.src.main.org.fusesource.jansi.AnsiConsole.json,61-568:AnsiConsole,method,497-500:err,return_types,AnsiPrintStream,AnsiPrintStream,AnsiPrintStream,True,True,2026-05-21 16:22:15,
jansi.*,jansi.src.main.org.fusesource.jansi.AnsiConsole.json,61-568:AnsiConsole,method,497-500:err,body_types,AnsiPrintStream,AnsiPrintStream,AnsiPrintStream,True,True,2026-05-21 16:22:15,
jansi.*,jansi.src.main.org.fusesource.jansi.AnsiConsole.json,61-568:AnsiConsole,method,507-509:sysErr,return_types,PrintStream,PrintStream,Any,True,True,2026-05-21 16:22:23,"Cangjie compilation error: [31merror[0m: expected declaration, found 'from'  [36m==>[0m /tmp/tmp3y9e4rfx.cj:3:1:   [36m| [0m [36m3[0m [36m| [0mfrom std.io import Stdout[0m   [36m| [0m[31m^^^^ expected declaration here[0m   [36m| [0m   [36m#[0m [0mnote[0m: only declarations or macro expressions can be used in the top-level  1 error generated, 1 error printed. "
jansi.*,jansi.src.main.org.fusesource.jansi.AnsiConsole.json,61-568:AnsiConsole,method,516-529:systemInstall,return_types,void,void,Unit,True,True,2026-05-21 16:22:23,
jansi.*,jansi.src.main.org.fusesource.jansi.AnsiConsole.json,61-568:AnsiConsole,method,516-529:systemInstall,body_types,AnsiPrintStream,AnsiPrintStream,AnsiPrintStream,True,True,2026-05-21 16:22:23,
jansi.*,jansi.src.main.org.fusesource.jansi.AnsiConsole.json,61-568:AnsiConsole,method,516-529:systemInstall,body_types,IOException,IOException,IOException,True,True,2026-05-21 16:22:25,
jansi.*,jansi.src.main.org.fusesource.jansi.AnsiConsole.json,61-568:AnsiConsole,method,516-529:systemInstall,body_types,IOError,IOError,Error,True,True,2026-05-21 16:22:35,"Cangjie compilation error: [31merror[0m: expected declaration, found 'from'  [36m==>[0m /tmp/tmp1gxpvug9.cj:3:1:   [36m| [0m [36m3[0m [36m| [0mfrom std.io import IOException[0m   [36m| [0m[31m^^^^ expected declaration here[0m   [36m| [0m   [36m#[0m [0mnote[0m: only declarations or macro expressions can be used in the top-level  [31merror[0m: expected type name after ':', found keyword 'class'   [36m==>[0m /tmp/tmp1gxpvug9.cj:58:20:    [36m| [0m [36m58[0m [36m| [0m "
jansi.*,jansi.src.main.org.fusesource.jansi.AnsiConsole.json,61-568:AnsiConsole,method,534-536:isInstalled,return_types,boolean,boolean,Bool,True,True,2026-05-21 16:22:35,
jansi.*,jansi.src.main.org.fusesource.jansi.AnsiConsole.json,61-568:AnsiConsole,method,543-556:systemUninstall,return_types,void,void,Unit,True,True,2026-05-21 16:22:35,
jansi.*,jansi.src.main.org.fusesource.jansi.AnsiConsole.json,61-568:AnsiConsole,method,543-556:systemUninstall,body_types,AnsiPrintStream,AnsiPrintStream,AnsiPrintStream,True,True,2026-05-21 16:22:35,
jansi.*,jansi.src.main.org.fusesource.jansi.AnsiConsole.json,61-568:AnsiConsole,method,543-556:systemUninstall,body_types,IOException,IOException,IOException,True,True,2026-05-21 16:22:41,"Cangjie compilation error: [31merror[0m: expected declaration, found 'from'  [36m==>[0m /tmp/tmpeyshgbil.cj:3:1:   [36m| [0m [36m3[0m [36m| [0mfrom std.io import IOException[0m   [36m| [0m[31m^^^^ expected declaration here[0m   [36m| [0m   [36m#[0m [0mnote[0m: only declarations or macro expressions can be used in the top-level  1 error generated, 1 error printed. "
jansi.*,jansi.src.main.org.fusesource.jansi.AnsiConsole.json,61-568:AnsiConsole,method,543-556:systemUninstall,body_types,IOError,IOError,Error,True,True,2026-05-21 16:22:50,"Cangjie compilation error: [31merror[0m: expected type name after ':', found keyword 'class'   [36m==>[0m /tmp/tmpy5xah2nx.cj:58:20:    [36m| [0m [36m58[0m [36m| [0m    let _test_val: class IOError <: Error {[0m    [36m| [0m                 [36m~[0m [31m^^^^^ expected type name here[0m    [36m| [0m                 [36m|[0m    [36m| [0m                 [36mafter ':'[0m    [36m| [0m  [31merror[0m: expected declaration, found 'new'   [36m==>[0m /tmp/tmpy5xah2nx.cj:59:"
jansi.*,jansi.src.main.org.fusesource.jansi.AnsiConsole.json,61-568:AnsiConsole,method,561-567:initStreams,return_types,void,void,Unit,True,True,2026-05-21 16:22:50,
jansi.*,jansi.src.main.org.fusesource.jansi.AnsiMain.json,55-344:AnsiMain,method,56-192:main,return_types,void,void,Unit,True,True,2026-05-21 16:25:23,
jansi.*,jansi.src.main.org.fusesource.jansi.AnsiMain.json,55-344:AnsiMain,method,56-192:main,body_types,boolean,boolean,Bool,True,True,2026-05-21 16:25:23,
jansi.*,jansi.src.main.org.fusesource.jansi.AnsiMain.json,55-344:AnsiMain,method,56-192:main,body_types,String,String,String,True,True,2026-05-21 16:25:23,
jansi.*,jansi.src.main.org.fusesource.jansi.AnsiMain.json,55-344:AnsiMain,method,56-192:main,body_types,Throwable,Throwable,Exception,True,True,2026-05-21 16:25:23,
jansi.*,jansi.src.main.org.fusesource.jansi.AnsiMain.json,55-344:AnsiMain,method,56-192:main,body_types,AnsiType,AnsiType,AnsiType,True,True,2026-05-21 16:25:25,
jansi.*,jansi.src.main.org.fusesource.jansi.AnsiMain.json,55-344:AnsiMain,method,56-192:main,body_types,AnsiColors,AnsiColors,AnsiColors,True,True,2026-05-21 16:25:25,
jansi.*,jansi.src.main.org.fusesource.jansi.AnsiMain.json,55-344:AnsiMain,method,56-192:main,body_types,AnsiMode,AnsiMode,AnsiMode,True,True,2026-05-21 16:25:25,
jansi.*,jansi.src.main.org.fusesource.jansi.AnsiMain.json,55-344:AnsiMain,method,56-192:main,body_types,File,File,Any,True,True,2026-05-21 16:25:31,"Cangjie compilation error: [31merror[0m: expected declaration, found 'from'  [36m==>[0m /tmp/tmpeaiaiec1.cj:3:1:   [36m| [0m [36m3[0m [36m| [0mfrom std.fs import File[0m   [36m| [0m[31m^^^^ expected declaration here[0m   [36m| [0m   [36m#[0m [0mnote[0m: only declarations or macro expressions can be used in the top-level  1 error generated, 1 error printed. "
jansi.*,jansi.src.main.org.fusesource.jansi.AnsiMain.json,55-344:AnsiMain,method,56-192:main,body_types,int,int,Int64,True,True,2026-05-21 16:25:31,
jansi.*,jansi.src.main.org.fusesource.jansi.AnsiMain.json,55-344:AnsiMain,method,194-197:getJansiVersion,return_types,String,String,String,True,True,2026-05-21 16:25:31,
jansi.*,jansi.src.main.org.fusesource.jansi.AnsiMain.json,55-344:AnsiMain,method,194-197:getJansiVersion,body_types,Package,Package,Any,True,True,2026-05-21 16:25:37,"Cangjie compilation error: [31merror[0m: expected declaration, found 'from'  [36m==>[0m /tmp/tmphx921ebx.cj:3:1:   [36m| [0m [36m3[0m [36m| [0mfrom std.core import Package[0m   [36m| [0m[31m^^^^ expected declaration here[0m   [36m| [0m   [36m#[0m [0mnote[0m: only declarations or macro expressions can be used in the top-level  1 error generated, 1 error printed. "
jansi.*,jansi.src.main.org.fusesource.jansi.AnsiMain.json,55-344:AnsiMain,method,194-197:getJansiVersion,body_types,AnsiMain,AnsiMain,AnsiMain,True,True,2026-05-21 16:25:37,
jansi.*,jansi.src.main.org.fusesource.jansi.AnsiMain.json,55-344:AnsiMain,method,199-232:diagnoseTty,return_types,void,void,Unit,True,True,2026-05-21 16:25:37,
jansi.*,jansi.src.main.org.fusesource.jansi.AnsiMain.json,55-344:AnsiMain,method,199-232:diagnoseTty,body_types,int,int,Int64,True,True,2026-05-21 16:25:37,
jansi.*,jansi.src.main.org.fusesource.jansi.AnsiMain.json,55-344:AnsiMain,method,199-232:diagnoseTty,body_types,long,long,Int64,True,True,2026-05-21 16:25:37,
jansi.*,jansi.src.main.org.fusesource.jansi.AnsiMain.json,55-344:AnsiMain,method,199-232:diagnoseTty,body_types,int[],int[],Array<Int64>,True,True,2026-05-21 16:25:37,
jansi.*,jansi.src.main.org.fusesource.jansi.AnsiMain.json,55-344:AnsiMain,method,199-232:diagnoseTty,body_types,MingwSupport,MingwSupport,MingwSupport,True,True,2026-05-21 16:25:40,
jansi.*,jansi.src.main.org.fusesource.jansi.AnsiMain.json,55-344:AnsiMain,method,199-232:diagnoseTty,body_types,String,String,String,True,True,2026-05-21 16:25:40,
jansi.*,jansi.src.main.org.fusesource.jansi.AnsiMain.json,55-344:AnsiMain,method,199-232:diagnoseTty,body_types,Kernel32.Kernel32_CONSOLE_SCREEN_BUFFER_INFO,Kernel32.Kernel32_CONSOLE_SCREEN_BUFFER_INFO,Kernel32.Kernel32_CONSOLE_SCREEN_BUFFER_INFO,True,True,2026-05-21 16:25:40,
jansi.*,jansi.src.main.org.fusesource.jansi.AnsiMain.json,55-344:AnsiMain,method,199-232:diagnoseTty,body_types,Kernel32,Kernel32,Kernel32,True,True,2026-05-21 16:25:40,
jansi.*,jansi.src.main.org.fusesource.jansi.AnsiMain.json,55-344:AnsiMain,method,199-232:diagnoseTty,body_types,Kernel32_CONSOLE_SCREEN_BUFFER_INFO,Kernel32_CONSOLE_SCREEN_BUFFER_INFO,Kernel32_CONSOLE_SCREEN_BUFFER_INFO,True,True,2026-05-21 16:25:40,
jansi.*,jansi.src.main.org.fusesource.jansi.AnsiMain.json,55-344:AnsiMain,method,199-232:diagnoseTty,body_types,CLibrary.CLibrary_WinSize,CLibrary.CLibrary_WinSize,CLibrary.CLibrary_WinSize,True,True,2026-05-21 16:25:40,
jansi.*,jansi.src.main.org.fusesource.jansi.AnsiMain.json,55-344:AnsiMain,method,199-232:diagnoseTty,body_types,CLibrary,CLibrary,CLibrary,True,True,2026-05-21 16:25:40,
jansi.*,jansi.src.main.org.fusesource.jansi.AnsiMain.json,55-344:AnsiMain,method,199-232:diagnoseTty,body_types,CLibrary_WinSize,CLibrary_WinSize,CLibrary_WinSize,True,True,2026-05-21 16:25:40,
jansi.*,jansi.src.main.org.fusesource.jansi.AnsiMain.json,55-344:AnsiMain,method,199-232:diagnoseTty,parameters,|boolean|stderr,boolean,Bool,True,True,2026-05-21 16:25:37,
jansi.*,jansi.src.main.org.fusesource.jansi.AnsiMain.json,55-344:AnsiMain,method,234-295:testAnsi,return_types,void,void,Unit,True,True,2026-05-21 16:25:40,
jansi.*,jansi.src.main.org.fusesource.jansi.AnsiMain.json,55-344:AnsiMain,method,234-295:testAnsi,body_types,PrintStream,PrintStream,Any,True,True,2026-05-21 16:25:47,"Cangjie compilation error: [31merror[0m: expected declaration, found 'from'  [36m==>[0m /tmp/tmplritk7pu.cj:3:1:   [36m| [0m [36m3[0m [36m| [0mfrom std import io[0m   [36m| [0m[31m^^^^ expected declaration here[0m   [36m| [0m   [36m#[0m [0mnote[0m: only declarations or macro expressions can be used in the top-level  1 error generated, 1 error printed. "
jansi.*,jansi.src.main.org.fusesource.jansi.AnsiMain.json,55-344:AnsiMain,method,234-295:testAnsi,body_types,Ansi.Color,Ansi.Color,Color,True,True,2026-05-21 16:25:47,
jansi.*,jansi.src.main.org.fusesource.jansi.AnsiMain.json,55-344:AnsiMain,method,234-295:testAnsi,body_types,Ansi,Ansi,Ansi,True,True,2026-05-21 16:25:47,
jansi.*,jansi.src.main.org.fusesource.jansi.AnsiMain.json,55-344:AnsiMain,method,234-295:testAnsi,body_types,Color,Color,Color,True,True,2026-05-21 16:25:47,
jansi.*,jansi.src.main.org.fusesource.jansi.AnsiMain.json,55-344:AnsiMain,method,234-295:testAnsi,body_types,int,int,Int64,True,True,2026-05-21 16:25:47,
jansi.*,jansi.src.main.org.fusesource.jansi.AnsiMain.json,55-344:AnsiMain,method,234-295:testAnsi,parameters,|boolean|stderr,boolean,Bool,True,True,2026-05-21 16:25:40,
jansi.*,jansi.src.main.org.fusesource.jansi.AnsiMain.json,55-344:AnsiMain,method,297-309:getPomPropertiesVersion,return_types,String,String,String,True,True,2026-05-21 16:25:47,
jansi.*,jansi.src.main.org.fusesource.jansi.AnsiMain.json,55-344:AnsiMain,method,297-309:getPomPropertiesVersion,body_types,InputStream,InputStream,InputStream,True,True,2026-05-21 16:25:47,
jansi.*,jansi.src.main.org.fusesource.jansi.AnsiMain.json,55-344:AnsiMain,method,297-309:getPomPropertiesVersion,body_types,AnsiMain,AnsiMain,AnsiMain,True,True,2026-05-21 16:25:47,
jansi.*,jansi.src.main.org.fusesource.jansi.AnsiMain.json,55-344:AnsiMain,method,297-309:getPomPropertiesVersion,body_types,Properties,Properties,"HashMap<String, String>",True,True,2026-05-21 16:25:47,
jansi.*,jansi.src.main.org.fusesource.jansi.AnsiMain.json,55-344:AnsiMain,method,297-309:getPomPropertiesVersion,parameters,|String|path,String,String,True,True,2026-05-21 16:25:47,
jansi.*,jansi.src.main.org.fusesource.jansi.AnsiMain.json,55-344:AnsiMain,method,311-322:printJansiLogoDemo,return_types,void,void,Unit,True,True,2026-05-21 16:25:47,
jansi.*,jansi.src.main.org.fusesource.jansi.AnsiMain.json,55-344:AnsiMain,method,311-322:printJansiLogoDemo,body_types,BufferedReader,BufferedReader,Any,True,True,2026-05-21 16:25:52,Cangjie compilation error: [31merror[0m: undeclared type name 'BufferedReader'   [36m==>[0m /tmp/tmp7ga39o6k.cj:58:20:    [36m| [0m [36m58[0m [36m| [0m    let _test_val: BufferedReader[0m    [36m| [0m                   [31m^ [0m    [36m| [0m  [33mwarning[0m: unused import 'std.io.*'  [36m==>[0m /tmp/tmp7ga39o6k.cj:3:1:   [36m| [0m [36m3[0m [36m| [0mimport std.io.*[0m   [36m| [0m[33m^^^^^^^^^^^^^^^ unused import[0m   [36m| [0m   [36m#[0m [0mnote[0m: this warn
jansi.*,jansi.src.main.org.fusesource.jansi.AnsiMain.json,55-344:AnsiMain,method,311-322:printJansiLogoDemo,body_types,InputStreamReader,InputStreamReader,Any,True,True,2026-05-21 16:25:58,"Cangjie compilation error: [31merror[0m: expected declaration, found 'from'  [36m==>[0m /tmp/tmp_gwkm2m8.cj:3:1:   [36m| [0m [36m3[0m [36m| [0mfrom std.io import *[0m   [36m| [0m[31m^^^^ expected declaration here[0m   [36m| [0m   [36m#[0m [0mnote[0m: only declarations or macro expressions can be used in the top-level  1 error generated, 1 error printed. "
jansi.*,jansi.src.main.org.fusesource.jansi.AnsiMain.json,55-344:AnsiMain,method,311-322:printJansiLogoDemo,body_types,AnsiMain,AnsiMain,AnsiMain,True,True,2026-05-21 16:25:58,
jansi.*,jansi.src.main.org.fusesource.jansi.AnsiMain.json,55-344:AnsiMain,method,311-322:printJansiLogoDemo,body_types,String,String,String,True,True,2026-05-21 16:25:58,
jansi.*,jansi.src.main.org.fusesource.jansi.AnsiMain.json,55-344:AnsiMain,method,324-335:writeFileContent,return_types,void,void,Unit,True,True,2026-05-21 16:25:58,
jansi.*,jansi.src.main.org.fusesource.jansi.AnsiMain.json,55-344:AnsiMain,method,324-335:writeFileContent,body_types,InputStream,InputStream,InputStream,True,True,2026-05-21 16:26:00,
jansi.*,jansi.src.main.org.fusesource.jansi.AnsiMain.json,55-344:AnsiMain,method,324-335:writeFileContent,body_types,FileInputStream,FileInputStream,Any,True,True,2026-05-21 16:26:07,"Cangjie compilation error: [31merror[0m: expected declaration, found 'from'  [36m==>[0m /tmp/tmpxy9wwa_d.cj:3:1:   [36m| [0m [36m3[0m [36m| [0mfrom std.fs import File[0m   [36m| [0m[31m^^^^ expected declaration here[0m   [36m| [0m   [36m#[0m [0mnote[0m: only declarations or macro expressions can be used in the top-level  1 error generated, 1 error printed. "
jansi.*,jansi.src.main.org.fusesource.jansi.AnsiMain.json,55-344:AnsiMain,method,324-335:writeFileContent,body_types,byte[],byte[],Array<Byte>,True,True,2026-05-21 16:26:07,
jansi.*,jansi.src.main.org.fusesource.jansi.AnsiMain.json,55-344:AnsiMain,method,324-335:writeFileContent,body_types,byte,byte,Int8,True,True,2026-05-21 16:26:09,
jansi.*,jansi.src.main.org.fusesource.jansi.AnsiMain.json,55-344:AnsiMain,method,324-335:writeFileContent,body_types,int,int,Int64,True,True,2026-05-21 16:26:09,
jansi.*,jansi.src.main.org.fusesource.jansi.AnsiMain.json,55-344:AnsiMain,method,324-335:writeFileContent,parameters,|File|f,File,Any,True,True,2026-05-21 16:25:58,
jansi.*,jansi.src.main.org.fusesource.jansi.AnsiMain.json,55-344:AnsiMain,method,337-343:closeQuietly,return_types,void,void,Unit,True,True,2026-05-21 16:26:09,
jansi.*,jansi.src.main.org.fusesource.jansi.AnsiMain.json,55-344:AnsiMain,method,337-343:closeQuietly,body_types,IOException,IOException,IOException,True,True,2026-05-21 16:26:19,
jansi.*,jansi.src.main.org.fusesource.jansi.AnsiMain.json,55-344:AnsiMain,method,337-343:closeQuietly,parameters,|Closeable|c,Closeable,Any,True,True,2026-05-21 16:26:17,"Cangjie compilation error: [31merror[0m: expected type name after ':', found keyword 'interface'   [36m==>[0m /tmp/tmp1qneu6yr.cj:58:20:    [36m| [0m [36m58[0m [36m| [0m    let _test_val: interface Closeable {[0m    [36m| [0m                 [36m~[0m [31m^^^^^^^^^ expected type name here[0m    [36m| [0m                 [36m|[0m    [36m| [0m                 [36mafter ':'[0m    [36m| [0m  1 error generated, 1 error printed. "
jansi.*,jansi.src.main.org.fusesource.jansi.AnsiMode.json,23-37:AnsiMode,field,28-28:description,types,String,String,String,True,True,2026-05-21 16:27:26,
jansi.*,jansi.src.main.org.fusesource.jansi.AnsiMode.json,23-37:AnsiMode,method,30-32:AnsiMode,parameters,|String|description,String,String,True,True,2026-05-21 16:27:26,
jansi.*,jansi.src.main.org.fusesource.jansi.AnsiMode.json,23-37:AnsiMode,method,34-36:getDescription,return_types,String,String,String,True,True,2026-05-21 16:27:26,
jansi.*,jansi.src.main.org.fusesource.jansi.AnsiPrintStream.json,28-96:AnsiPrintStream,method,30-32:AnsiPrintStream,parameters,|AnsiOutputStream|out,AnsiOutputStream,AnsiOutputStream,True,True,2026-05-21 16:27:26,
jansi.*,jansi.src.main.org.fusesource.jansi.AnsiPrintStream.json,28-96:AnsiPrintStream,method,30-32:AnsiPrintStream,parameters,|boolean|autoFlush,boolean,Bool,True,True,2026-05-21 16:27:26,
jansi.*,jansi.src.main.org.fusesource.jansi.AnsiPrintStream.json,28-96:AnsiPrintStream,method,34-37:AnsiPrintStream,parameters,|AnsiOutputStream|out,AnsiOutputStream,AnsiOutputStream,True,True,2026-05-21 16:27:26,
jansi.*,jansi.src.main.org.fusesource.jansi.AnsiPrintStream.json,28-96:AnsiPrintStream,method,34-37:AnsiPrintStream,parameters,|boolean|autoFlush,boolean,Bool,True,True,2026-05-21 16:27:26,
jansi.*,jansi.src.main.org.fusesource.jansi.AnsiPrintStream.json,28-96:AnsiPrintStream,method,34-37:AnsiPrintStream,parameters,|String|encoding,String,String,True,True,2026-05-21 16:27:26,
jansi.*,jansi.src.main.org.fusesource.jansi.AnsiPrintStream.json,28-96:AnsiPrintStream,method,39-41:getOut,return_types,AnsiOutputStream,AnsiOutputStream,AnsiOutputStream,True,True,2026-05-21 16:27:26,
jansi.*,jansi.src.main.org.fusesource.jansi.AnsiPrintStream.json,28-96:AnsiPrintStream,method,39-41:getOut,body_types,AnsiOutputStream,AnsiOutputStream,AnsiOutputStream,True,True,2026-05-21 16:27:26,
jansi.*,jansi.src.main.org.fusesource.jansi.AnsiPrintStream.json,28-96:AnsiPrintStream,method,43-45:getType,return_types,AnsiType,AnsiType,AnsiType,True,True,2026-05-21 16:27:26,
jansi.*,jansi.src.main.org.fusesource.jansi.AnsiPrintStream.json,28-96:AnsiPrintStream,method,47-49:getColors,return_types,AnsiColors,AnsiColors,AnsiColors,True,True,2026-05-21 16:27:26,
jansi.*,jansi.src.main.org.fusesource.jansi.AnsiPrintStream.json,28-96:AnsiPrintStream,method,51-53:getMode,return_types,AnsiMode,AnsiMode,AnsiMode,True,True,2026-05-21 16:27:26,
jansi.*,jansi.src.main.org.fusesource.jansi.AnsiPrintStream.json,28-96:AnsiPrintStream,method,55-57:setMode,return_types,void,void,Unit,True,True,2026-05-21 16:27:26,
jansi.*,jansi.src.main.org.fusesource.jansi.AnsiPrintStream.json,28-96:AnsiPrintStream,method,55-57:setMode,parameters,|AnsiMode|ansiMode,AnsiMode,AnsiMode,True,True,2026-05-21 16:27:26,
jansi.*,jansi.src.main.org.fusesource.jansi.AnsiPrintStream.json,28-96:AnsiPrintStream,method,59-61:isResetAtUninstall,return_types,boolean,boolean,Bool,True,True,2026-05-21 16:27:26,
jansi.*,jansi.src.main.org.fusesource.jansi.AnsiPrintStream.json,28-96:AnsiPrintStream,method,63-65:setResetAtUninstall,return_types,void,void,Unit,True,True,2026-05-21 16:27:26,
jansi.*,jansi.src.main.org.fusesource.jansi.AnsiPrintStream.json,28-96:AnsiPrintStream,method,63-65:setResetAtUninstall,parameters,|boolean|resetAtClose,boolean,Bool,True,True,2026-05-21 16:27:26,
jansi.*,jansi.src.main.org.fusesource.jansi.AnsiPrintStream.json,28-96:AnsiPrintStream,method,71-73:getTerminalWidth,return_types,int,int,Int64,True,True,2026-05-21 16:27:26,
jansi.*,jansi.src.main.org.fusesource.jansi.AnsiPrintStream.json,28-96:AnsiPrintStream,method,75-77:install,return_types,void,void,Unit,True,True,2026-05-21 16:27:26,
jansi.*,jansi.src.main.org.fusesource.jansi.AnsiPrintStream.json,28-96:AnsiPrintStream,method,79-85:uninstall,return_types,void,void,Unit,True,True,2026-05-21 16:27:26,
jansi.*,jansi.src.main.org.fusesource.jansi.AnsiPrintStream.json,28-96:AnsiPrintStream,method,79-85:uninstall,body_types,AnsiOutputStream,AnsiOutputStream,AnsiOutputStream,True,True,2026-05-21 16:27:26,
jansi.*,jansi.src.main.org.fusesource.jansi.AnsiPrintStream.json,28-96:AnsiPrintStream,method,87-95:toString,return_types,String,String,String,True,True,2026-05-21 16:27:26,
jansi.*,jansi.src.main.org.fusesource.jansi.AnsiRenderer.json,45-258:AnsiRenderer,field,47-47:BEGIN_TOKEN,types,String,String,String,True,True,2026-05-21 16:26:21,
jansi.*,jansi.src.main.org.fusesource.jansi.AnsiRenderer.json,45-258:AnsiRenderer,field,49-49:END_TOKEN,types,String,String,String,True,True,2026-05-21 16:26:21,
jansi.*,jansi.src.main.org.fusesource.jansi.AnsiRenderer.json,45-258:AnsiRenderer,field,51-51:CODE_TEXT_SEPARATOR,types,String,String,String,True,True,2026-05-21 16:26:21,
jansi.*,jansi.src.main.org.fusesource.jansi.AnsiRenderer.json,45-258:AnsiRenderer,field,53-53:CODE_LIST_SEPARATOR,types,String,String,String,True,True,2026-05-21 16:26:21,
jansi.*,jansi.src.main.org.fusesource.jansi.AnsiRenderer.json,45-258:AnsiRenderer,field,55-55:BEGIN_TOKEN_LEN,types,int,int,Int64,True,True,2026-05-21 16:26:21,
jansi.*,jansi.src.main.org.fusesource.jansi.AnsiRenderer.json,45-258:AnsiRenderer,field,57-57:END_TOKEN_LEN,types,int,int,Int64,True,True,2026-05-21 16:26:21,
jansi.*,jansi.src.main.org.fusesource.jansi.AnsiRenderer.json,45-258:AnsiRenderer,method,59-66:render,return_types,String,String,String,True,True,2026-05-21 16:26:21,
jansi.*,jansi.src.main.org.fusesource.jansi.AnsiRenderer.json,45-258:AnsiRenderer,method,59-66:render,body_types,StringBuilder,StringBuilder,StringBuilder,True,True,2026-05-21 16:26:21,
jansi.*,jansi.src.main.org.fusesource.jansi.AnsiRenderer.json,45-258:AnsiRenderer,method,59-66:render,body_types,IOException,IOException,IOException,True,True,2026-05-21 16:26:25,
jansi.*,jansi.src.main.org.fusesource.jansi.AnsiRenderer.json,45-258:AnsiRenderer,method,59-66:render,body_types,IllegalArgumentException,IllegalArgumentException,IllegalArgumentException,True,True,2026-05-21 16:26:28,
jansi.*,jansi.src.main.org.fusesource.jansi.AnsiRenderer.json,45-258:AnsiRenderer,method,59-66:render,parameters,final|String|input,String,String,True,True,2026-05-21 16:26:21,
jansi.*,jansi.src.main.org.fusesource.jansi.AnsiRenderer.json,45-258:AnsiRenderer,method,79-120:render,return_types,Appendable,Appendable,Any,True,True,2026-05-21 16:26:37,"Cangjie compilation error: [31merror[0m: expected type name after ':', found keyword 'interface'   [36m==>[0m /tmp/tmpxm4qd4d4.cj:58:20:    [36m| [0m [36m58[0m [36m| [0m    let _test_val: interface Appendable {[0m    [36m| [0m                 [36m~[0m [31m^^^^^^^^^ expected type name here[0m    [36m| [0m                 [36m|[0m    [36m| [0m                 [36mafter ':'[0m    [36m| [0m  1 error generated, 1 error printed. "
jansi.*,jansi.src.main.org.fusesource.jansi.AnsiRenderer.json,45-258:AnsiRenderer,method,79-120:render,body_types,int,int,Int64,True,True,2026-05-21 16:26:44,
jansi.*,jansi.src.main.org.fusesource.jansi.AnsiRenderer.json,45-258:AnsiRenderer,method,79-120:render,body_types,IllegalArgumentException,IllegalArgumentException,IllegalArgumentException,True,True,2026-05-21 16:26:51,"Cangjie compilation error: [31merror[0m: expected type name after ':', found keyword 'class'   [36m==>[0m /tmp/tmpmtkfihvn.cj:58:20:    [36m| [0m [36m58[0m [36m| [0m    let _test_val: class IllegalArgumentException <: Exception {[0m    [36m| [0m                 [36m~[0m [31m^^^^^ expected type name here[0m    [36m| [0m                 [36m|[0m    [36m| [0m                 [36mafter ':'[0m    [36m| [0m  1 error generated, 1 error printed. "
jansi.*,jansi.src.main.org.fusesource.jansi.AnsiRenderer.json,45-258:AnsiRenderer,method,79-120:render,body_types,String,String,String,True,True,2026-05-21 16:26:51,
jansi.*,jansi.src.main.org.fusesource.jansi.AnsiRenderer.json,45-258:AnsiRenderer,method,79-120:render,body_types,String[],String[],Array<String>,True,True,2026-05-21 16:26:51,
jansi.*,jansi.src.main.org.fusesource.jansi.AnsiRenderer.json,45-258:AnsiRenderer,method,79-120:render,parameters,final|String|input,String,String,True,True,2026-05-21 16:26:37,
jansi.*,jansi.src.main.org.fusesource.jansi.AnsiRenderer.json,45-258:AnsiRenderer,method,79-120:render,parameters,|Appendable|target,Appendable,Any,True,True,2026-05-21 16:26:44,"Cangjie compilation error: [31merror[0m: expected type name after ':', found keyword 'interface'   [36m==>[0m /tmp/tmpf4u0mynb.cj:58:20:    [36m| [0m [36m58[0m [36m| [0m    let _test_val: interface Appendable {[0m    [36m| [0m                 [36m~[0m [31m^^^^^^^^^ expected type name here[0m    [36m| [0m                 [36m|[0m    [36m| [0m                 [36mafter ':'[0m    [36m| [0m  1 error generated, 1 error printed. "
jansi.*,jansi.src.main.org.fusesource.jansi.AnsiRenderer.json,45-258:AnsiRenderer,method,122-124:render,return_types,String,String,String,True,True,2026-05-21 16:26:53,
jansi.*,jansi.src.main.org.fusesource.jansi.AnsiRenderer.json,45-258:AnsiRenderer,method,122-124:render,parameters,final|String|text,String,String,True,True,2026-05-21 16:26:53,
jansi.*,jansi.src.main.org.fusesource.jansi.AnsiRenderer.json,45-258:AnsiRenderer,method,131-133:renderCodes,return_types,String,String,String,True,True,2026-05-21 16:26:53,
jansi.*,jansi.src.main.org.fusesource.jansi.AnsiRenderer.json,45-258:AnsiRenderer,method,140-142:renderCodes,return_types,String,String,String,True,True,2026-05-21 16:26:53,
jansi.*,jansi.src.main.org.fusesource.jansi.AnsiRenderer.json,45-258:AnsiRenderer,method,140-142:renderCodes,parameters,final|String|codes,String,String,True,True,2026-05-21 16:26:53,
jansi.*,jansi.src.main.org.fusesource.jansi.AnsiRenderer.json,45-258:AnsiRenderer,method,144-158:render,return_types,Ansi,Ansi,Ansi,True,True,2026-05-21 16:26:53,
jansi.*,jansi.src.main.org.fusesource.jansi.AnsiRenderer.json,45-258:AnsiRenderer,method,144-158:render,body_types,String,String,String,True,True,2026-05-21 16:26:53,
jansi.*,jansi.src.main.org.fusesource.jansi.AnsiRenderer.json,45-258:AnsiRenderer,method,144-158:render,body_types,Code,Code,Code,True,True,2026-05-21 16:26:53,
jansi.*,jansi.src.main.org.fusesource.jansi.AnsiRenderer.json,45-258:AnsiRenderer,method,144-158:render,parameters,|Ansi|ansi,Ansi,Ansi,True,True,2026-05-21 16:26:53,
jansi.*,jansi.src.main.org.fusesource.jansi.AnsiRenderer.json,45-258:AnsiRenderer,method,160-162:test,return_types,boolean,boolean,Bool,True,True,2026-05-21 16:26:53,
jansi.*,jansi.src.main.org.fusesource.jansi.AnsiRenderer.json,45-258:AnsiRenderer,method,160-162:test,parameters,final|String|text,String,String,True,True,2026-05-21 16:26:53,
jansi.*,jansi.src.main.org.fusesource.jansi.AnsiRenderer.json,164-255:Code,field,223-223:n,types,Enum<?>,Enum<?>,Any,True,True,2026-05-21 16:26:57,
jansi.*,jansi.src.main.org.fusesource.jansi.AnsiRenderer.json,164-255:Code,field,225-225:background,types,boolean,boolean,Bool,True,True,2026-05-21 16:27:02,
jansi.*,jansi.src.main.org.fusesource.jansi.AnsiRenderer.json,164-255:Code,method,227-230:Code,parameters,final|Enum<?>|n,Enum<?>,Any,True,True,2026-05-21 16:27:12,"Cangjie compilation error: [31merror[0m: undeclared type name 'TokenKind'   [36m==>[0m /tmp/tmp4pqsv6df.cj:58:20:    [36m| [0m [36m58[0m [36m| [0m    let _test_val: TokenKind[0m    [36m| [0m                   [31m^ [0m    [36m| [0m  1 error generated, 1 error printed. "
jansi.*,jansi.src.main.org.fusesource.jansi.AnsiRenderer.json,164-255:Code,method,227-230:Code,parameters,|boolean|background,boolean,Bool,True,True,2026-05-21 16:27:12,
jansi.*,jansi.src.main.org.fusesource.jansi.AnsiRenderer.json,164-255:Code,method,232-234:Code,parameters,final|Enum<?>|n,Enum<?>,Any,True,True,2026-05-21 16:27:21,"Cangjie compilation error: [31merror[0m: expected declaration, found 'from'  [36m==>[0m /tmp/tmpmfrci4zi.cj:3:1:   [36m| [0m [36m3[0m [36m| [0mfrom std.ast import TokenKind[0m   [36m| [0m[31m^^^^ expected declaration here[0m   [36m| [0m   [36m#[0m [0mnote[0m: only declarations or macro expressions can be used in the top-level  1 error generated, 1 error printed. "
jansi.*,jansi.src.main.org.fusesource.jansi.AnsiRenderer.json,164-255:Code,method,236-238:isColor,return_types,boolean,boolean,Bool,True,True,2026-05-21 16:27:21,
jansi.*,jansi.src.main.org.fusesource.jansi.AnsiRenderer.json,164-255:Code,method,236-238:isColor,body_types,Ansi.Color,Ansi.Color,Color,True,True,2026-05-21 16:27:21,
jansi.*,jansi.src.main.org.fusesource.jansi.AnsiRenderer.json,164-255:Code,method,236-238:isColor,body_types,Ansi,Ansi,Ansi,True,True,2026-05-21 16:27:21,
jansi.*,jansi.src.main.org.fusesource.jansi.AnsiRenderer.json,164-255:Code,method,236-238:isColor,body_types,Color,Color,Color,True,True,2026-05-21 16:27:21,
jansi.*,jansi.src.main.org.fusesource.jansi.AnsiRenderer.json,164-255:Code,method,240-242:getColor,return_types,Ansi.Color,Ansi.Color,Color,True,True,2026-05-21 16:27:21,
jansi.*,jansi.src.main.org.fusesource.jansi.AnsiRenderer.json,164-255:Code,method,240-242:getColor,body_types,Ansi.Color,Ansi.Color,Color,True,True,2026-05-21 16:27:21,
jansi.*,jansi.src.main.org.fusesource.jansi.AnsiRenderer.json,164-255:Code,method,240-242:getColor,body_types,Ansi,Ansi,Ansi,True,True,2026-05-21 16:27:21,
jansi.*,jansi.src.main.org.fusesource.jansi.AnsiRenderer.json,164-255:Code,method,240-242:getColor,body_types,Color,Color,Color,True,True,2026-05-21 16:27:21,
jansi.*,jansi.src.main.org.fusesource.jansi.AnsiRenderer.json,164-255:Code,method,244-246:isAttribute,return_types,boolean,boolean,Bool,True,True,2026-05-21 16:27:21,
jansi.*,jansi.src.main.org.fusesource.jansi.AnsiRenderer.json,164-255:Code,method,244-246:isAttribute,body_types,Attribute,Attribute,Attribute,True,True,2026-05-21 16:27:21,
jansi.*,jansi.src.main.org.fusesource.jansi.AnsiRenderer.json,164-255:Code,method,248-250:getAttribute,return_types,Attribute,Attribute,Attribute,True,True,2026-05-21 16:27:21,
jansi.*,jansi.src.main.org.fusesource.jansi.AnsiRenderer.json,164-255:Code,method,248-250:getAttribute,body_types,Attribute,Attribute,Attribute,True,True,2026-05-21 16:27:21,
jansi.*,jansi.src.main.org.fusesource.jansi.AnsiRenderer.json,164-255:Code,method,252-254:isBackground,return_types,boolean,boolean,Bool,True,True,2026-05-21 16:27:21,
jansi.*,jansi.src.main.org.fusesource.jansi.AnsiType.json,23-39:AnsiType,field,30-30:description,types,String,String,String,True,True,2026-05-21 16:34:22,
jansi.*,jansi.src.main.org.fusesource.jansi.AnsiType.json,23-39:AnsiType,method,32-34:AnsiType,parameters,|String|description,String,String,True,True,2026-05-21 16:34:22,
jansi.*,jansi.src.main.org.fusesource.jansi.AnsiType.json,23-39:AnsiType,method,36-38:getDescription,return_types,String,String,String,True,True,2026-05-21 16:34:22,
jansi.*,jansi.src.main.org.fusesource.jansi.WindowsSupport.json,23-35:WindowsSupport,method,26-29:getLastErrorMessage,return_types,String,String,String,True,True,2026-05-21 16:32:12,
jansi.*,jansi.src.main.org.fusesource.jansi.WindowsSupport.json,23-35:WindowsSupport,method,31-34:getErrorMessage,return_types,String,String,String,True,True,2026-05-21 16:32:12,
jansi.*,jansi.src.main.org.fusesource.jansi.WindowsSupport.json,23-35:WindowsSupport,method,31-34:getErrorMessage,parameters,|int|errorCode,int,Int64,True,True,2026-05-21 16:32:12,
jansi.*,jansi.src.main.org.fusesource.jansi.internal.CLibrary.json,25-161:CLibrary,field,32-32:LOADED,types,boolean,boolean,Bool,True,True,2026-05-21 16:19:52,
jansi.*,jansi.src.main.org.fusesource.jansi.internal.CLibrary.json,25-161:CLibrary,field,47-47:STDOUT_FILENO,types,int,int,Int64,True,True,2026-05-21 16:19:52,
jansi.*,jansi.src.main.org.fusesource.jansi.internal.CLibrary.json,25-161:CLibrary,field,49-49:STDERR_FILENO,types,int,int,Int64,True,True,2026-05-21 16:19:52,
jansi.*,jansi.src.main.org.fusesource.jansi.internal.CLibrary.json,25-161:CLibrary,field,51-51:HAVE_ISATTY,types,boolean,boolean,Bool,True,True,2026-05-21 16:19:52,
jansi.*,jansi.src.main.org.fusesource.jansi.internal.CLibrary.json,25-161:CLibrary,field,53-53:HAVE_TTYNAME,types,boolean,boolean,Bool,True,True,2026-05-21 16:19:52,
jansi.*,jansi.src.main.org.fusesource.jansi.internal.CLibrary.json,25-161:CLibrary,field,55-55:TCSANOW,types,int,int,Int64,True,True,2026-05-21 16:19:52,
jansi.*,jansi.src.main.org.fusesource.jansi.internal.CLibrary.json,25-161:CLibrary,field,56-56:TCSADRAIN,types,int,int,Int64,True,True,2026-05-21 16:19:52,
jansi.*,jansi.src.main.org.fusesource.jansi.internal.CLibrary.json,25-161:CLibrary,field,57-57:TCSAFLUSH,types,int,int,Int64,True,True,2026-05-21 16:19:52,
jansi.*,jansi.src.main.org.fusesource.jansi.internal.CLibrary.json,25-161:CLibrary,field,58-58:TIOCGETA,types,long,long,Int64,True,True,2026-05-21 16:19:52,
jansi.*,jansi.src.main.org.fusesource.jansi.internal.CLibrary.json,25-161:CLibrary,field,59-59:TIOCSETA,types,long,long,Int64,True,True,2026-05-21 16:19:52,
jansi.*,jansi.src.main.org.fusesource.jansi.internal.CLibrary.json,25-161:CLibrary,field,60-60:TIOCGETD,types,long,long,Int64,True,True,2026-05-21 16:19:52,
jansi.*,jansi.src.main.org.fusesource.jansi.internal.CLibrary.json,25-161:CLibrary,field,61-61:TIOCSETD,types,long,long,Int64,True,True,2026-05-21 16:19:52,
jansi.*,jansi.src.main.org.fusesource.jansi.internal.CLibrary.json,25-161:CLibrary,field,62-62:TIOCGWINSZ,types,long,long,Int64,True,True,2026-05-21 16:19:52,
jansi.*,jansi.src.main.org.fusesource.jansi.internal.CLibrary.json,25-161:CLibrary,field,63-63:TIOCSWINSZ,types,long,long,Int64,True,True,2026-05-21 16:19:52,
jansi.*,jansi.src.main.org.fusesource.jansi.internal.CLibrary.json,25-161:CLibrary,method,41-41:init_,return_types,void,void,Unit,True,True,2026-05-21 16:19:52,
jansi.*,jansi.src.main.org.fusesource.jansi.internal.CLibrary.json,25-161:CLibrary,method,75-75:isatty,return_types,int,int,Int64,True,True,2026-05-21 16:19:52,
jansi.*,jansi.src.main.org.fusesource.jansi.internal.CLibrary.json,25-161:CLibrary,method,75-75:isatty,parameters,|int|fd,int,Int64,True,True,2026-05-21 16:19:52,
jansi.*,jansi.src.main.org.fusesource.jansi.internal.CLibrary.json,25-161:CLibrary,method,77-77:ttyname,return_types,String,String,String,True,True,2026-05-21 16:19:52,
jansi.*,jansi.src.main.org.fusesource.jansi.internal.CLibrary.json,25-161:CLibrary,method,77-77:ttyname,parameters,|int|filedes,int,Int64,True,True,2026-05-21 16:19:52,
jansi.*,jansi.src.main.org.fusesource.jansi.internal.CLibrary.json,25-161:CLibrary,method,91-92:openpty,return_types,int,int,Int64,True,True,2026-05-21 16:19:52,
jansi.*,jansi.src.main.org.fusesource.jansi.internal.CLibrary.json,25-161:CLibrary,method,91-92:openpty,parameters,|int[]|amaster,int[],Array<Int64>,True,True,2026-05-21 16:19:52,
jansi.*,jansi.src.main.org.fusesource.jansi.internal.CLibrary.json,25-161:CLibrary,method,91-92:openpty,parameters,|int[]|aslave,int[],Array<Int64>,True,True,2026-05-21 16:19:54,
jansi.*,jansi.src.main.org.fusesource.jansi.internal.CLibrary.json,25-161:CLibrary,method,91-92:openpty,parameters,|byte[]|name,byte[],Array<Byte>,True,True,2026-05-21 16:19:56,
jansi.*,jansi.src.main.org.fusesource.jansi.internal.CLibrary.json,25-161:CLibrary,method,91-92:openpty,parameters,|CLibrary_Termios|termios,CLibrary_Termios,CLibrary_Termios,True,True,2026-05-21 16:19:59,
jansi.*,jansi.src.main.org.fusesource.jansi.internal.CLibrary.json,25-161:CLibrary,method,91-92:openpty,parameters,|CLibrary_WinSize|winsize,CLibrary_WinSize,CLibrary_WinSize,True,True,2026-05-21 16:19:59,
jansi.*,jansi.src.main.org.fusesource.jansi.internal.CLibrary.json,25-161:CLibrary,method,94-94:tcgetattr,return_types,int,int,Int64,True,True,2026-05-21 16:19:59,
jansi.*,jansi.src.main.org.fusesource.jansi.internal.CLibrary.json,25-161:CLibrary,method,94-94:tcgetattr,parameters,|int|filedes,int,Int64,True,True,2026-05-21 16:19:59,
jansi.*,jansi.src.main.org.fusesource.jansi.internal.CLibrary.json,25-161:CLibrary,method,94-94:tcgetattr,parameters,|CLibrary_Termios|termios,CLibrary_Termios,CLibrary_Termios,True,True,2026-05-21 16:19:59,
jansi.*,jansi.src.main.org.fusesource.jansi.internal.CLibrary.json,25-161:CLibrary,method,96-96:tcsetattr,return_types,int,int,Int64,True,True,2026-05-21 16:19:59,
jansi.*,jansi.src.main.org.fusesource.jansi.internal.CLibrary.json,25-161:CLibrary,method,96-96:tcsetattr,parameters,|int|filedes,int,Int64,True,True,2026-05-21 16:19:59,
jansi.*,jansi.src.main.org.fusesource.jansi.internal.CLibrary.json,25-161:CLibrary,method,96-96:tcsetattr,parameters,|int|optional_actions,int,Int64,True,True,2026-05-21 16:19:59,
jansi.*,jansi.src.main.org.fusesource.jansi.internal.CLibrary.json,25-161:CLibrary,method,96-96:tcsetattr,parameters,|CLibrary_Termios|termios,CLibrary_Termios,CLibrary_Termios,True,True,2026-05-21 16:19:59,
jansi.*,jansi.src.main.org.fusesource.jansi.internal.CLibrary.json,25-161:CLibrary,method,103-103:ioctl,return_types,int,int,Int64,True,True,2026-05-21 16:19:59,
jansi.*,jansi.src.main.org.fusesource.jansi.internal.CLibrary.json,25-161:CLibrary,method,103-103:ioctl,parameters,|int|filedes,int,Int64,True,True,2026-05-21 16:19:59,
jansi.*,jansi.src.main.org.fusesource.jansi.internal.CLibrary.json,25-161:CLibrary,method,103-103:ioctl,parameters,|long|request,long,Int64,True,True,2026-05-21 16:19:59,
jansi.*,jansi.src.main.org.fusesource.jansi.internal.CLibrary.json,25-161:CLibrary,method,103-103:ioctl,parameters,|int[]|params,int[],Array<Int64>,True,True,2026-05-21 16:19:59,
jansi.*,jansi.src.main.org.fusesource.jansi.internal.CLibrary.json,25-161:CLibrary,method,105-105:ioctl,return_types,int,int,Int64,True,True,2026-05-21 16:20:02,
jansi.*,jansi.src.main.org.fusesource.jansi.internal.CLibrary.json,25-161:CLibrary,method,105-105:ioctl,parameters,|int|filedes,int,Int64,True,True,2026-05-21 16:20:02,
jansi.*,jansi.src.main.org.fusesource.jansi.internal.CLibrary.json,25-161:CLibrary,method,105-105:ioctl,parameters,|long|request,long,Int64,True,True,2026-05-21 16:20:02,
jansi.*,jansi.src.main.org.fusesource.jansi.internal.CLibrary.json,25-161:CLibrary,method,105-105:ioctl,parameters,|CLibrary_WinSize|params,CLibrary_WinSize,CLibrary_WinSize,True,True,2026-05-21 16:20:02,
jansi.*,jansi.src.main.org.fusesource.jansi.internal.CLibrary.json,112-134:CLibrary_WinSize,field,121-121:SIZEOF,types,int,int,Int64,True,True,2026-05-21 16:20:02,
jansi.*,jansi.src.main.org.fusesource.jansi.internal.CLibrary.json,112-134:CLibrary_WinSize,field,123-123:ws_row,types,short,short,Int16,True,True,2026-05-21 16:20:02,
jansi.*,jansi.src.main.org.fusesource.jansi.internal.CLibrary.json,112-134:CLibrary_WinSize,field,124-124:ws_col,types,short,short,Int16,True,True,2026-05-21 16:20:02,
jansi.*,jansi.src.main.org.fusesource.jansi.internal.CLibrary.json,112-134:CLibrary_WinSize,field,125-125:ws_xpixel,types,short,short,Int16,True,True,2026-05-21 16:20:02,
jansi.*,jansi.src.main.org.fusesource.jansi.internal.CLibrary.json,112-134:CLibrary_WinSize,field,126-126:ws_ypixel,types,short,short,Int16,True,True,2026-05-21 16:20:02,
jansi.*,jansi.src.main.org.fusesource.jansi.internal.CLibrary.json,112-134:CLibrary_WinSize,method,119-119:init_,return_types,void,void,Unit,True,True,2026-05-21 16:20:02,
jansi.*,jansi.src.main.org.fusesource.jansi.internal.CLibrary.json,112-134:CLibrary_WinSize,method,130-133:CLibrary_WinSize,parameters,|short|ws_row,short,Int16,True,True,2026-05-21 16:20:02,
jansi.*,jansi.src.main.org.fusesource.jansi.internal.CLibrary.json,112-134:CLibrary_WinSize,method,130-133:CLibrary_WinSize,parameters,|short|ws_col,short,Int16,True,True,2026-05-21 16:20:02,
jansi.*,jansi.src.main.org.fusesource.jansi.internal.CLibrary.json,142-160:CLibrary_Termios,field,151-151:SIZEOF,types,int,int,Int64,True,True,2026-05-21 16:20:02,
jansi.*,jansi.src.main.org.fusesource.jansi.internal.CLibrary.json,142-160:CLibrary_Termios,field,153-153:c_iflag,types,long,long,Int64,True,True,2026-05-21 16:20:02,
jansi.*,jansi.src.main.org.fusesource.jansi.internal.CLibrary.json,142-160:CLibrary_Termios,field,154-154:c_oflag,types,long,long,Int64,True,True,2026-05-21 16:20:02,
jansi.*,jansi.src.main.org.fusesource.jansi.internal.CLibrary.json,142-160:CLibrary_Termios,field,155-155:c_cflag,types,long,long,Int64,True,True,2026-05-21 16:20:02,
jansi.*,jansi.src.main.org.fusesource.jansi.internal.CLibrary.json,142-160:CLibrary_Termios,field,156-156:c_lflag,types,long,long,Int64,True,True,2026-05-21 16:20:02,
jansi.*,jansi.src.main.org.fusesource.jansi.internal.CLibrary.json,142-160:CLibrary_Termios,field,157-157:c_cc,types,byte[],byte[],Array<Byte>,True,True,2026-05-21 16:20:02,
jansi.*,jansi.src.main.org.fusesource.jansi.internal.CLibrary.json,142-160:CLibrary_Termios,field,158-158:c_ispeed,types,long,long,Int64,True,True,2026-05-21 16:20:04,
jansi.*,jansi.src.main.org.fusesource.jansi.internal.CLibrary.json,142-160:CLibrary_Termios,field,159-159:c_ospeed,types,long,long,Int64,True,True,2026-05-21 16:20:04,
jansi.*,jansi.src.main.org.fusesource.jansi.internal.CLibrary.json,142-160:CLibrary_Termios,method,149-149:init_,return_types,void,void,Unit,True,True,2026-05-21 16:20:04,
jansi.*,jansi.src.main.org.fusesource.jansi.internal.JansiLoader.json,61-395:JansiLoader,field,63-63:loaded,types,boolean,boolean,Bool,True,True,2026-05-21 16:30:01,
jansi.*,jansi.src.main.org.fusesource.jansi.internal.JansiLoader.json,61-395:JansiLoader,field,64-64:nativeLibraryPath,types,String,String,String,True,True,2026-05-21 16:30:01,
jansi.*,jansi.src.main.org.fusesource.jansi.internal.JansiLoader.json,61-395:JansiLoader,field,65-65:nativeLibrarySourceUrl,types,String,String,String,True,True,2026-05-21 16:30:01,
jansi.*,jansi.src.main.org.fusesource.jansi.internal.JansiLoader.json,61-395:JansiLoader,method,73-91:initialize,return_types,boolean,boolean,Bool,True,True,2026-05-21 16:30:01,
jansi.*,jansi.src.main.org.fusesource.jansi.internal.JansiLoader.json,61-395:JansiLoader,method,73-91:initialize,body_types,Thread,Thread,Thread,True,True,2026-05-21 16:30:07,
jansi.*,jansi.src.main.org.fusesource.jansi.internal.JansiLoader.json,61-395:JansiLoader,method,73-91:initialize,body_types,Exception,Exception,Exception,True,True,2026-05-21 16:30:10,
jansi.*,jansi.src.main.org.fusesource.jansi.internal.JansiLoader.json,61-395:JansiLoader,method,73-91:initialize,body_types,RuntimeException,RuntimeException,Exception,True,True,2026-05-21 16:30:13,
jansi.*,jansi.src.main.org.fusesource.jansi.internal.JansiLoader.json,61-395:JansiLoader,method,93-95:getNativeLibraryPath,return_types,String,String,String,True,True,2026-05-21 16:30:16,
jansi.*,jansi.src.main.org.fusesource.jansi.internal.JansiLoader.json,61-395:JansiLoader,method,97-99:getNativeLibrarySourceUrl,return_types,String,String,String,True,True,2026-05-21 16:30:16,
jansi.*,jansi.src.main.org.fusesource.jansi.internal.JansiLoader.json,61-395:JansiLoader,method,101-103:getTempDir,return_types,File,File,Any,True,True,2026-05-21 16:30:16,
jansi.*,jansi.src.main.org.fusesource.jansi.internal.JansiLoader.json,61-395:JansiLoader,method,101-103:getTempDir,body_types,File,File,Any,True,True,2026-05-21 16:30:18,
jansi.*,jansi.src.main.org.fusesource.jansi.internal.JansiLoader.json,61-395:JansiLoader,method,109-132:cleanup,return_types,void,void,Unit,True,True,2026-05-21 16:30:21,
jansi.*,jansi.src.main.org.fusesource.jansi.internal.JansiLoader.json,61-395:JansiLoader,method,109-132:cleanup,body_types,String,String,String,True,True,2026-05-21 16:30:21,
jansi.*,jansi.src.main.org.fusesource.jansi.internal.JansiLoader.json,61-395:JansiLoader,method,109-132:cleanup,body_types,File,File,Any,True,True,2026-05-21 16:30:30,"Cangjie compilation error: [31merror[0m: 'file' is not accessible in package 'std'  [36m==>[0m /tmp/tmpexfsofbk.cj:3:8:   [36m| [0m [36m3[0m [36m| [0mimport std.file[0m   [36m| [0m       [31m^^^^^^^^ [0m   [36m| [0m  1 error generated, 1 error printed. "
jansi.*,jansi.src.main.org.fusesource.jansi.internal.JansiLoader.json,61-395:JansiLoader,method,109-132:cleanup,body_types,File[],File[],Array<Any>,True,True,2026-05-21 16:30:33,
jansi.*,jansi.src.main.org.fusesource.jansi.internal.JansiLoader.json,61-395:JansiLoader,method,109-132:cleanup,body_types,FilenameFilter,FilenameFilter,Any,True,True,2026-05-21 16:30:43,"Cangjie compilation error: [31merror[0m: expected type name after ':', found keyword 'interface'   [36m==>[0m /tmp/tmp985l39pb.cj:58:20:    [36m| [0m [36m58[0m [36m| [0m    let _test_val: interface FilenameFilter {[0m    [36m| [0m                 [36m~[0m [31m^^^^^^^^^ expected type name here[0m    [36m| [0m                 [36m|[0m    [36m| [0m                 [36mafter ':'[0m    [36m| [0m  1 error generated, 1 error printed. "
jansi.*,jansi.src.main.org.fusesource.jansi.internal.JansiLoader.json,61-395:JansiLoader,method,109-132:cleanup,body_types,boolean,boolean,Bool,True,True,2026-05-21 16:30:43,
jansi.*,jansi.src.main.org.fusesource.jansi.internal.JansiLoader.json,61-395:JansiLoader,method,109-132:cleanup,body_types,SecurityException,SecurityException,Any,True,True,2026-05-21 16:30:49,"Cangjie compilation error: [31merror[0m: expected declaration, found 'from'  [36m==>[0m /tmp/tmp2gvjcqo0.cj:3:1:   [36m| [0m [36m3[0m [36m| [0mfrom std.core import SecurityException[0m   [36m| [0m[31m^^^^ expected declaration here[0m   [36m| [0m   [36m#[0m [0mnote[0m: only declarations or macro expressions can be used in the top-level  1 error generated, 1 error printed. "
jansi.*,jansi.src.main.org.fusesource.jansi.internal.JansiLoader.json,61-395:JansiLoader,method,134-143:readNBytes,return_types,int,int,Int64,True,True,2026-05-21 16:30:49,
jansi.*,jansi.src.main.org.fusesource.jansi.internal.JansiLoader.json,61-395:JansiLoader,method,134-143:readNBytes,body_types,int,int,Int64,True,True,2026-05-21 16:30:52,
jansi.*,jansi.src.main.org.fusesource.jansi.internal.JansiLoader.json,61-395:JansiLoader,method,134-143:readNBytes,parameters,|InputStream|in__,InputStream,InputStream,True,True,2026-05-21 16:30:49,
jansi.*,jansi.src.main.org.fusesource.jansi.internal.JansiLoader.json,61-395:JansiLoader,method,134-143:readNBytes,parameters,|byte[]|b,byte[],Array<Byte>,True,True,2026-05-21 16:30:49,
jansi.*,jansi.src.main.org.fusesource.jansi.internal.JansiLoader.json,61-395:JansiLoader,method,145-174:contentsEquals,return_types,String,String,String,True,True,2026-05-21 16:30:52,
jansi.*,jansi.src.main.org.fusesource.jansi.internal.JansiLoader.json,61-395:JansiLoader,method,145-174:contentsEquals,body_types,byte[],byte[],Array<Byte>,True,True,2026-05-21 16:30:52,
jansi.*,jansi.src.main.org.fusesource.jansi.internal.JansiLoader.json,61-395:JansiLoader,method,145-174:contentsEquals,body_types,byte,byte,Int8,True,True,2026-05-21 16:30:54,
jansi.*,jansi.src.main.org.fusesource.jansi.internal.JansiLoader.json,61-395:JansiLoader,method,145-174:contentsEquals,body_types,int,int,Int64,True,True,2026-05-21 16:30:54,
jansi.*,jansi.src.main.org.fusesource.jansi.internal.JansiLoader.json,61-395:JansiLoader,method,145-174:contentsEquals,parameters,|InputStream|in1,InputStream,InputStream,True,True,2026-05-21 16:30:52,
jansi.*,jansi.src.main.org.fusesource.jansi.internal.JansiLoader.json,61-395:JansiLoader,method,145-174:contentsEquals,parameters,|InputStream|in2,InputStream,InputStream,True,True,2026-05-21 16:30:52,
jansi.*,jansi.src.main.org.fusesource.jansi.internal.JansiLoader.json,61-395:JansiLoader,method,184-235:extractAndLoadLibraryFile,return_types,boolean,boolean,Bool,True,True,2026-05-21 16:30:54,
jansi.*,jansi.src.main.org.fusesource.jansi.internal.JansiLoader.json,61-395:JansiLoader,method,184-235:extractAndLoadLibraryFile,body_types,String,String,String,True,True,2026-05-21 16:30:54,
jansi.*,jansi.src.main.org.fusesource.jansi.internal.JansiLoader.json,61-395:JansiLoader,method,184-235:extractAndLoadLibraryFile,body_types,File,File,Any,True,True,2026-05-21 16:31:01,"Cangjie compilation error: [31merror[0m: expected declaration, found 'from'  [36m==>[0m /tmp/tmpslcthyhh.cj:3:1:   [36m| [0m [36m3[0m [36m| [0mfrom std.fs import File[0m   [36m| [0m[31m^^^^ expected declaration here[0m   [36m| [0m   [36m#[0m [0mnote[0m: only declarations or macro expressions can be used in the top-level  1 error generated, 1 error printed. "
jansi.*,jansi.src.main.org.fusesource.jansi.internal.JansiLoader.json,61-395:JansiLoader,method,184-235:extractAndLoadLibraryFile,body_types,InputStream,InputStream,InputStream,True,True,2026-05-21 16:31:01,
jansi.*,jansi.src.main.org.fusesource.jansi.internal.JansiLoader.json,61-395:JansiLoader,method,184-235:extractAndLoadLibraryFile,body_types,JansiLoader,JansiLoader,JansiLoader,True,True,2026-05-21 16:31:01,
jansi.*,jansi.src.main.org.fusesource.jansi.internal.JansiLoader.json,61-395:JansiLoader,method,184-235:extractAndLoadLibraryFile,body_types,FileOutputStream,FileOutputStream,Any,True,True,2026-05-21 16:31:10,"Cangjie compilation error: [31merror[0m: expected declaration, found 'from'  [36m==>[0m /tmp/tmp0aq0risc.cj:3:1:   [36m| [0m [36m3[0m [36m| [0mfrom std.io import FileOutputStream[0m   [36m| [0m[31m^^^^ expected declaration here[0m   [36m| [0m   [36m#[0m [0mnote[0m: only declarations or macro expressions can be used in the top-level  1 error generated, 1 error printed. "
jansi.*,jansi.src.main.org.fusesource.jansi.internal.JansiLoader.json,61-395:JansiLoader,method,184-235:extractAndLoadLibraryFile,body_types,FileInputStream,FileInputStream,Any,True,True,2026-05-21 16:31:10,
jansi.*,jansi.src.main.org.fusesource.jansi.internal.JansiLoader.json,61-395:JansiLoader,method,184-235:extractAndLoadLibraryFile,body_types,RuntimeException,RuntimeException,Exception,True,True,2026-05-21 16:31:13,
jansi.*,jansi.src.main.org.fusesource.jansi.internal.JansiLoader.json,61-395:JansiLoader,method,184-235:extractAndLoadLibraryFile,body_types,IOException,IOException,IOException,True,True,2026-05-21 16:31:23,"Cangjie compilation error: [31merror[0m: expected ';' or '<NL>', found keyword 'class'   [36m==>[0m /tmp/tmpnks9r5_k.cj:58:27:    [36m| [0m [36m58[0m [36m| [0m    let _test_val: public class IOException <: Exception {[0m    [36m| [0m                          [31m^^^^^ expected ';' or '<NL>' here[0m    [36m| [0m  [31merror[0m: expected a member name after '.' in qualified name, found keyword 'init'   [36m==>[0m /tmp/tmpnks9r5_k.cj:60:15:    [36m| [0m [36m60[0m [36m| [0m"
jansi.*,jansi.src.main.org.fusesource.jansi.internal.JansiLoader.json,61-395:JansiLoader,method,184-235:extractAndLoadLibraryFile,parameters,|String|libFolderForCurrentOS,String,String,True,True,2026-05-21 16:30:54,
jansi.*,jansi.src.main.org.fusesource.jansi.internal.JansiLoader.json,61-395:JansiLoader,method,184-235:extractAndLoadLibraryFile,parameters,|String|libraryFileName,String,String,True,True,2026-05-21 16:30:54,
jansi.*,jansi.src.main.org.fusesource.jansi.internal.JansiLoader.json,61-395:JansiLoader,method,184-235:extractAndLoadLibraryFile,parameters,|String|targetFolder,String,String,True,True,2026-05-21 16:30:54,
jansi.*,jansi.src.main.org.fusesource.jansi.internal.JansiLoader.json,61-395:JansiLoader,method,237-239:randomUUID,return_types,String,String,String,True,True,2026-05-21 16:31:23,
jansi.*,jansi.src.main.org.fusesource.jansi.internal.JansiLoader.json,61-395:JansiLoader,method,237-239:randomUUID,body_types,Random,Random,Random,True,True,2026-05-21 16:31:23,
jansi.*,jansi.src.main.org.fusesource.jansi.internal.JansiLoader.json,61-395:JansiLoader,method,247-276:loadNativeLibrary,return_types,boolean,boolean,Bool,True,True,2026-05-21 16:31:25,
jansi.*,jansi.src.main.org.fusesource.jansi.internal.JansiLoader.json,61-395:JansiLoader,method,247-276:loadNativeLibrary,body_types,String,String,String,True,True,2026-05-21 16:31:31,
jansi.*,jansi.src.main.org.fusesource.jansi.internal.JansiLoader.json,61-395:JansiLoader,method,247-276:loadNativeLibrary,body_types,UnsatisfiedLinkError,UnsatisfiedLinkError,Any,True,True,2026-05-21 16:31:31,
jansi.*,jansi.src.main.org.fusesource.jansi.internal.JansiLoader.json,61-395:JansiLoader,method,247-276:loadNativeLibrary,parameters,|File|libPath,File,Any,True,True,2026-05-21 16:31:31,"Cangjie compilation error: [31merror[0m: expected declaration, found 'from'  [36m==>[0m /tmp/tmpb3xo16j2.cj:3:1:   [36m| [0m [36m3[0m [36m| [0mfrom std.fs import File[0m   [36m| [0m[31m^^^^ expected declaration here[0m   [36m| [0m   [36m#[0m [0mnote[0m: only declarations or macro expressions can be used in the top-level  1 error generated, 1 error printed. "
jansi.*,jansi.src.main.org.fusesource.jansi.internal.JansiLoader.json,61-395:JansiLoader,method,283-353:loadJansiNativeLibrary,return_types,void,void,Unit,True,True,2026-05-21 16:31:34,
jansi.*,jansi.src.main.org.fusesource.jansi.internal.JansiLoader.json,61-395:JansiLoader,method,283-353:loadJansiNativeLibrary,body_types,List<String>,List<String>,ArrayList<String>,True,True,2026-05-21 16:31:34,
jansi.*,jansi.src.main.org.fusesource.jansi.internal.JansiLoader.json,61-395:JansiLoader,method,283-353:loadJansiNativeLibrary,body_types,LinkedList<String>,LinkedList<String>,ArrayList<String>,True,True,2026-05-21 16:31:44,"Cangjie compilation error: [31merror[0m: expected declaration, found 'from'  [36m==>[0m /tmp/tmpz_1y2g67.cj:3:1:   [36m| [0m [36m3[0m [36m| [0mfrom std.collection import LinkedList[0m   [36m| [0m[31m^^^^ expected declaration here[0m   [36m| [0m   [36m#[0m [0mnote[0m: only declarations or macro expressions can be used in the top-level  1 error generated, 1 error printed. "
jansi.*,jansi.src.main.org.fusesource.jansi.internal.JansiLoader.json,61-395:JansiLoader,method,283-353:loadJansiNativeLibrary,body_types,String,String,String,True,True,2026-05-21 16:31:44,
jansi.*,jansi.src.main.org.fusesource.jansi.internal.JansiLoader.json,61-395:JansiLoader,method,283-353:loadJansiNativeLibrary,body_types,File,File,Any,True,True,2026-05-21 16:31:51,"Cangjie compilation error: [31merror[0m: expected declaration, found 'from'  [36m==>[0m /tmp/tmpfcanscz2.cj:3:1:   [36m| [0m [36m3[0m [36m| [0mfrom std.fs import File[0m   [36m| [0m[31m^^^^ expected declaration here[0m   [36m| [0m   [36m#[0m [0mnote[0m: only declarations or macro expressions can be used in the top-level  1 error generated, 1 error printed. "
jansi.*,jansi.src.main.org.fusesource.jansi.internal.JansiLoader.json,61-395:JansiLoader,method,283-353:loadJansiNativeLibrary,body_types,JansiLoader,JansiLoader,JansiLoader,True,True,2026-05-21 16:31:51,
jansi.*,jansi.src.main.org.fusesource.jansi.internal.JansiLoader.json,61-395:JansiLoader,method,283-353:loadJansiNativeLibrary,body_types,boolean,boolean,Bool,True,True,2026-05-21 16:31:51,
jansi.*,jansi.src.main.org.fusesource.jansi.internal.JansiLoader.json,61-395:JansiLoader,method,283-353:loadJansiNativeLibrary,body_types,Exception,Exception,Exception,True,True,2026-05-21 16:31:51,
jansi.*,jansi.src.main.org.fusesource.jansi.internal.JansiLoader.json,61-395:JansiLoader,method,355-357:hasResource,return_types,boolean,boolean,Bool,True,True,2026-05-21 16:31:53,
jansi.*,jansi.src.main.org.fusesource.jansi.internal.JansiLoader.json,61-395:JansiLoader,method,355-357:hasResource,body_types,JansiLoader,JansiLoader,JansiLoader,True,True,2026-05-21 16:31:53,
jansi.*,jansi.src.main.org.fusesource.jansi.internal.JansiLoader.json,61-395:JansiLoader,method,355-357:hasResource,parameters,|String|path,String,String,True,True,2026-05-21 16:31:53,
jansi.*,jansi.src.main.org.fusesource.jansi.internal.JansiLoader.json,61-395:JansiLoader,method,362-365:getMajorVersion,return_types,int,int,Int64,True,True,2026-05-21 16:31:53,
jansi.*,jansi.src.main.org.fusesource.jansi.internal.JansiLoader.json,61-395:JansiLoader,method,362-365:getMajorVersion,body_types,String[],String[],Array<String>,True,True,2026-05-21 16:31:53,
jansi.*,jansi.src.main.org.fusesource.jansi.internal.JansiLoader.json,61-395:JansiLoader,method,370-373:getMinorVersion,return_types,int,int,Int64,True,True,2026-05-21 16:31:55,
jansi.*,jansi.src.main.org.fusesource.jansi.internal.JansiLoader.json,61-395:JansiLoader,method,370-373:getMinorVersion,body_types,String[],String[],Array<String>,True,True,2026-05-21 16:31:55,
jansi.*,jansi.src.main.org.fusesource.jansi.internal.JansiLoader.json,61-395:JansiLoader,method,378-394:getVersion,return_types,String,String,String,True,True,2026-05-21 16:31:57,
jansi.*,jansi.src.main.org.fusesource.jansi.internal.JansiLoader.json,61-395:JansiLoader,method,378-394:getVersion,body_types,URL,URL,Any,True,True,2026-05-21 16:32:05,"Cangjie compilation error: [31merror[0m: can not find package 'stdx.encoding.url'  [36m==>[0m /tmp/tmpaaa4yjhh.cj:3:8:   [36m| [0m [36m3[0m [36m| [0mimport stdx.encoding.url.*[0m   [36m| [0m       [31m^^^^^^^^^^^^^^^^^ [0m   [36m| [0m   [36m#[0m [0mhelp[0m: check if the .cjo file of the package exists in CANGJIE_PATH or CANGJIE_HOME, or use '--import-path' to specify the .cjo file path  1 error generated, 1 error printed. "
jansi.*,jansi.src.main.org.fusesource.jansi.internal.JansiLoader.json,61-395:JansiLoader,method,378-394:getVersion,body_types,JansiLoader,JansiLoader,JansiLoader,True,True,2026-05-21 16:32:05,
jansi.*,jansi.src.main.org.fusesource.jansi.internal.JansiLoader.json,61-395:JansiLoader,method,378-394:getVersion,body_types,String,String,String,True,True,2026-05-21 16:32:05,
jansi.*,jansi.src.main.org.fusesource.jansi.internal.JansiLoader.json,61-395:JansiLoader,method,378-394:getVersion,body_types,Properties,Properties,"HashMap<String, String>",True,True,2026-05-21 16:32:05,
jansi.*,jansi.src.main.org.fusesource.jansi.internal.JansiLoader.json,61-395:JansiLoader,method,378-394:getVersion,body_types,IOException,IOException,IOException,True,True,2026-05-21 16:32:12,"Cangjie compilation error: [31merror[0m: expected ';' or '<NL>', found keyword 'class'   [36m==>[0m /tmp/tmpufrcikgr.cj:58:27:    [36m| [0m [36m58[0m [36m| [0m    let _test_val: public class IOException <: Exception {[0m    [36m| [0m                          [31m^^^^^ expected ';' or '<NL>' here[0m    [36m| [0m  1 error generated, 1 error printed. "
jansi.*,jansi.src.main.org.fusesource.jansi.internal.Kernel32.json,26-538:Kernel32,field,37-37:FOREGROUND_BLUE,types,short,short,Int16,True,True,2026-05-21 16:28:36,
jansi.*,jansi.src.main.org.fusesource.jansi.internal.Kernel32.json,26-538:Kernel32,field,38-38:FOREGROUND_GREEN,types,short,short,Int16,True,True,2026-05-21 16:28:36,
jansi.*,jansi.src.main.org.fusesource.jansi.internal.Kernel32.json,26-538:Kernel32,field,39-39:FOREGROUND_RED,types,short,short,Int16,True,True,2026-05-21 16:28:36,
jansi.*,jansi.src.main.org.fusesource.jansi.internal.Kernel32.json,26-538:Kernel32,field,40-40:FOREGROUND_INTENSITY,types,short,short,Int16,True,True,2026-05-21 16:28:36,
jansi.*,jansi.src.main.org.fusesource.jansi.internal.Kernel32.json,26-538:Kernel32,field,41-41:BACKGROUND_BLUE,types,short,short,Int16,True,True,2026-05-21 16:28:36,
jansi.*,jansi.src.main.org.fusesource.jansi.internal.Kernel32.json,26-538:Kernel32,field,42-42:BACKGROUND_GREEN,types,short,short,Int16,True,True,2026-05-21 16:28:36,
jansi.*,jansi.src.main.org.fusesource.jansi.internal.Kernel32.json,26-538:Kernel32,field,43-43:BACKGROUND_RED,types,short,short,Int16,True,True,2026-05-21 16:28:36,
jansi.*,jansi.src.main.org.fusesource.jansi.internal.Kernel32.json,26-538:Kernel32,field,44-44:BACKGROUND_INTENSITY,types,short,short,Int16,True,True,2026-05-21 16:28:36,
jansi.*,jansi.src.main.org.fusesource.jansi.internal.Kernel32.json,26-538:Kernel32,field,45-45:COMMON_LVB_LEADING_BYTE,types,short,short,Int16,True,True,2026-05-21 16:28:36,
jansi.*,jansi.src.main.org.fusesource.jansi.internal.Kernel32.json,26-538:Kernel32,field,46-46:COMMON_LVB_TRAILING_BYTE,types,short,short,Int16,True,True,2026-05-21 16:28:36,
jansi.*,jansi.src.main.org.fusesource.jansi.internal.Kernel32.json,26-538:Kernel32,field,47-47:COMMON_LVB_GRID_HORIZONTAL,types,short,short,Int16,True,True,2026-05-21 16:28:36,
jansi.*,jansi.src.main.org.fusesource.jansi.internal.Kernel32.json,26-538:Kernel32,field,48-48:COMMON_LVB_GRID_LVERTICAL,types,short,short,Int16,True,True,2026-05-21 16:28:36,
jansi.*,jansi.src.main.org.fusesource.jansi.internal.Kernel32.json,26-538:Kernel32,field,49-49:COMMON_LVB_GRID_RVERTICAL,types,short,short,Int16,True,True,2026-05-21 16:28:36,
jansi.*,jansi.src.main.org.fusesource.jansi.internal.Kernel32.json,26-538:Kernel32,field,50-50:COMMON_LVB_REVERSE_VIDEO,types,short,short,Int16,True,True,2026-05-21 16:28:36,
jansi.*,jansi.src.main.org.fusesource.jansi.internal.Kernel32.json,26-538:Kernel32,field,51-51:COMMON_LVB_UNDERSCORE,types,short,short,Int16,True,True,2026-05-21 16:28:36,
jansi.*,jansi.src.main.org.fusesource.jansi.internal.Kernel32.json,26-538:Kernel32,field,52-52:FORMAT_MESSAGE_FROM_SYSTEM,types,int,int,Int64,True,True,2026-05-21 16:28:36,
jansi.*,jansi.src.main.org.fusesource.jansi.internal.Kernel32.json,26-538:Kernel32,field,53-53:STD_INPUT_HANDLE,types,int,int,Int64,True,True,2026-05-21 16:28:36,
jansi.*,jansi.src.main.org.fusesource.jansi.internal.Kernel32.json,26-538:Kernel32,field,54-54:STD_OUTPUT_HANDLE,types,int,int,Int64,True,True,2026-05-21 16:28:36,
jansi.*,jansi.src.main.org.fusesource.jansi.internal.Kernel32.json,26-538:Kernel32,field,55-55:STD_ERROR_HANDLE,types,int,int,Int64,True,True,2026-05-21 16:28:36,
jansi.*,jansi.src.main.org.fusesource.jansi.internal.Kernel32.json,26-538:Kernel32,field,56-56:INVALID_HANDLE_VALUE,types,int,int,Int64,True,True,2026-05-21 16:28:36,
jansi.*,jansi.src.main.org.fusesource.jansi.internal.Kernel32.json,26-538:Kernel32,method,35-35:init_,return_types,void,void,Unit,True,True,2026-05-21 16:28:36,
jansi.*,jansi.src.main.org.fusesource.jansi.internal.Kernel32.json,26-538:Kernel32,method,58-58:malloc,return_types,long,long,Int64,True,True,2026-05-21 16:28:36,
jansi.*,jansi.src.main.org.fusesource.jansi.internal.Kernel32.json,26-538:Kernel32,method,58-58:malloc,parameters,|long|size,long,Int64,True,True,2026-05-21 16:28:36,
jansi.*,jansi.src.main.org.fusesource.jansi.internal.Kernel32.json,26-538:Kernel32,method,60-60:free,return_types,void,void,Unit,True,True,2026-05-21 16:28:36,
jansi.*,jansi.src.main.org.fusesource.jansi.internal.Kernel32.json,26-538:Kernel32,method,60-60:free,parameters,|long|ptr,long,Int64,True,True,2026-05-21 16:28:36,
jansi.*,jansi.src.main.org.fusesource.jansi.internal.Kernel32.json,26-538:Kernel32,method,101-101:SetConsoleTextAttribute,return_types,int,int,Int64,True,True,2026-05-21 16:28:36,
jansi.*,jansi.src.main.org.fusesource.jansi.internal.Kernel32.json,26-538:Kernel32,method,101-101:SetConsoleTextAttribute,parameters,|long|consoleOutput,long,Int64,True,True,2026-05-21 16:28:36,
jansi.*,jansi.src.main.org.fusesource.jansi.internal.Kernel32.json,26-538:Kernel32,method,101-101:SetConsoleTextAttribute,parameters,|short|attributes,short,Int16,True,True,2026-05-21 16:28:36,
jansi.*,jansi.src.main.org.fusesource.jansi.internal.Kernel32.json,26-538:Kernel32,method,158-158:WaitForSingleObject,return_types,int,int,Int64,True,True,2026-05-21 16:28:36,
jansi.*,jansi.src.main.org.fusesource.jansi.internal.Kernel32.json,26-538:Kernel32,method,158-158:WaitForSingleObject,parameters,|long|hHandle,long,Int64,True,True,2026-05-21 16:28:36,
jansi.*,jansi.src.main.org.fusesource.jansi.internal.Kernel32.json,26-538:Kernel32,method,158-158:WaitForSingleObject,parameters,|int|dwMilliseconds,int,Int64,True,True,2026-05-21 16:28:36,
jansi.*,jansi.src.main.org.fusesource.jansi.internal.Kernel32.json,26-538:Kernel32,method,163-163:CloseHandle,return_types,int,int,Int64,True,True,2026-05-21 16:28:36,
jansi.*,jansi.src.main.org.fusesource.jansi.internal.Kernel32.json,26-538:Kernel32,method,163-163:CloseHandle,parameters,|long|handle,long,Int64,True,True,2026-05-21 16:28:36,
jansi.*,jansi.src.main.org.fusesource.jansi.internal.Kernel32.json,26-538:Kernel32,method,168-168:GetLastError,return_types,int,int,Int64,True,True,2026-05-21 16:28:36,
jansi.*,jansi.src.main.org.fusesource.jansi.internal.Kernel32.json,26-538:Kernel32,method,170-171:FormatMessageW,return_types,int,int,Int64,True,True,2026-05-21 16:28:36,
jansi.*,jansi.src.main.org.fusesource.jansi.internal.Kernel32.json,26-538:Kernel32,method,170-171:FormatMessageW,parameters,|int|flags,int,Int64,True,True,2026-05-21 16:28:36,
jansi.*,jansi.src.main.org.fusesource.jansi.internal.Kernel32.json,26-538:Kernel32,method,170-171:FormatMessageW,parameters,|long|source,long,Int64,True,True,2026-05-21 16:28:36,
jansi.*,jansi.src.main.org.fusesource.jansi.internal.Kernel32.json,26-538:Kernel32,method,170-171:FormatMessageW,parameters,|int|messageId,int,Int64,True,True,2026-05-21 16:28:36,
jansi.*,jansi.src.main.org.fusesource.jansi.internal.Kernel32.json,26-538:Kernel32,method,170-171:FormatMessageW,parameters,|int|languageId,int,Int64,True,True,2026-05-21 16:28:36,
jansi.*,jansi.src.main.org.fusesource.jansi.internal.Kernel32.json,26-538:Kernel32,method,170-171:FormatMessageW,parameters,|byte[]|buffer,byte[],Array<Byte>,True,True,2026-05-21 16:28:36,
jansi.*,jansi.src.main.org.fusesource.jansi.internal.Kernel32.json,26-538:Kernel32,method,170-171:FormatMessageW,parameters,|int|size,int,Int64,True,True,2026-05-21 16:28:38,
jansi.*,jansi.src.main.org.fusesource.jansi.internal.Kernel32.json,26-538:Kernel32,method,170-171:FormatMessageW,parameters,|long[]|args,long[],Array<Int64>,True,True,2026-05-21 16:28:46,"Cangjie compilation error: [31merror[0m: expected declaration, found 'from'  [36m==>[0m /tmp/tmpsiars_tm.cj:3:1:   [36m| [0m [36m3[0m [36m| [0mfrom std.c import *[0m   [36m| [0m[31m^^^^ expected declaration here[0m   [36m| [0m   [36m#[0m [0mnote[0m: only declarations or macro expressions can be used in the top-level  1 error generated, 1 error printed. "
jansi.*,jansi.src.main.org.fusesource.jansi.internal.Kernel32.json,26-538:Kernel32,method,176-177:GetConsoleScreenBufferInfo,return_types,int,int,Int64,True,True,2026-05-21 16:28:46,
jansi.*,jansi.src.main.org.fusesource.jansi.internal.Kernel32.json,26-538:Kernel32,method,176-177:GetConsoleScreenBufferInfo,parameters,|long|consoleOutput,long,Int64,True,True,2026-05-21 16:28:46,
jansi.*,jansi.src.main.org.fusesource.jansi.internal.Kernel32.json,26-538:Kernel32,method,176-177:GetConsoleScreenBufferInfo,parameters,|Kernel32_CONSOLE_SCREEN_BUFFER_INFO|consoleScreenBufferInfo,Kernel32_CONSOLE_SCREEN_BUFFER_INFO,Kernel32_CONSOLE_SCREEN_BUFFER_INFO,True,True,2026-05-21 16:28:46,
jansi.*,jansi.src.main.org.fusesource.jansi.internal.Kernel32.json,26-538:Kernel32,method,182-182:GetStdHandle,return_types,long,long,Int64,True,True,2026-05-21 16:28:46,
jansi.*,jansi.src.main.org.fusesource.jansi.internal.Kernel32.json,26-538:Kernel32,method,182-182:GetStdHandle,parameters,|int|stdHandle,int,Int64,True,True,2026-05-21 16:28:46,
jansi.*,jansi.src.main.org.fusesource.jansi.internal.Kernel32.json,26-538:Kernel32,method,187-187:SetConsoleCursorPosition,return_types,int,int,Int64,True,True,2026-05-21 16:28:46,
jansi.*,jansi.src.main.org.fusesource.jansi.internal.Kernel32.json,26-538:Kernel32,method,187-187:SetConsoleCursorPosition,parameters,|long|consoleOutput,long,Int64,True,True,2026-05-21 16:28:46,
jansi.*,jansi.src.main.org.fusesource.jansi.internal.Kernel32.json,26-538:Kernel32,method,187-187:SetConsoleCursorPosition,parameters,|Kernel32_COORD|cursorPosition,Kernel32_COORD,Kernel32_COORD,True,True,2026-05-21 16:28:46,
jansi.*,jansi.src.main.org.fusesource.jansi.internal.Kernel32.json,26-538:Kernel32,method,192-193:FillConsoleOutputCharacterW,return_types,int,int,Int64,True,True,2026-05-21 16:28:46,
jansi.*,jansi.src.main.org.fusesource.jansi.internal.Kernel32.json,26-538:Kernel32,method,192-193:FillConsoleOutputCharacterW,parameters,|long|consoleOutput,long,Int64,True,True,2026-05-21 16:28:46,
jansi.*,jansi.src.main.org.fusesource.jansi.internal.Kernel32.json,26-538:Kernel32,method,192-193:FillConsoleOutputCharacterW,parameters,|char|character,char,Rune,True,True,2026-05-21 16:28:46,
jansi.*,jansi.src.main.org.fusesource.jansi.internal.Kernel32.json,26-538:Kernel32,method,192-193:FillConsoleOutputCharacterW,parameters,|int|length,int,Int64,True,True,2026-05-21 16:28:46,
jansi.*,jansi.src.main.org.fusesource.jansi.internal.Kernel32.json,26-538:Kernel32,method,192-193:FillConsoleOutputCharacterW,parameters,|Kernel32_COORD|writeCoord,Kernel32_COORD,Kernel32_COORD,True,True,2026-05-21 16:28:46,
jansi.*,jansi.src.main.org.fusesource.jansi.internal.Kernel32.json,26-538:Kernel32,method,192-193:FillConsoleOutputCharacterW,parameters,|int[]|numberOfCharsWritten,int[],Array<Int64>,True,True,2026-05-21 16:28:46,
jansi.*,jansi.src.main.org.fusesource.jansi.internal.Kernel32.json,26-538:Kernel32,method,198-199:FillConsoleOutputAttribute,return_types,int,int,Int64,True,True,2026-05-21 16:28:49,
jansi.*,jansi.src.main.org.fusesource.jansi.internal.Kernel32.json,26-538:Kernel32,method,198-199:FillConsoleOutputAttribute,parameters,|long|consoleOutput,long,Int64,True,True,2026-05-21 16:28:49,
jansi.*,jansi.src.main.org.fusesource.jansi.internal.Kernel32.json,26-538:Kernel32,method,198-199:FillConsoleOutputAttribute,parameters,|short|attribute,short,Int16,True,True,2026-05-21 16:28:49,
jansi.*,jansi.src.main.org.fusesource.jansi.internal.Kernel32.json,26-538:Kernel32,method,198-199:FillConsoleOutputAttribute,parameters,|int|length,int,Int64,True,True,2026-05-21 16:28:49,
jansi.*,jansi.src.main.org.fusesource.jansi.internal.Kernel32.json,26-538:Kernel32,method,198-199:FillConsoleOutputAttribute,parameters,|Kernel32_COORD|writeCoord,Kernel32_COORD,Kernel32_COORD,True,True,2026-05-21 16:28:49,
jansi.*,jansi.src.main.org.fusesource.jansi.internal.Kernel32.json,26-538:Kernel32,method,198-199:FillConsoleOutputAttribute,parameters,|int[]|numberOfAttrsWritten,int[],Array<Int64>,True,True,2026-05-21 16:28:49,
jansi.*,jansi.src.main.org.fusesource.jansi.internal.Kernel32.json,26-538:Kernel32,method,204-205:WriteConsoleW,return_types,int,int,Int64,True,True,2026-05-21 16:28:52,
jansi.*,jansi.src.main.org.fusesource.jansi.internal.Kernel32.json,26-538:Kernel32,method,204-205:WriteConsoleW,parameters,|long|consoleOutput,long,Int64,True,True,2026-05-21 16:28:52,
jansi.*,jansi.src.main.org.fusesource.jansi.internal.Kernel32.json,26-538:Kernel32,method,204-205:WriteConsoleW,parameters,|char[]|buffer,char[],Array<UInt16>,True,True,2026-05-21 16:28:59,"Cangjie compilation error: [31merror[0m: expected declaration, found 'from'  [36m==>[0m /tmp/tmpo1vmpekp.cj:3:1:   [36m| [0m [36m3[0m [36m| [0mfrom std.core import Array[0m   [36m| [0m[31m^^^^ expected declaration here[0m   [36m| [0m   [36m#[0m [0mnote[0m: only declarations or macro expressions can be used in the top-level  1 error generated, 1 error printed. "
jansi.*,jansi.src.main.org.fusesource.jansi.internal.Kernel32.json,26-538:Kernel32,method,204-205:WriteConsoleW,parameters,|int|numberOfCharsToWrite,int,Int64,True,True,2026-05-21 16:28:59,
jansi.*,jansi.src.main.org.fusesource.jansi.internal.Kernel32.json,26-538:Kernel32,method,204-205:WriteConsoleW,parameters,|int[]|numberOfCharsWritten,int[],Array<Int64>,True,True,2026-05-21 16:28:59,
jansi.*,jansi.src.main.org.fusesource.jansi.internal.Kernel32.json,26-538:Kernel32,method,204-205:WriteConsoleW,parameters,|long|reserved,long,Int64,True,True,2026-05-21 16:29:02,
jansi.*,jansi.src.main.org.fusesource.jansi.internal.Kernel32.json,26-538:Kernel32,method,210-210:GetConsoleMode,return_types,int,int,Int64,True,True,2026-05-21 16:29:02,
jansi.*,jansi.src.main.org.fusesource.jansi.internal.Kernel32.json,26-538:Kernel32,method,210-210:GetConsoleMode,parameters,|long|handle,long,Int64,True,True,2026-05-21 16:29:02,
jansi.*,jansi.src.main.org.fusesource.jansi.internal.Kernel32.json,26-538:Kernel32,method,210-210:GetConsoleMode,parameters,|int[]|mode,int[],Array<Int64>,True,True,2026-05-21 16:29:03,
jansi.*,jansi.src.main.org.fusesource.jansi.internal.Kernel32.json,26-538:Kernel32,method,215-215:SetConsoleMode,return_types,int,int,Int64,True,True,2026-05-21 16:29:05,
jansi.*,jansi.src.main.org.fusesource.jansi.internal.Kernel32.json,26-538:Kernel32,method,215-215:SetConsoleMode,parameters,|long|handle,long,Int64,True,True,2026-05-21 16:29:05,
jansi.*,jansi.src.main.org.fusesource.jansi.internal.Kernel32.json,26-538:Kernel32,method,215-215:SetConsoleMode,parameters,|int|mode,int,Int64,True,True,2026-05-21 16:29:05,
jansi.*,jansi.src.main.org.fusesource.jansi.internal.Kernel32.json,26-538:Kernel32,method,220-220:_getch,return_types,int,int,Int64,True,True,2026-05-21 16:29:05,
jansi.*,jansi.src.main.org.fusesource.jansi.internal.Kernel32.json,26-538:Kernel32,method,227-227:SetConsoleTitle,return_types,int,int,Int64,True,True,2026-05-21 16:29:05,
jansi.*,jansi.src.main.org.fusesource.jansi.internal.Kernel32.json,26-538:Kernel32,method,227-227:SetConsoleTitle,parameters,|String|title,String,String,True,True,2026-05-21 16:29:05,
jansi.*,jansi.src.main.org.fusesource.jansi.internal.Kernel32.json,26-538:Kernel32,method,234-234:GetConsoleOutputCP,return_types,int,int,Int64,True,True,2026-05-21 16:29:05,
jansi.*,jansi.src.main.org.fusesource.jansi.internal.Kernel32.json,26-538:Kernel32,method,241-241:SetConsoleOutputCP,return_types,int,int,Int64,True,True,2026-05-21 16:29:05,
jansi.*,jansi.src.main.org.fusesource.jansi.internal.Kernel32.json,26-538:Kernel32,method,241-241:SetConsoleOutputCP,parameters,|int|codePageID,int,Int64,True,True,2026-05-21 16:29:05,
jansi.*,jansi.src.main.org.fusesource.jansi.internal.Kernel32.json,26-538:Kernel32,method,264-269:ScrollConsoleScreenBuffer,return_types,int,int,Int64,True,True,2026-05-21 16:29:05,
jansi.*,jansi.src.main.org.fusesource.jansi.internal.Kernel32.json,26-538:Kernel32,method,264-269:ScrollConsoleScreenBuffer,parameters,|long|consoleOutput,long,Int64,True,True,2026-05-21 16:29:05,
jansi.*,jansi.src.main.org.fusesource.jansi.internal.Kernel32.json,26-538:Kernel32,method,264-269:ScrollConsoleScreenBuffer,parameters,|Kernel32_SMALL_RECT|scrollRectangle,Kernel32_SMALL_RECT,Kernel32_SMALL_RECT,True,True,2026-05-21 16:29:05,
jansi.*,jansi.src.main.org.fusesource.jansi.internal.Kernel32.json,26-538:Kernel32,method,264-269:ScrollConsoleScreenBuffer,parameters,|Kernel32_SMALL_RECT|clipRectangle,Kernel32_SMALL_RECT,Kernel32_SMALL_RECT,True,True,2026-05-21 16:29:05,
jansi.*,jansi.src.main.org.fusesource.jansi.internal.Kernel32.json,26-538:Kernel32,method,264-269:ScrollConsoleScreenBuffer,parameters,|Kernel32_COORD|destinationOrigin,Kernel32_COORD,Kernel32_COORD,True,True,2026-05-21 16:29:05,
jansi.*,jansi.src.main.org.fusesource.jansi.internal.Kernel32.json,26-538:Kernel32,method,264-269:ScrollConsoleScreenBuffer,parameters,|Kernel32_CHAR_INFO|fill,Kernel32_CHAR_INFO,Kernel32_CHAR_INFO,True,True,2026-05-21 16:29:05,
jansi.*,jansi.src.main.org.fusesource.jansi.internal.Kernel32.json,26-538:Kernel32,method,442-442:ReadConsoleInputW,return_types,int,int,Int64,True,True,2026-05-21 16:29:05,
jansi.*,jansi.src.main.org.fusesource.jansi.internal.Kernel32.json,26-538:Kernel32,method,442-442:ReadConsoleInputW,parameters,|long|handle,long,Int64,True,True,2026-05-21 16:29:05,
jansi.*,jansi.src.main.org.fusesource.jansi.internal.Kernel32.json,26-538:Kernel32,method,442-442:ReadConsoleInputW,parameters,|long|inputRecord,long,Int64,True,True,2026-05-21 16:29:05,
jansi.*,jansi.src.main.org.fusesource.jansi.internal.Kernel32.json,26-538:Kernel32,method,442-442:ReadConsoleInputW,parameters,|int|length,int,Int64,True,True,2026-05-21 16:29:05,
jansi.*,jansi.src.main.org.fusesource.jansi.internal.Kernel32.json,26-538:Kernel32,method,442-442:ReadConsoleInputW,parameters,|int[]|eventsCount,int[],Array<Int64>,True,True,2026-05-21 16:29:05,
jansi.*,jansi.src.main.org.fusesource.jansi.internal.Kernel32.json,26-538:Kernel32,method,447-447:PeekConsoleInputW,return_types,int,int,Int64,True,True,2026-05-21 16:29:08,
jansi.*,jansi.src.main.org.fusesource.jansi.internal.Kernel32.json,26-538:Kernel32,method,447-447:PeekConsoleInputW,parameters,|long|handle,long,Int64,True,True,2026-05-21 16:29:08,
jansi.*,jansi.src.main.org.fusesource.jansi.internal.Kernel32.json,26-538:Kernel32,method,447-447:PeekConsoleInputW,parameters,|long|inputRecord,long,Int64,True,True,2026-05-21 16:29:08,
jansi.*,jansi.src.main.org.fusesource.jansi.internal.Kernel32.json,26-538:Kernel32,method,447-447:PeekConsoleInputW,parameters,|int|length,int,Int64,True,True,2026-05-21 16:29:08,
jansi.*,jansi.src.main.org.fusesource.jansi.internal.Kernel32.json,26-538:Kernel32,method,447-447:PeekConsoleInputW,parameters,|int[]|eventsCount,int[],Array<Int64>,True,True,2026-05-21 16:29:08,
jansi.*,jansi.src.main.org.fusesource.jansi.internal.Kernel32.json,26-538:Kernel32,method,452-452:GetNumberOfConsoleInputEvents,return_types,int,int,Int64,True,True,2026-05-21 16:29:11,
jansi.*,jansi.src.main.org.fusesource.jansi.internal.Kernel32.json,26-538:Kernel32,method,452-452:GetNumberOfConsoleInputEvents,parameters,|long|handle,long,Int64,True,True,2026-05-21 16:29:11,
jansi.*,jansi.src.main.org.fusesource.jansi.internal.Kernel32.json,26-538:Kernel32,method,452-452:GetNumberOfConsoleInputEvents,parameters,|int[]|numberOfEvents,int[],Array<Int64>,True,True,2026-05-21 16:29:11,
jansi.*,jansi.src.main.org.fusesource.jansi.internal.Kernel32.json,26-538:Kernel32,method,457-457:FlushConsoleInputBuffer,return_types,int,int,Int64,True,True,2026-05-21 16:29:13,
jansi.*,jansi.src.main.org.fusesource.jansi.internal.Kernel32.json,26-538:Kernel32,method,457-457:FlushConsoleInputBuffer,parameters,|long|handle,long,Int64,True,True,2026-05-21 16:29:13,
jansi.*,jansi.src.main.org.fusesource.jansi.internal.Kernel32.json,26-538:Kernel32,method,462-493:readConsoleInputHelper,return_types,Kernel32_INPUT_RECORD[],Kernel32_INPUT_RECORD[],Array<Any>,True,True,2026-05-21 16:29:19,"Cangjie compilation error: [31merror[0m: expected declaration, found 'from'  [36m==>[0m /tmp/tmpus4vzyzp.cj:3:1:   [36m| [0m [36m3[0m [36m| [0mfrom std.core import Array[0m   [36m| [0m[31m^^^^ expected declaration here[0m   [36m| [0m   [36m#[0m [0mnote[0m: only declarations or macro expressions can be used in the top-level  1 error generated, 1 error printed. "
jansi.*,jansi.src.main.org.fusesource.jansi.internal.Kernel32.json,26-538:Kernel32,method,462-493:readConsoleInputHelper,body_types,int[],int[],Array<Int64>,True,True,2026-05-21 16:29:19,
jansi.*,jansi.src.main.org.fusesource.jansi.internal.Kernel32.json,26-538:Kernel32,method,462-493:readConsoleInputHelper,body_types,int,int,Int64,True,True,2026-05-21 16:29:23,
jansi.*,jansi.src.main.org.fusesource.jansi.internal.Kernel32.json,26-538:Kernel32,method,462-493:readConsoleInputHelper,body_types,long,long,Int64,True,True,2026-05-21 16:29:23,
jansi.*,jansi.src.main.org.fusesource.jansi.internal.Kernel32.json,26-538:Kernel32,method,462-493:readConsoleInputHelper,body_types,IOException,IOException,IOException,True,True,2026-05-21 16:29:29,"Cangjie compilation error: [31merror[0m: expected ';' or '<NL>', found keyword 'class'   [36m==>[0m /tmp/tmpnvx1mbes.cj:58:27:    [36m| [0m [36m58[0m [36m| [0m    let _test_val: public class IOException <: Exception {[0m    [36m| [0m                          [31m^^^^^ expected ';' or '<NL>' here[0m    [36m| [0m  [31merror[0m: body of constructor is missing   [36m==>[0m /tmp/tmpnvx1mbes.cj:59:33:    [36m| [0m [36m59[0m [36m| [0m    public init(message: String)[0m    ["
jansi.*,jansi.src.main.org.fusesource.jansi.internal.Kernel32.json,26-538:Kernel32,method,462-493:readConsoleInputHelper,body_types,Kernel32_INPUT_RECORD,Kernel32_INPUT_RECORD,Kernel32_INPUT_RECORD,True,True,2026-05-21 16:29:29,
jansi.*,jansi.src.main.org.fusesource.jansi.internal.Kernel32.json,26-538:Kernel32,method,462-493:readConsoleInputHelper,body_types,Kernel32_INPUT_RECORD[],Kernel32_INPUT_RECORD[],Array<Any>,True,True,2026-05-21 16:29:35,"Cangjie compilation error: [31merror[0m: expected declaration, found 'from'  [36m==>[0m /tmp/tmpokcch41j.cj:3:1:   [36m| [0m [36m3[0m [36m| [0mfrom std.core import Array[0m   [36m| [0m[31m^^^^ expected declaration here[0m   [36m| [0m   [36m#[0m [0mnote[0m: only declarations or macro expressions can be used in the top-level  1 error generated, 1 error printed. "
jansi.*,jansi.src.main.org.fusesource.jansi.internal.Kernel32.json,26-538:Kernel32,method,462-493:readConsoleInputHelper,parameters,|long|handle,long,Int64,True,True,2026-05-21 16:29:19,
jansi.*,jansi.src.main.org.fusesource.jansi.internal.Kernel32.json,26-538:Kernel32,method,462-493:readConsoleInputHelper,parameters,|int|count,int,Int64,True,True,2026-05-21 16:29:19,
jansi.*,jansi.src.main.org.fusesource.jansi.internal.Kernel32.json,26-538:Kernel32,method,462-493:readConsoleInputHelper,parameters,|boolean|peek,boolean,Bool,True,True,2026-05-21 16:29:19,
jansi.*,jansi.src.main.org.fusesource.jansi.internal.Kernel32.json,26-538:Kernel32,method,501-521:readConsoleKeyInput,return_types,Kernel32_INPUT_RECORD[],Kernel32_INPUT_RECORD[],Array<Any>,True,True,2026-05-21 16:29:35,
jansi.*,jansi.src.main.org.fusesource.jansi.internal.Kernel32.json,26-538:Kernel32,method,501-521:readConsoleKeyInput,body_types,Kernel32_INPUT_RECORD[],Kernel32_INPUT_RECORD[],Array<Any>,True,True,2026-05-21 16:29:38,
jansi.*,jansi.src.main.org.fusesource.jansi.internal.Kernel32.json,26-538:Kernel32,method,501-521:readConsoleKeyInput,body_types,int,int,Int64,True,True,2026-05-21 16:29:41,
jansi.*,jansi.src.main.org.fusesource.jansi.internal.Kernel32.json,26-538:Kernel32,method,501-521:readConsoleKeyInput,body_types,Kernel32_INPUT_RECORD,Kernel32_INPUT_RECORD,Kernel32_INPUT_RECORD,True,True,2026-05-21 16:29:41,
jansi.*,jansi.src.main.org.fusesource.jansi.internal.Kernel32.json,26-538:Kernel32,method,501-521:readConsoleKeyInput,parameters,|long|handle,long,Int64,True,True,2026-05-21 16:29:38,
jansi.*,jansi.src.main.org.fusesource.jansi.internal.Kernel32.json,26-538:Kernel32,method,501-521:readConsoleKeyInput,parameters,|int|count,int,Int64,True,True,2026-05-21 16:29:38,
jansi.*,jansi.src.main.org.fusesource.jansi.internal.Kernel32.json,26-538:Kernel32,method,501-521:readConsoleKeyInput,parameters,|boolean|peek,boolean,Bool,True,True,2026-05-21 16:29:38,
jansi.*,jansi.src.main.org.fusesource.jansi.internal.Kernel32.json,26-538:Kernel32,method,523-526:getLastErrorMessage,return_types,String,String,String,True,True,2026-05-21 16:29:41,
jansi.*,jansi.src.main.org.fusesource.jansi.internal.Kernel32.json,26-538:Kernel32,method,523-526:getLastErrorMessage,body_types,int,int,Int64,True,True,2026-05-21 16:29:41,
jansi.*,jansi.src.main.org.fusesource.jansi.internal.Kernel32.json,26-538:Kernel32,method,528-537:getErrorMessage,return_types,String,String,String,True,True,2026-05-21 16:29:41,
jansi.*,jansi.src.main.org.fusesource.jansi.internal.Kernel32.json,26-538:Kernel32,method,528-537:getErrorMessage,body_types,int,int,Int64,True,True,2026-05-21 16:29:41,
jansi.*,jansi.src.main.org.fusesource.jansi.internal.Kernel32.json,26-538:Kernel32,method,528-537:getErrorMessage,body_types,byte,byte,Int8,True,True,2026-05-21 16:29:41,
jansi.*,jansi.src.main.org.fusesource.jansi.internal.Kernel32.json,26-538:Kernel32,method,528-537:getErrorMessage,body_types,String,String,String,True,True,2026-05-21 16:29:41,
jansi.*,jansi.src.main.org.fusesource.jansi.internal.Kernel32.json,26-538:Kernel32,method,528-537:getErrorMessage,body_types,UnsupportedEncodingException,UnsupportedEncodingException,Any,True,True,2026-05-21 16:29:51,"Cangjie compilation error: [31merror[0m: expected declaration, found 'from'  [36m==>[0m /tmp/tmptglu6qfo.cj:3:1:   [36m| [0m [36m3[0m [36m| [0mfrom std.encoding import EncodingException[0m   [36m| [0m[31m^^^^ expected declaration here[0m   [36m| [0m   [36m#[0m [0mnote[0m: only declarations or macro expressions can be used in the top-level  1 error generated, 1 error printed. "
jansi.*,jansi.src.main.org.fusesource.jansi.internal.Kernel32.json,26-538:Kernel32,method,528-537:getErrorMessage,body_types,IllegalStateException,IllegalStateException,IllegalStateException,True,True,2026-05-21 16:29:51,
jansi.*,jansi.src.main.org.fusesource.jansi.internal.Kernel32.json,26-538:Kernel32,method,528-537:getErrorMessage,parameters,|int|errorCode,int,Int64,True,True,2026-05-21 16:29:41,
jansi.*,jansi.src.main.org.fusesource.jansi.internal.Kernel32.json,65-96:Kernel32_SMALL_RECT,field,73-73:SIZEOF,types,int,int,Int64,True,True,2026-05-21 16:29:53,
jansi.*,jansi.src.main.org.fusesource.jansi.internal.Kernel32.json,65-96:Kernel32_SMALL_RECT,field,75-75:left,types,short,short,Int16,True,True,2026-05-21 16:29:53,
jansi.*,jansi.src.main.org.fusesource.jansi.internal.Kernel32.json,65-96:Kernel32_SMALL_RECT,field,76-76:top,types,short,short,Int16,True,True,2026-05-21 16:29:53,
jansi.*,jansi.src.main.org.fusesource.jansi.internal.Kernel32.json,65-96:Kernel32_SMALL_RECT,field,77-77:right,types,short,short,Int16,True,True,2026-05-21 16:29:53,
jansi.*,jansi.src.main.org.fusesource.jansi.internal.Kernel32.json,65-96:Kernel32_SMALL_RECT,field,78-78:bottom,types,short,short,Int16,True,True,2026-05-21 16:29:53,
jansi.*,jansi.src.main.org.fusesource.jansi.internal.Kernel32.json,65-96:Kernel32_SMALL_RECT,method,71-71:init_,return_types,void,void,Unit,True,True,2026-05-21 16:29:53,
jansi.*,jansi.src.main.org.fusesource.jansi.internal.Kernel32.json,65-96:Kernel32_SMALL_RECT,method,80-82:width,return_types,short,short,Int16,True,True,2026-05-21 16:29:53,
jansi.*,jansi.src.main.org.fusesource.jansi.internal.Kernel32.json,65-96:Kernel32_SMALL_RECT,method,80-82:width,body_types,short,short,Int16,True,True,2026-05-21 16:29:53,
jansi.*,jansi.src.main.org.fusesource.jansi.internal.Kernel32.json,65-96:Kernel32_SMALL_RECT,method,84-86:height,return_types,short,short,Int16,True,True,2026-05-21 16:29:53,
jansi.*,jansi.src.main.org.fusesource.jansi.internal.Kernel32.json,65-96:Kernel32_SMALL_RECT,method,84-86:height,body_types,short,short,Int16,True,True,2026-05-21 16:29:53,
jansi.*,jansi.src.main.org.fusesource.jansi.internal.Kernel32.json,65-96:Kernel32_SMALL_RECT,method,88-95:copy,return_types,Kernel32_SMALL_RECT,Kernel32_SMALL_RECT,Kernel32_SMALL_RECT,True,True,2026-05-21 16:29:53,
jansi.*,jansi.src.main.org.fusesource.jansi.internal.Kernel32.json,65-96:Kernel32_SMALL_RECT,method,88-95:copy,body_types,Kernel32_SMALL_RECT,Kernel32_SMALL_RECT,Kernel32_SMALL_RECT,True,True,2026-05-21 16:29:53,
jansi.*,jansi.src.main.org.fusesource.jansi.internal.Kernel32.json,103-123:Kernel32_COORD,field,112-112:SIZEOF,types,int,int,Int64,True,True,2026-05-21 16:29:53,
jansi.*,jansi.src.main.org.fusesource.jansi.internal.Kernel32.json,103-123:Kernel32_COORD,field,114-114:x,types,short,short,Int16,True,True,2026-05-21 16:29:53,
jansi.*,jansi.src.main.org.fusesource.jansi.internal.Kernel32.json,103-123:Kernel32_COORD,field,115-115:y,types,short,short,Int16,True,True,2026-05-21 16:29:53,
jansi.*,jansi.src.main.org.fusesource.jansi.internal.Kernel32.json,103-123:Kernel32_COORD,method,110-110:init_,return_types,void,void,Unit,True,True,2026-05-21 16:29:53,
jansi.*,jansi.src.main.org.fusesource.jansi.internal.Kernel32.json,103-123:Kernel32_COORD,method,117-122:copy,return_types,Kernel32_COORD,Kernel32_COORD,Kernel32_COORD,True,True,2026-05-21 16:29:53,
jansi.*,jansi.src.main.org.fusesource.jansi.internal.Kernel32.json,103-123:Kernel32_COORD,method,117-122:copy,body_types,Kernel32_COORD,Kernel32_COORD,Kernel32_COORD,True,True,2026-05-21 16:29:53,
jansi.*,jansi.src.main.org.fusesource.jansi.internal.Kernel32.json,128-152:Kernel32_CONSOLE_SCREEN_BUFFER_INFO,field,137-137:SIZEOF,types,int,int,Int64,True,True,2026-05-21 16:29:53,
jansi.*,jansi.src.main.org.fusesource.jansi.internal.Kernel32.json,128-152:Kernel32_CONSOLE_SCREEN_BUFFER_INFO,field,139-139:size,types,Kernel32_COORD,Kernel32_COORD,Kernel32_COORD,True,True,2026-05-21 16:29:53,
jansi.*,jansi.src.main.org.fusesource.jansi.internal.Kernel32.json,128-152:Kernel32_CONSOLE_SCREEN_BUFFER_INFO,field,140-140:cursorPosition,types,Kernel32_COORD,Kernel32_COORD,Kernel32_COORD,True,True,2026-05-21 16:29:53,
jansi.*,jansi.src.main.org.fusesource.jansi.internal.Kernel32.json,128-152:Kernel32_CONSOLE_SCREEN_BUFFER_INFO,field,141-141:attributes,types,short,short,Int16,True,True,2026-05-21 16:29:53,
jansi.*,jansi.src.main.org.fusesource.jansi.internal.Kernel32.json,128-152:Kernel32_CONSOLE_SCREEN_BUFFER_INFO,field,142-142:window,types,Kernel32_SMALL_RECT,Kernel32_SMALL_RECT,Kernel32_SMALL_RECT,True,True,2026-05-21 16:29:53,
jansi.*,jansi.src.main.org.fusesource.jansi.internal.Kernel32.json,128-152:Kernel32_CONSOLE_SCREEN_BUFFER_INFO,field,143-143:maximumWindowSize,types,Kernel32_COORD,Kernel32_COORD,Kernel32_COORD,True,True,2026-05-21 16:29:53,
jansi.*,jansi.src.main.org.fusesource.jansi.internal.Kernel32.json,128-152:Kernel32_CONSOLE_SCREEN_BUFFER_INFO,method,135-135:init_,return_types,void,void,Unit,True,True,2026-05-21 16:29:53,
jansi.*,jansi.src.main.org.fusesource.jansi.internal.Kernel32.json,128-152:Kernel32_CONSOLE_SCREEN_BUFFER_INFO,method,145-147:windowWidth,return_types,int,int,Int64,True,True,2026-05-21 16:29:53,
jansi.*,jansi.src.main.org.fusesource.jansi.internal.Kernel32.json,128-152:Kernel32_CONSOLE_SCREEN_BUFFER_INFO,method,149-151:windowHeight,return_types,int,int,Int64,True,True,2026-05-21 16:29:53,
jansi.*,jansi.src.main.org.fusesource.jansi.internal.Kernel32.json,246-259:Kernel32_CHAR_INFO,field,255-255:SIZEOF,types,int,int,Int64,True,True,2026-05-21 16:29:54,
jansi.*,jansi.src.main.org.fusesource.jansi.internal.Kernel32.json,246-259:Kernel32_CHAR_INFO,field,257-257:attributes,types,short,short,Int16,True,True,2026-05-21 16:29:54,
jansi.*,jansi.src.main.org.fusesource.jansi.internal.Kernel32.json,246-259:Kernel32_CHAR_INFO,field,258-258:unicodeChar,types,char,char,Rune,True,True,2026-05-21 16:29:54,
jansi.*,jansi.src.main.org.fusesource.jansi.internal.Kernel32.json,246-259:Kernel32_CHAR_INFO,method,253-253:init_,return_types,void,void,Unit,True,True,2026-05-21 16:29:54,
jansi.*,jansi.src.main.org.fusesource.jansi.internal.Kernel32.json,274-310:Kernel32_KEY_EVENT_RECORD,field,283-283:SIZEOF,types,int,int,Int64,True,True,2026-05-21 16:29:54,
jansi.*,jansi.src.main.org.fusesource.jansi.internal.Kernel32.json,274-310:Kernel32_KEY_EVENT_RECORD,field,284-284:CAPSLOCK_ON,types,int,int,Int64,True,True,2026-05-21 16:29:54,
jansi.*,jansi.src.main.org.fusesource.jansi.internal.Kernel32.json,274-310:Kernel32_KEY_EVENT_RECORD,field,285-285:NUMLOCK_ON,types,int,int,Int64,True,True,2026-05-21 16:29:54,
jansi.*,jansi.src.main.org.fusesource.jansi.internal.Kernel32.json,274-310:Kernel32_KEY_EVENT_RECORD,field,286-286:SCROLLLOCK_ON,types,int,int,Int64,True,True,2026-05-21 16:29:54,
jansi.*,jansi.src.main.org.fusesource.jansi.internal.Kernel32.json,274-310:Kernel32_KEY_EVENT_RECORD,field,287-287:ENHANCED_KEY,types,int,int,Int64,True,True,2026-05-21 16:29:54,
jansi.*,jansi.src.main.org.fusesource.jansi.internal.Kernel32.json,274-310:Kernel32_KEY_EVENT_RECORD,field,288-288:LEFT_ALT_PRESSED,types,int,int,Int64,True,True,2026-05-21 16:29:54,
jansi.*,jansi.src.main.org.fusesource.jansi.internal.Kernel32.json,274-310:Kernel32_KEY_EVENT_RECORD,field,289-289:LEFT_CTRL_PRESSED,types,int,int,Int64,True,True,2026-05-21 16:29:54,
jansi.*,jansi.src.main.org.fusesource.jansi.internal.Kernel32.json,274-310:Kernel32_KEY_EVENT_RECORD,field,290-290:RIGHT_ALT_PRESSED,types,int,int,Int64,True,True,2026-05-21 16:29:54,
jansi.*,jansi.src.main.org.fusesource.jansi.internal.Kernel32.json,274-310:Kernel32_KEY_EVENT_RECORD,field,291-291:RIGHT_CTRL_PRESSED,types,int,int,Int64,True,True,2026-05-21 16:29:54,
jansi.*,jansi.src.main.org.fusesource.jansi.internal.Kernel32.json,274-310:Kernel32_KEY_EVENT_RECORD,field,292-292:SHIFT_PRESSED,types,int,int,Int64,True,True,2026-05-21 16:29:54,
jansi.*,jansi.src.main.org.fusesource.jansi.internal.Kernel32.json,274-310:Kernel32_KEY_EVENT_RECORD,field,294-294:keyDown,types,boolean,boolean,Bool,True,True,2026-05-21 16:29:54,
jansi.*,jansi.src.main.org.fusesource.jansi.internal.Kernel32.json,274-310:Kernel32_KEY_EVENT_RECORD,field,295-295:repeatCount,types,short,short,Int16,True,True,2026-05-21 16:29:54,
jansi.*,jansi.src.main.org.fusesource.jansi.internal.Kernel32.json,274-310:Kernel32_KEY_EVENT_RECORD,field,296-296:keyCode,types,short,short,Int16,True,True,2026-05-21 16:29:54,
jansi.*,jansi.src.main.org.fusesource.jansi.internal.Kernel32.json,274-310:Kernel32_KEY_EVENT_RECORD,field,297-297:scanCode,types,short,short,Int16,True,True,2026-05-21 16:29:54,
jansi.*,jansi.src.main.org.fusesource.jansi.internal.Kernel32.json,274-310:Kernel32_KEY_EVENT_RECORD,field,298-298:uchar,types,char,char,Rune,True,True,2026-05-21 16:29:54,
jansi.*,jansi.src.main.org.fusesource.jansi.internal.Kernel32.json,274-310:Kernel32_KEY_EVENT_RECORD,field,299-299:controlKeyState,types,int,int,Int64,True,True,2026-05-21 16:29:54,
jansi.*,jansi.src.main.org.fusesource.jansi.internal.Kernel32.json,274-310:Kernel32_KEY_EVENT_RECORD,method,281-281:init_,return_types,void,void,Unit,True,True,2026-05-21 16:29:54,
jansi.*,jansi.src.main.org.fusesource.jansi.internal.Kernel32.json,274-310:Kernel32_KEY_EVENT_RECORD,method,301-309:toString,return_types,String,String,String,True,True,2026-05-21 16:29:54,
jansi.*,jansi.src.main.org.fusesource.jansi.internal.Kernel32.json,315-358:Kernel32_MOUSE_EVENT_RECORD,field,324-324:SIZEOF,types,int,int,Int64,True,True,2026-05-21 16:29:54,
jansi.*,jansi.src.main.org.fusesource.jansi.internal.Kernel32.json,315-358:Kernel32_MOUSE_EVENT_RECORD,field,325-325:FROM_LEFT_1ST_BUTTON_PRESSED,types,int,int,Int64,True,True,2026-05-21 16:29:54,
jansi.*,jansi.src.main.org.fusesource.jansi.internal.Kernel32.json,315-358:Kernel32_MOUSE_EVENT_RECORD,field,326-326:FROM_LEFT_2ND_BUTTON_PRESSED,types,int,int,Int64,True,True,2026-05-21 16:29:54,
jansi.*,jansi.src.main.org.fusesource.jansi.internal.Kernel32.json,315-358:Kernel32_MOUSE_EVENT_RECORD,field,327-327:FROM_LEFT_3RD_BUTTON_PRESSED,types,int,int,Int64,True,True,2026-05-21 16:29:54,
jansi.*,jansi.src.main.org.fusesource.jansi.internal.Kernel32.json,315-358:Kernel32_MOUSE_EVENT_RECORD,field,328-328:FROM_LEFT_4TH_BUTTON_PRESSED,types,int,int,Int64,True,True,2026-05-21 16:29:54,
jansi.*,jansi.src.main.org.fusesource.jansi.internal.Kernel32.json,315-358:Kernel32_MOUSE_EVENT_RECORD,field,329-329:RIGHTMOST_BUTTON_PRESSED,types,int,int,Int64,True,True,2026-05-21 16:29:54,
jansi.*,jansi.src.main.org.fusesource.jansi.internal.Kernel32.json,315-358:Kernel32_MOUSE_EVENT_RECORD,field,331-331:CAPSLOCK_ON,types,int,int,Int64,True,True,2026-05-21 16:29:54,
jansi.*,jansi.src.main.org.fusesource.jansi.internal.Kernel32.json,315-358:Kernel32_MOUSE_EVENT_RECORD,field,332-332:NUMLOCK_ON,types,int,int,Int64,True,True,2026-05-21 16:29:54,
jansi.*,jansi.src.main.org.fusesource.jansi.internal.Kernel32.json,315-358:Kernel32_MOUSE_EVENT_RECORD,field,333-333:SCROLLLOCK_ON,types,int,int,Int64,True,True,2026-05-21 16:29:54,
jansi.*,jansi.src.main.org.fusesource.jansi.internal.Kernel32.json,315-358:Kernel32_MOUSE_EVENT_RECORD,field,334-334:ENHANCED_KEY,types,int,int,Int64,True,True,2026-05-21 16:29:54,
jansi.*,jansi.src.main.org.fusesource.jansi.internal.Kernel32.json,315-358:Kernel32_MOUSE_EVENT_RECORD,field,335-335:LEFT_ALT_PRESSED,types,int,int,Int64,True,True,2026-05-21 16:29:54,
jansi.*,jansi.src.main.org.fusesource.jansi.internal.Kernel32.json,315-358:Kernel32_MOUSE_EVENT_RECORD,field,336-336:LEFT_CTRL_PRESSED,types,int,int,Int64,True,True,2026-05-21 16:29:54,
jansi.*,jansi.src.main.org.fusesource.jansi.internal.Kernel32.json,315-358:Kernel32_MOUSE_EVENT_RECORD,field,337-337:RIGHT_ALT_PRESSED,types,int,int,Int64,True,True,2026-05-21 16:29:54,
jansi.*,jansi.src.main.org.fusesource.jansi.internal.Kernel32.json,315-358:Kernel32_MOUSE_EVENT_RECORD,field,338-338:RIGHT_CTRL_PRESSED,types,int,int,Int64,True,True,2026-05-21 16:29:54,
jansi.*,jansi.src.main.org.fusesource.jansi.internal.Kernel32.json,315-358:Kernel32_MOUSE_EVENT_RECORD,field,339-339:SHIFT_PRESSED,types,int,int,Int64,True,True,2026-05-21 16:29:54,
jansi.*,jansi.src.main.org.fusesource.jansi.internal.Kernel32.json,315-358:Kernel32_MOUSE_EVENT_RECORD,field,341-341:DOUBLE_CLICK,types,int,int,Int64,True,True,2026-05-21 16:29:54,
jansi.*,jansi.src.main.org.fusesource.jansi.internal.Kernel32.json,315-358:Kernel32_MOUSE_EVENT_RECORD,field,342-342:MOUSE_HWHEELED,types,int,int,Int64,True,True,2026-05-21 16:29:54,
jansi.*,jansi.src.main.org.fusesource.jansi.internal.Kernel32.json,315-358:Kernel32_MOUSE_EVENT_RECORD,field,343-343:MOUSE_MOVED,types,int,int,Int64,True,True,2026-05-21 16:29:54,
jansi.*,jansi.src.main.org.fusesource.jansi.internal.Kernel32.json,315-358:Kernel32_MOUSE_EVENT_RECORD,field,344-344:MOUSE_WHEELED,types,int,int,Int64,True,True,2026-05-21 16:29:54,
jansi.*,jansi.src.main.org.fusesource.jansi.internal.Kernel32.json,315-358:Kernel32_MOUSE_EVENT_RECORD,field,346-346:mousePosition,types,Kernel32_COORD,Kernel32_COORD,Kernel32_COORD,True,True,2026-05-21 16:29:54,
jansi.*,jansi.src.main.org.fusesource.jansi.internal.Kernel32.json,315-358:Kernel32_MOUSE_EVENT_RECORD,field,347-347:buttonState,types,int,int,Int64,True,True,2026-05-21 16:29:54,
jansi.*,jansi.src.main.org.fusesource.jansi.internal.Kernel32.json,315-358:Kernel32_MOUSE_EVENT_RECORD,field,348-348:controlKeyState,types,int,int,Int64,True,True,2026-05-21 16:29:54,
jansi.*,jansi.src.main.org.fusesource.jansi.internal.Kernel32.json,315-358:Kernel32_MOUSE_EVENT_RECORD,field,349-349:eventFlags,types,int,int,Int64,True,True,2026-05-21 16:29:54,
jansi.*,jansi.src.main.org.fusesource.jansi.internal.Kernel32.json,315-358:Kernel32_MOUSE_EVENT_RECORD,method,322-322:init_,return_types,void,void,Unit,True,True,2026-05-21 16:29:54,
jansi.*,jansi.src.main.org.fusesource.jansi.internal.Kernel32.json,315-358:Kernel32_MOUSE_EVENT_RECORD,method,351-357:toString,return_types,String,String,String,True,True,2026-05-21 16:29:54,
jansi.*,jansi.src.main.org.fusesource.jansi.internal.Kernel32.json,363-379:Kernel32_WINDOW_BUFFER_SIZE_RECORD,field,372-372:SIZEOF,types,int,int,Int64,True,True,2026-05-21 16:29:54,
jansi.*,jansi.src.main.org.fusesource.jansi.internal.Kernel32.json,363-379:Kernel32_WINDOW_BUFFER_SIZE_RECORD,field,374-374:size,types,Kernel32_COORD,Kernel32_COORD,Kernel32_COORD,True,True,2026-05-21 16:29:54,
jansi.*,jansi.src.main.org.fusesource.jansi.internal.Kernel32.json,363-379:Kernel32_WINDOW_BUFFER_SIZE_RECORD,method,370-370:init_,return_types,void,void,Unit,True,True,2026-05-21 16:29:54,
jansi.*,jansi.src.main.org.fusesource.jansi.internal.Kernel32.json,363-379:Kernel32_WINDOW_BUFFER_SIZE_RECORD,method,376-378:toString,return_types,String,String,String,True,True,2026-05-21 16:29:54,
jansi.*,jansi.src.main.org.fusesource.jansi.internal.Kernel32.json,384-394:Kernel32_FOCUS_EVENT_RECORD,field,392-392:SIZEOF,types,int,int,Int64,True,True,2026-05-21 16:29:54,
jansi.*,jansi.src.main.org.fusesource.jansi.internal.Kernel32.json,384-394:Kernel32_FOCUS_EVENT_RECORD,field,393-393:setFocus,types,boolean,boolean,Bool,True,True,2026-05-21 16:29:54,
jansi.*,jansi.src.main.org.fusesource.jansi.internal.Kernel32.json,384-394:Kernel32_FOCUS_EVENT_RECORD,method,390-390:init_,return_types,void,void,Unit,True,True,2026-05-21 16:29:54,
jansi.*,jansi.src.main.org.fusesource.jansi.internal.Kernel32.json,399-409:Kernel32_MENU_EVENT_RECORD,field,407-407:SIZEOF,types,int,int,Int64,True,True,2026-05-21 16:29:54,
jansi.*,jansi.src.main.org.fusesource.jansi.internal.Kernel32.json,399-409:Kernel32_MENU_EVENT_RECORD,field,408-408:commandId,types,int,int,Int64,True,True,2026-05-21 16:29:54,
jansi.*,jansi.src.main.org.fusesource.jansi.internal.Kernel32.json,399-409:Kernel32_MENU_EVENT_RECORD,method,405-405:init_,return_types,void,void,Unit,True,True,2026-05-21 16:29:54,
jansi.*,jansi.src.main.org.fusesource.jansi.internal.Kernel32.json,414-437:Kernel32_INPUT_RECORD,field,423-423:SIZEOF,types,int,int,Int64,True,True,2026-05-21 16:29:54,
jansi.*,jansi.src.main.org.fusesource.jansi.internal.Kernel32.json,414-437:Kernel32_INPUT_RECORD,field,424-424:KEY_EVENT,types,short,short,Int16,True,True,2026-05-21 16:29:54,
jansi.*,jansi.src.main.org.fusesource.jansi.internal.Kernel32.json,414-437:Kernel32_INPUT_RECORD,field,425-425:MOUSE_EVENT,types,short,short,Int16,True,True,2026-05-21 16:29:54,
jansi.*,jansi.src.main.org.fusesource.jansi.internal.Kernel32.json,414-437:Kernel32_INPUT_RECORD,field,426-426:WINDOW_BUFFER_SIZE_EVENT,types,short,short,Int16,True,True,2026-05-21 16:29:54,
jansi.*,jansi.src.main.org.fusesource.jansi.internal.Kernel32.json,414-437:Kernel32_INPUT_RECORD,field,427-427:FOCUS_EVENT,types,short,short,Int16,True,True,2026-05-21 16:29:54,
jansi.*,jansi.src.main.org.fusesource.jansi.internal.Kernel32.json,414-437:Kernel32_INPUT_RECORD,field,428-428:MENU_EVENT,types,short,short,Int16,True,True,2026-05-21 16:29:54,
jansi.*,jansi.src.main.org.fusesource.jansi.internal.Kernel32.json,414-437:Kernel32_INPUT_RECORD,field,429-429:eventType,types,short,short,Int16,True,True,2026-05-21 16:29:54,
jansi.*,jansi.src.main.org.fusesource.jansi.internal.Kernel32.json,414-437:Kernel32_INPUT_RECORD,field,430-430:keyEvent,types,Kernel32_KEY_EVENT_RECORD,Kernel32_KEY_EVENT_RECORD,Kernel32_KEY_EVENT_RECORD,True,True,2026-05-21 16:29:54,
jansi.*,jansi.src.main.org.fusesource.jansi.internal.Kernel32.json,414-437:Kernel32_INPUT_RECORD,field,431-431:mouseEvent,types,Kernel32_MOUSE_EVENT_RECORD,Kernel32_MOUSE_EVENT_RECORD,Kernel32_MOUSE_EVENT_RECORD,True,True,2026-05-21 16:29:54,
jansi.*,jansi.src.main.org.fusesource.jansi.internal.Kernel32.json,414-437:Kernel32_INPUT_RECORD,field,432-432:windowBufferSizeEvent,types,Kernel32_WINDOW_BUFFER_SIZE_RECORD,Kernel32_WINDOW_BUFFER_SIZE_RECORD,Kernel32_WINDOW_BUFFER_SIZE_RECORD,True,True,2026-05-21 16:29:54,
jansi.*,jansi.src.main.org.fusesource.jansi.internal.Kernel32.json,414-437:Kernel32_INPUT_RECORD,field,433-433:menuEvent,types,Kernel32_MENU_EVENT_RECORD,Kernel32_MENU_EVENT_RECORD,Kernel32_MENU_EVENT_RECORD,True,True,2026-05-21 16:29:54,
jansi.*,jansi.src.main.org.fusesource.jansi.internal.Kernel32.json,414-437:Kernel32_INPUT_RECORD,field,434-434:focusEvent,types,Kernel32_FOCUS_EVENT_RECORD,Kernel32_FOCUS_EVENT_RECORD,Kernel32_FOCUS_EVENT_RECORD,True,True,2026-05-21 16:29:54,
jansi.*,jansi.src.main.org.fusesource.jansi.internal.Kernel32.json,414-437:Kernel32_INPUT_RECORD,method,421-421:init_,return_types,void,void,Unit,True,True,2026-05-21 16:29:54,
jansi.*,jansi.src.main.org.fusesource.jansi.internal.Kernel32.json,414-437:Kernel32_INPUT_RECORD,method,436-436:memmove,return_types,void,void,Unit,True,True,2026-05-21 16:29:54,
jansi.*,jansi.src.main.org.fusesource.jansi.internal.Kernel32.json,414-437:Kernel32_INPUT_RECORD,method,436-436:memmove,parameters,|Kernel32_INPUT_RECORD|dest,Kernel32_INPUT_RECORD,Kernel32_INPUT_RECORD,True,True,2026-05-21 16:29:54,
jansi.*,jansi.src.main.org.fusesource.jansi.internal.Kernel32.json,414-437:Kernel32_INPUT_RECORD,method,436-436:memmove,parameters,|long|src,long,Int64,True,True,2026-05-21 16:29:54,
jansi.*,jansi.src.main.org.fusesource.jansi.internal.Kernel32.json,414-437:Kernel32_INPUT_RECORD,method,436-436:memmove,parameters,|long|size,long,Int64,True,True,2026-05-21 16:29:54,
jansi.*,jansi.src.main.org.fusesource.jansi.internal.MingwSupport.json,34-137:MingwSupport,field,36-36:sttyCommand,types,String,String,String,True,True,2026-05-21 16:23:06,
jansi.*,jansi.src.main.org.fusesource.jansi.internal.MingwSupport.json,34-137:MingwSupport,field,37-37:ttyCommand,types,String,String,String,True,True,2026-05-21 16:23:06,
jansi.*,jansi.src.main.org.fusesource.jansi.internal.MingwSupport.json,34-137:MingwSupport,field,38-38:columnsPatterns,types,Pattern,Pattern,Regex,True,True,2026-05-21 16:23:06,
jansi.*,jansi.src.main.org.fusesource.jansi.internal.MingwSupport.json,34-137:MingwSupport,method,40-67:MingwSupport,body_types,String,String,String,True,True,2026-05-21 16:23:06,
jansi.*,jansi.src.main.org.fusesource.jansi.internal.MingwSupport.json,34-137:MingwSupport,method,40-67:MingwSupport,body_types,String[],String[],Array<String>,True,True,2026-05-21 16:23:06,
jansi.*,jansi.src.main.org.fusesource.jansi.internal.MingwSupport.json,34-137:MingwSupport,method,40-67:MingwSupport,body_types,File,File,Any,True,True,2026-05-21 16:23:14,"Cangjie compilation error: [31merror[0m: expected declaration, found 'from'  [36m==>[0m /tmp/tmpw1xpv85h.cj:3:1:   [36m| [0m [36m3[0m [36m| [0mfrom std.fs import File[0m   [36m| [0m[31m^^^^ expected declaration here[0m   [36m| [0m   [36m#[0m [0mnote[0m: only declarations or macro expressions can be used in the top-level  1 error generated, 1 error printed. "
jansi.*,jansi.src.main.org.fusesource.jansi.internal.MingwSupport.json,34-137:MingwSupport,method,69-86:getConsoleName,return_types,String,String,String,True,True,2026-05-21 16:23:14,
jansi.*,jansi.src.main.org.fusesource.jansi.internal.MingwSupport.json,34-137:MingwSupport,method,69-86:getConsoleName,body_types,Process,Process,Any,True,True,2026-05-21 16:23:14,
jansi.*,jansi.src.main.org.fusesource.jansi.internal.MingwSupport.json,34-137:MingwSupport,method,69-86:getConsoleName,body_types,ProcessBuilder,ProcessBuilder,Any,True,True,2026-05-21 16:23:21,Cangjie compilation error: [31merror[0m: undeclared type name 'ProcessBuilder'   [36m==>[0m /tmp/tmp8fne4kep.cj:58:20:    [36m| [0m [36m58[0m [36m| [0m    let _test_val: ProcessBuilder[0m    [36m| [0m                   [31m^ [0m    [36m| [0m  [33mwarning[0m: unused import 'std.process.*'  [36m==>[0m /tmp/tmp8fne4kep.cj:3:1:   [36m| [0m [36m3[0m [36m| [0mimport std.process.*[0m   [36m| [0m[33m^^^^^^^^^^^^^^^^^^^^ unused import[0m   [36m| [0m   [36m#[0m [0mnote
jansi.*,jansi.src.main.org.fusesource.jansi.internal.MingwSupport.json,34-137:MingwSupport,method,69-86:getConsoleName,body_types,String,String,String,True,True,2026-05-21 16:23:21,
jansi.*,jansi.src.main.org.fusesource.jansi.internal.MingwSupport.json,34-137:MingwSupport,method,69-86:getConsoleName,body_types,Throwable,Throwable,Exception,True,True,2026-05-21 16:23:21,
jansi.*,jansi.src.main.org.fusesource.jansi.internal.MingwSupport.json,34-137:MingwSupport,method,69-86:getConsoleName,parameters,|boolean|stdout,boolean,Bool,True,True,2026-05-21 16:23:14,
jansi.*,jansi.src.main.org.fusesource.jansi.internal.MingwSupport.json,34-137:MingwSupport,method,88-103:getTerminalWidth,return_types,int,int,Int64,True,True,2026-05-21 16:23:24,
jansi.*,jansi.src.main.org.fusesource.jansi.internal.MingwSupport.json,34-137:MingwSupport,method,88-103:getTerminalWidth,body_types,Process,Process,Any,True,True,2026-05-21 16:23:31,"Cangjie compilation error: [31merror[0m: expected declaration, found 'from'  [36m==>[0m /tmp/tmp5ly_b96s.cj:3:1:   [36m| [0m [36m3[0m [36m| [0mfrom std.process import Process[0m   [36m| [0m[31m^^^^ expected declaration here[0m   [36m| [0m   [36m#[0m [0mnote[0m: only declarations or macro expressions can be used in the top-level  1 error generated, 1 error printed. "
jansi.*,jansi.src.main.org.fusesource.jansi.internal.MingwSupport.json,34-137:MingwSupport,method,88-103:getTerminalWidth,body_types,ProcessBuilder,ProcessBuilder,Any,True,True,2026-05-21 16:23:38,Cangjie compilation error: [31merror[0m: undeclared type name 'ProcessBuilder'   [36m==>[0m /tmp/tmpvgojvdyh.cj:58:20:    [36m| [0m [36m58[0m [36m| [0m    let _test_val: ProcessBuilder[0m    [36m| [0m                   [31m^ [0m    [36m| [0m  [33mwarning[0m: unused import 'std.process.*'  [36m==>[0m /tmp/tmpvgojvdyh.cj:3:1:   [36m| [0m [36m3[0m [36m| [0mimport std.process.*[0m   [36m| [0m[33m^^^^^^^^^^^^^^^^^^^^ unused import[0m   [36m| [0m   [36m#[0m [0mnote
jansi.*,jansi.src.main.org.fusesource.jansi.internal.MingwSupport.json,34-137:MingwSupport,method,88-103:getTerminalWidth,body_types,String,String,String,True,True,2026-05-21 16:23:38,
jansi.*,jansi.src.main.org.fusesource.jansi.internal.MingwSupport.json,34-137:MingwSupport,method,88-103:getTerminalWidth,body_types,IOException,IOException,IOException,True,True,2026-05-21 16:23:44,"Cangjie compilation error: [31merror[0m: expected declaration, found 'from'  [36m==>[0m /tmp/tmpgoel3vfl.cj:3:1:   [36m| [0m [36m3[0m [36m| [0mfrom std.io import IOException[0m   [36m| [0m[31m^^^^ expected declaration here[0m   [36m| [0m   [36m#[0m [0mnote[0m: only declarations or macro expressions can be used in the top-level  1 error generated, 1 error printed. "
jansi.*,jansi.src.main.org.fusesource.jansi.internal.MingwSupport.json,34-137:MingwSupport,method,88-103:getTerminalWidth,body_types,Matcher,Matcher,Regex,True,True,2026-05-21 16:23:46,
jansi.*,jansi.src.main.org.fusesource.jansi.internal.MingwSupport.json,34-137:MingwSupport,method,88-103:getTerminalWidth,body_types,Exception,Exception,Exception,True,True,2026-05-21 16:23:48,
jansi.*,jansi.src.main.org.fusesource.jansi.internal.MingwSupport.json,34-137:MingwSupport,method,88-103:getTerminalWidth,body_types,RuntimeException,RuntimeException,Exception,True,True,2026-05-21 16:23:51,
jansi.*,jansi.src.main.org.fusesource.jansi.internal.MingwSupport.json,34-137:MingwSupport,method,88-103:getTerminalWidth,parameters,|String|name,String,String,True,True,2026-05-21 16:23:24,
jansi.*,jansi.src.main.org.fusesource.jansi.internal.MingwSupport.json,34-137:MingwSupport,method,105-119:waitAndCapture,return_types,String,String,String,True,True,2026-05-21 16:23:53,
jansi.*,jansi.src.main.org.fusesource.jansi.internal.MingwSupport.json,34-137:MingwSupport,method,105-119:waitAndCapture,body_types,ByteArrayOutputStream,ByteArrayOutputStream,Any,True,True,2026-05-21 16:24:00,"Cangjie compilation error: [31merror[0m: expected declaration, found 'from'  [36m==>[0m /tmp/tmpntiv8dx9.cj:3:1:   [36m| [0m [36m3[0m [36m| [0mfrom std import io[0m   [36m| [0m[31m^^^^ expected declaration here[0m   [36m| [0m   [36m#[0m [0mnote[0m: only declarations or macro expressions can be used in the top-level  1 error generated, 1 error printed. "
jansi.*,jansi.src.main.org.fusesource.jansi.internal.MingwSupport.json,34-137:MingwSupport,method,105-119:waitAndCapture,body_types,InputStream,InputStream,InputStream,True,True,2026-05-21 16:24:00,
jansi.*,jansi.src.main.org.fusesource.jansi.internal.MingwSupport.json,34-137:MingwSupport,method,105-119:waitAndCapture,body_types,int,int,Int64,True,True,2026-05-21 16:24:00,
jansi.*,jansi.src.main.org.fusesource.jansi.internal.MingwSupport.json,34-137:MingwSupport,method,105-119:waitAndCapture,parameters,|Process|p,Process,Any,True,True,2026-05-21 16:23:53,
jansi.*,jansi.src.main.org.fusesource.jansi.internal.MingwSupport.json,34-137:MingwSupport,method,124-136:getRedirect,return_types,ProcessBuilder.Redirect,ProcessBuilder.Redirect,Any,True,True,2026-05-21 16:24:09,"Cangjie compilation error: [31merror[0m: expected declaration, found 'from'  [36m==>[0m /tmp/tmponotnlqj.cj:3:1:   [36m| [0m [36m3[0m [36m| [0mfrom std.process import ProcessBuilder[0m   [36m| [0m[31m^^^^ expected declaration here[0m   [36m| [0m   [36m#[0m [0mnote[0m: only declarations or macro expressions can be used in the top-level  1 error generated, 1 error printed. "
jansi.*,jansi.src.main.org.fusesource.jansi.internal.MingwSupport.json,34-137:MingwSupport,method,124-136:getRedirect,body_types,Class<?>,Class<?>,TypeInfo,True,True,2026-05-21 16:24:18,"Cangjie compilation error: [31merror[0m: undeclared type name 'Type'   [36m==>[0m /tmp/tmpvuzin2y7.cj:58:20:    [36m| [0m [36m58[0m [36m| [0m    let _test_val: Type[0m    [36m| [0m                   [31m^ [0m    [36m| [0m  1 error generated, 1 error printed. "
jansi.*,jansi.src.main.org.fusesource.jansi.internal.MingwSupport.json,34-137:MingwSupport,method,124-136:getRedirect,body_types,Constructor<?>,Constructor<?>,Constructor,True,True,2026-05-21 16:24:21,
jansi.*,jansi.src.main.org.fusesource.jansi.internal.MingwSupport.json,34-137:MingwSupport,method,124-136:getRedirect,body_types,ProcessBuilder.Redirect,ProcessBuilder.Redirect,Any,True,True,2026-05-21 16:24:32,"Cangjie compilation error: [31merror[0m: expected declaration, found 'from'  [36m==>[0m /tmp/tmp23lit105.cj:3:1:   [36m| [0m [36m3[0m [36m| [0mfrom std.process import ProcessBuilder[0m   [36m| [0m[31m^^^^ expected declaration here[0m   [36m| [0m   [36m#[0m [0mnote[0m: only declarations or macro expressions can be used in the top-level  1 error generated, 1 error printed. "
jansi.*,jansi.src.main.org.fusesource.jansi.internal.MingwSupport.json,34-137:MingwSupport,method,124-136:getRedirect,body_types,ProcessBuilder,ProcessBuilder,Any,True,True,2026-05-21 16:24:44,"Cangjie compilation error: [31merror[0m: expected type name after ':', found keyword 'class'   [36m==>[0m /tmp/tmpp1y0xs7f.cj:58:20:    [36m| [0m [36m58[0m [36m| [0m    let _test_val: class ProcessBuilder {[0m    [36m| [0m                 [36m~[0m [31m^^^^^ expected type name here[0m    [36m| [0m                 [36m|[0m    [36m| [0m                 [36mafter ':'[0m    [36m| [0m  1 error generated, 1 error printed. "
jansi.*,jansi.src.main.org.fusesource.jansi.internal.MingwSupport.json,34-137:MingwSupport,method,124-136:getRedirect,body_types,Redirect,Redirect,Any,True,True,2026-05-21 16:24:51,"Cangjie compilation error: [31merror[0m: expected type name after ':', found keyword 'class'   [36m==>[0m /tmp/tmpk_qsl0ac.cj:58:20:    [36m| [0m [36m58[0m [36m| [0m    let _test_val: class Redirect {[0m    [36m| [0m                 [36m~[0m [31m^^^^^ expected type name here[0m    [36m| [0m                 [36m|[0m    [36m| [0m                 [36mafter ':'[0m    [36m| [0m  1 error generated, 1 error printed. "
jansi.*,jansi.src.main.org.fusesource.jansi.internal.MingwSupport.json,34-137:MingwSupport,method,124-136:getRedirect,body_types,Field,Field,InstancePropertyInfo,True,True,2026-05-21 16:24:51,
jansi.*,jansi.src.main.org.fusesource.jansi.internal.MingwSupport.json,34-137:MingwSupport,method,124-136:getRedirect,parameters,|FileDescriptor|fd,FileDescriptor,FileDescriptor,True,True,2026-05-21 16:24:09,
jansi.*,jansi.src.main.org.fusesource.jansi.internal.OSInfo.json,46-229:OSInfo,field,48-48:X86,types,String,String,String,True,True,2026-05-21 16:20:04,
jansi.*,jansi.src.main.org.fusesource.jansi.internal.OSInfo.json,46-229:OSInfo,field,49-49:X86_64,types,String,String,String,True,True,2026-05-21 16:20:04,
jansi.*,jansi.src.main.org.fusesource.jansi.internal.OSInfo.json,46-229:OSInfo,field,50-50:IA64_32,types,String,String,String,True,True,2026-05-21 16:20:04,
jansi.*,jansi.src.main.org.fusesource.jansi.internal.OSInfo.json,46-229:OSInfo,field,51-51:IA64,types,String,String,String,True,True,2026-05-21 16:20:04,
jansi.*,jansi.src.main.org.fusesource.jansi.internal.OSInfo.json,46-229:OSInfo,field,52-52:PPC,types,String,String,String,True,True,2026-05-21 16:20:04,
jansi.*,jansi.src.main.org.fusesource.jansi.internal.OSInfo.json,46-229:OSInfo,field,53-53:PPC64,types,String,String,String,True,True,2026-05-21 16:20:04,
jansi.*,jansi.src.main.org.fusesource.jansi.internal.OSInfo.json,46-229:OSInfo,field,54-54:ARM64,types,String,String,String,True,True,2026-05-21 16:20:04,
jansi.*,jansi.src.main.org.fusesource.jansi.internal.OSInfo.json,46-229:OSInfo,field,56-56:archMapping,types,"HashMap<String, String>","HashMap<String, String>","HashMap<String, String>",True,True,2026-05-21 16:20:04,
jansi.*,jansi.src.main.org.fusesource.jansi.internal.OSInfo.json,46-229:OSInfo,method,99-111:main,return_types,void,void,Unit,True,True,2026-05-21 16:20:06,
jansi.*,jansi.src.main.org.fusesource.jansi.internal.OSInfo.json,46-229:OSInfo,method,99-111:main,parameters,|String[]|args,String[],Array<String>,True,True,2026-05-21 16:20:06,
jansi.*,jansi.src.main.org.fusesource.jansi.internal.OSInfo.json,46-229:OSInfo,method,113-115:getNativeLibFolderPathForCurrentOS,return_types,String,String,String,True,True,2026-05-21 16:20:08,
jansi.*,jansi.src.main.org.fusesource.jansi.internal.OSInfo.json,46-229:OSInfo,method,117-119:getOSName,return_types,String,String,String,True,True,2026-05-21 16:20:08,
jansi.*,jansi.src.main.org.fusesource.jansi.internal.OSInfo.json,46-229:OSInfo,method,121-123:isAndroid,return_types,boolean,boolean,Bool,True,True,2026-05-21 16:20:08,
jansi.*,jansi.src.main.org.fusesource.jansi.internal.OSInfo.json,46-229:OSInfo,method,125-136:isAlpine,return_types,boolean,boolean,Bool,True,True,2026-05-21 16:20:08,
jansi.*,jansi.src.main.org.fusesource.jansi.internal.OSInfo.json,46-229:OSInfo,method,125-136:isAlpine,body_types,String,String,String,True,True,2026-05-21 16:20:08,
jansi.*,jansi.src.main.org.fusesource.jansi.internal.OSInfo.json,46-229:OSInfo,method,125-136:isAlpine,body_types,Throwable,Throwable,Exception,True,True,2026-05-21 16:20:08,
jansi.*,jansi.src.main.org.fusesource.jansi.internal.OSInfo.json,46-229:OSInfo,method,138-153:getHardwareName,return_types,String,String,String,True,True,2026-05-21 16:20:10,
jansi.*,jansi.src.main.org.fusesource.jansi.internal.OSInfo.json,46-229:OSInfo,method,138-153:getHardwareName,body_types,Process,Process,Any,True,True,2026-05-21 16:20:10,
jansi.*,jansi.src.main.org.fusesource.jansi.internal.OSInfo.json,46-229:OSInfo,method,138-153:getHardwareName,body_types,InputStream,InputStream,InputStream,True,True,2026-05-21 16:20:12,
jansi.*,jansi.src.main.org.fusesource.jansi.internal.OSInfo.json,46-229:OSInfo,method,138-153:getHardwareName,body_types,Throwable,Throwable,Exception,True,True,2026-05-21 16:20:12,
jansi.*,jansi.src.main.org.fusesource.jansi.internal.OSInfo.json,46-229:OSInfo,method,155-163:readFully,return_types,String,String,String,True,True,2026-05-21 16:20:15,
jansi.*,jansi.src.main.org.fusesource.jansi.internal.OSInfo.json,46-229:OSInfo,method,155-163:readFully,body_types,int,int,Int64,True,True,2026-05-21 16:20:15,
jansi.*,jansi.src.main.org.fusesource.jansi.internal.OSInfo.json,46-229:OSInfo,method,155-163:readFully,body_types,ByteArrayOutputStream,ByteArrayOutputStream,Any,True,True,2026-05-21 16:20:22,"Cangjie compilation error: [31merror[0m: expected declaration, found 'from'  [36m==>[0m /tmp/tmpbb0zpwls.cj:3:1:   [36m| [0m [36m3[0m [36m| [0mfrom std import io[0m   [36m| [0m[31m^^^^ expected declaration here[0m   [36m| [0m   [36m#[0m [0mnote[0m: only declarations or macro expressions can be used in the top-level  1 error generated, 1 error printed. "
jansi.*,jansi.src.main.org.fusesource.jansi.internal.OSInfo.json,46-229:OSInfo,method,155-163:readFully,body_types,byte[],byte[],Array<Byte>,True,True,2026-05-21 16:20:22,
jansi.*,jansi.src.main.org.fusesource.jansi.internal.OSInfo.json,46-229:OSInfo,method,155-163:readFully,body_types,byte,byte,Int8,True,True,2026-05-21 16:20:24,
jansi.*,jansi.src.main.org.fusesource.jansi.internal.OSInfo.json,46-229:OSInfo,method,155-163:readFully,parameters,|InputStream|in__,InputStream,InputStream,True,True,2026-05-21 16:20:15,
jansi.*,jansi.src.main.org.fusesource.jansi.internal.OSInfo.json,46-229:OSInfo,method,165-192:resolveArmArchType,return_types,String,String,String,True,True,2026-05-21 16:20:24,
jansi.*,jansi.src.main.org.fusesource.jansi.internal.OSInfo.json,46-229:OSInfo,method,165-192:resolveArmArchType,body_types,String,String,String,True,True,2026-05-21 16:20:24,
jansi.*,jansi.src.main.org.fusesource.jansi.internal.OSInfo.json,46-229:OSInfo,method,194-208:getArchName,return_types,String,String,String,True,True,2026-05-21 16:20:24,
jansi.*,jansi.src.main.org.fusesource.jansi.internal.OSInfo.json,46-229:OSInfo,method,194-208:getArchName,body_types,String,String,String,True,True,2026-05-21 16:20:24,
jansi.*,jansi.src.main.org.fusesource.jansi.internal.OSInfo.json,46-229:OSInfo,method,210-224:translateOSNameToFolderName,return_types,String,String,String,True,True,2026-05-21 16:20:24,
jansi.*,jansi.src.main.org.fusesource.jansi.internal.OSInfo.json,46-229:OSInfo,method,210-224:translateOSNameToFolderName,parameters,|String|osName,String,String,True,True,2026-05-21 16:20:24,
jansi.*,jansi.src.main.org.fusesource.jansi.internal.OSInfo.json,46-229:OSInfo,method,226-228:translateArchNameToFolderName,return_types,String,String,String,True,True,2026-05-21 16:20:24,
jansi.*,jansi.src.main.org.fusesource.jansi.internal.OSInfo.json,46-229:OSInfo,method,226-228:translateArchNameToFolderName,parameters,|String|archName,String,String,True,True,2026-05-21 16:20:24,
jansi.*,jansi.src.main.org.fusesource.jansi.io.AnsiOutputStream.json,41-359:AnsiOutputStream,field,43-43:RESET_CODE,types,byte[],byte[],Array<Byte>,True,True,2026-05-21 16:32:49,
jansi.*,jansi.src.main.org.fusesource.jansi.io.AnsiOutputStream.json,41-359:AnsiOutputStream,field,62-62:LOOKING_FOR_FIRST_ESC_CHAR,types,int,int,Int64,True,True,2026-05-21 16:32:51,
jansi.*,jansi.src.main.org.fusesource.jansi.io.AnsiOutputStream.json,41-359:AnsiOutputStream,field,63-63:LOOKING_FOR_SECOND_ESC_CHAR,types,int,int,Int64,True,True,2026-05-21 16:32:51,
jansi.*,jansi.src.main.org.fusesource.jansi.io.AnsiOutputStream.json,41-359:AnsiOutputStream,field,64-64:LOOKING_FOR_NEXT_ARG,types,int,int,Int64,True,True,2026-05-21 16:32:51,
jansi.*,jansi.src.main.org.fusesource.jansi.io.AnsiOutputStream.json,41-359:AnsiOutputStream,field,65-65:LOOKING_FOR_STR_ARG_END,types,int,int,Int64,True,True,2026-05-21 16:32:51,
jansi.*,jansi.src.main.org.fusesource.jansi.io.AnsiOutputStream.json,41-359:AnsiOutputStream,field,66-66:LOOKING_FOR_INT_ARG_END,types,int,int,Int64,True,True,2026-05-21 16:32:51,
jansi.*,jansi.src.main.org.fusesource.jansi.io.AnsiOutputStream.json,41-359:AnsiOutputStream,field,67-67:LOOKING_FOR_OSC_COMMAND,types,int,int,Int64,True,True,2026-05-21 16:32:51,
jansi.*,jansi.src.main.org.fusesource.jansi.io.AnsiOutputStream.json,41-359:AnsiOutputStream,field,68-68:LOOKING_FOR_OSC_COMMAND_END,types,int,int,Int64,True,True,2026-05-21 16:32:51,
jansi.*,jansi.src.main.org.fusesource.jansi.io.AnsiOutputStream.json,41-359:AnsiOutputStream,field,69-69:LOOKING_FOR_OSC_PARAM,types,int,int,Int64,True,True,2026-05-21 16:32:51,
jansi.*,jansi.src.main.org.fusesource.jansi.io.AnsiOutputStream.json,41-359:AnsiOutputStream,field,70-70:LOOKING_FOR_ST,types,int,int,Int64,True,True,2026-05-21 16:32:51,
jansi.*,jansi.src.main.org.fusesource.jansi.io.AnsiOutputStream.json,41-359:AnsiOutputStream,field,71-71:LOOKING_FOR_CHARSET,types,int,int,Int64,True,True,2026-05-21 16:32:51,
jansi.*,jansi.src.main.org.fusesource.jansi.io.AnsiOutputStream.json,41-359:AnsiOutputStream,field,73-73:FIRST_ESC_CHAR,types,int,int,Int64,True,True,2026-05-21 16:32:51,
jansi.*,jansi.src.main.org.fusesource.jansi.io.AnsiOutputStream.json,41-359:AnsiOutputStream,field,74-74:SECOND_ESC_CHAR,types,int,int,Int64,True,True,2026-05-21 16:32:51,
jansi.*,jansi.src.main.org.fusesource.jansi.io.AnsiOutputStream.json,41-359:AnsiOutputStream,field,75-75:SECOND_OSC_CHAR,types,int,int,Int64,True,True,2026-05-21 16:32:51,
jansi.*,jansi.src.main.org.fusesource.jansi.io.AnsiOutputStream.json,41-359:AnsiOutputStream,field,76-76:BEL,types,int,int,Int64,True,True,2026-05-21 16:32:51,
jansi.*,jansi.src.main.org.fusesource.jansi.io.AnsiOutputStream.json,41-359:AnsiOutputStream,field,77-77:SECOND_ST_CHAR,types,int,int,Int64,True,True,2026-05-21 16:32:51,
jansi.*,jansi.src.main.org.fusesource.jansi.io.AnsiOutputStream.json,41-359:AnsiOutputStream,field,78-78:SECOND_CHARSET0_CHAR,types,int,int,Int64,True,True,2026-05-21 16:32:51,
jansi.*,jansi.src.main.org.fusesource.jansi.io.AnsiOutputStream.json,41-359:AnsiOutputStream,field,79-79:SECOND_CHARSET1_CHAR,types,int,int,Int64,True,True,2026-05-21 16:32:51,
jansi.*,jansi.src.main.org.fusesource.jansi.io.AnsiOutputStream.json,41-359:AnsiOutputStream,field,81-81:ap,types,AnsiProcessor,AnsiProcessor,AnsiProcessor,True,True,2026-05-21 16:32:51,
jansi.*,jansi.src.main.org.fusesource.jansi.io.AnsiOutputStream.json,41-359:AnsiOutputStream,field,82-82:MAX_ESCAPE_SEQUENCE_LENGTH,types,int,int,Int64,True,True,2026-05-21 16:32:51,
jansi.*,jansi.src.main.org.fusesource.jansi.io.AnsiOutputStream.json,41-359:AnsiOutputStream,field,83-83:buffer,types,byte[],byte[],Array<Byte>,True,True,2026-05-21 16:32:51,
jansi.*,jansi.src.main.org.fusesource.jansi.io.AnsiOutputStream.json,41-359:AnsiOutputStream,field,84-84:pos,types,int,int,Int64,True,True,2026-05-21 16:32:53,
jansi.*,jansi.src.main.org.fusesource.jansi.io.AnsiOutputStream.json,41-359:AnsiOutputStream,field,85-85:startOfValue,types,int,int,Int64,True,True,2026-05-21 16:32:53,
jansi.*,jansi.src.main.org.fusesource.jansi.io.AnsiOutputStream.json,41-359:AnsiOutputStream,field,86-86:options,types,ArrayList<Object>,ArrayList<Object>,ArrayList<Object>,True,True,2026-05-21 16:32:53,
jansi.*,jansi.src.main.org.fusesource.jansi.io.AnsiOutputStream.json,41-359:AnsiOutputStream,field,87-87:state,types,int,int,Int64,True,True,2026-05-21 16:32:56,
jansi.*,jansi.src.main.org.fusesource.jansi.io.AnsiOutputStream.json,41-359:AnsiOutputStream,field,88-88:cs,types,Charset,Charset,Any,True,True,2026-05-21 16:33:02,"Cangjie compilation error: [31merror[0m: 'encoding' is not accessible in package 'std'  [36m==>[0m /tmp/tmp3umpxblr.cj:3:8:   [36m| [0m [36m3[0m [36m| [0mimport std.encoding[0m   [36m| [0m       [31m^^^^^^^^^^^^ [0m   [36m| [0m  1 error generated, 1 error printed. "
jansi.*,jansi.src.main.org.fusesource.jansi.io.AnsiOutputStream.json,41-359:AnsiOutputStream,field,90-90:width,types,AnsiOutputStream_WidthSupplier,AnsiOutputStream_WidthSupplier,AnsiOutputStream_WidthSupplier,True,True,2026-05-21 16:33:02,
jansi.*,jansi.src.main.org.fusesource.jansi.io.AnsiOutputStream.json,41-359:AnsiOutputStream,field,91-91:processor,types,AnsiProcessor,AnsiProcessor,AnsiProcessor,True,True,2026-05-21 16:33:02,
jansi.*,jansi.src.main.org.fusesource.jansi.io.AnsiOutputStream.json,41-359:AnsiOutputStream,field,92-92:type__,types,AnsiType,AnsiType,AnsiType,True,True,2026-05-21 16:33:02,
jansi.*,jansi.src.main.org.fusesource.jansi.io.AnsiOutputStream.json,41-359:AnsiOutputStream,field,93-93:colors,types,AnsiColors,AnsiColors,AnsiColors,True,True,2026-05-21 16:33:02,
jansi.*,jansi.src.main.org.fusesource.jansi.io.AnsiOutputStream.json,41-359:AnsiOutputStream,field,94-94:installer,types,AnsiOutputStream_IoRunnable,AnsiOutputStream_IoRunnable,AnsiOutputStream_IoRunnable,True,True,2026-05-21 16:33:02,
jansi.*,jansi.src.main.org.fusesource.jansi.io.AnsiOutputStream.json,41-359:AnsiOutputStream,field,95-95:uninstaller,types,AnsiOutputStream_IoRunnable,AnsiOutputStream_IoRunnable,AnsiOutputStream_IoRunnable,True,True,2026-05-21 16:33:02,
jansi.*,jansi.src.main.org.fusesource.jansi.io.AnsiOutputStream.json,41-359:AnsiOutputStream,field,96-96:mode,types,AnsiMode,AnsiMode,AnsiMode,True,True,2026-05-21 16:33:02,
jansi.*,jansi.src.main.org.fusesource.jansi.io.AnsiOutputStream.json,41-359:AnsiOutputStream,field,97-97:resetAtUninstall,types,boolean,boolean,Bool,True,True,2026-05-21 16:33:02,
jansi.*,jansi.src.main.org.fusesource.jansi.io.AnsiOutputStream.json,41-359:AnsiOutputStream,method,99-120:AnsiOutputStream,parameters,|OutputStream|os,OutputStream,OutputStream,True,True,2026-05-21 16:33:02,
jansi.*,jansi.src.main.org.fusesource.jansi.io.AnsiOutputStream.json,41-359:AnsiOutputStream,method,99-120:AnsiOutputStream,parameters,|AnsiOutputStream_WidthSupplier|width,AnsiOutputStream_WidthSupplier,AnsiOutputStream_WidthSupplier,True,True,2026-05-21 16:33:02,
jansi.*,jansi.src.main.org.fusesource.jansi.io.AnsiOutputStream.json,41-359:AnsiOutputStream,method,99-120:AnsiOutputStream,parameters,|AnsiMode|mode,AnsiMode,AnsiMode,True,True,2026-05-21 16:33:02,
jansi.*,jansi.src.main.org.fusesource.jansi.io.AnsiOutputStream.json,41-359:AnsiOutputStream,method,99-120:AnsiOutputStream,parameters,|AnsiProcessor|processor,AnsiProcessor,AnsiProcessor,True,True,2026-05-21 16:33:02,
jansi.*,jansi.src.main.org.fusesource.jansi.io.AnsiOutputStream.json,41-359:AnsiOutputStream,method,99-120:AnsiOutputStream,parameters,|AnsiType|type__,AnsiType,AnsiType,True,True,2026-05-21 16:33:02,
jansi.*,jansi.src.main.org.fusesource.jansi.io.AnsiOutputStream.json,41-359:AnsiOutputStream,method,99-120:AnsiOutputStream,parameters,|AnsiColors|colors,AnsiColors,AnsiColors,True,True,2026-05-21 16:33:02,
jansi.*,jansi.src.main.org.fusesource.jansi.io.AnsiOutputStream.json,41-359:AnsiOutputStream,method,99-120:AnsiOutputStream,parameters,|Charset|cs,Charset,Any,True,True,2026-05-21 16:33:08,"Cangjie compilation error: [31merror[0m: expected declaration, found 'from'  [36m==>[0m /tmp/tmpt2q8upq8.cj:3:1:   [36m| [0m [36m3[0m [36m| [0mfrom std.encoding import Charset[0m   [36m| [0m[31m^^^^ expected declaration here[0m   [36m| [0m   [36m#[0m [0mnote[0m: only declarations or macro expressions can be used in the top-level  1 error generated, 1 error printed. "
jansi.*,jansi.src.main.org.fusesource.jansi.io.AnsiOutputStream.json,41-359:AnsiOutputStream,method,99-120:AnsiOutputStream,parameters,|AnsiOutputStream_IoRunnable|installer,AnsiOutputStream_IoRunnable,AnsiOutputStream_IoRunnable,True,True,2026-05-21 16:33:08,
jansi.*,jansi.src.main.org.fusesource.jansi.io.AnsiOutputStream.json,41-359:AnsiOutputStream,method,99-120:AnsiOutputStream,parameters,|AnsiOutputStream_IoRunnable|uninstaller,AnsiOutputStream_IoRunnable,AnsiOutputStream_IoRunnable,True,True,2026-05-21 16:33:08,
jansi.*,jansi.src.main.org.fusesource.jansi.io.AnsiOutputStream.json,41-359:AnsiOutputStream,method,99-120:AnsiOutputStream,parameters,|boolean|resetAtUninstall,boolean,Bool,True,True,2026-05-21 16:33:08,
jansi.*,jansi.src.main.org.fusesource.jansi.io.AnsiOutputStream.json,41-359:AnsiOutputStream,method,122-124:getTerminalWidth,return_types,int,int,Int64,True,True,2026-05-21 16:33:08,
jansi.*,jansi.src.main.org.fusesource.jansi.io.AnsiOutputStream.json,41-359:AnsiOutputStream,method,126-128:getType,return_types,AnsiType,AnsiType,AnsiType,True,True,2026-05-21 16:33:08,
jansi.*,jansi.src.main.org.fusesource.jansi.io.AnsiOutputStream.json,41-359:AnsiOutputStream,method,130-132:getColors,return_types,AnsiColors,AnsiColors,AnsiColors,True,True,2026-05-21 16:33:08,
jansi.*,jansi.src.main.org.fusesource.jansi.io.AnsiOutputStream.json,41-359:AnsiOutputStream,method,134-136:getMode,return_types,AnsiMode,AnsiMode,AnsiMode,True,True,2026-05-21 16:33:08,
jansi.*,jansi.src.main.org.fusesource.jansi.io.AnsiOutputStream.json,41-359:AnsiOutputStream,method,138-143:setMode,return_types,void,void,Unit,True,True,2026-05-21 16:33:08,
jansi.*,jansi.src.main.org.fusesource.jansi.io.AnsiOutputStream.json,41-359:AnsiOutputStream,method,138-143:setMode,body_types,AnsiProcessor,AnsiProcessor,AnsiProcessor,True,True,2026-05-21 16:33:08,
jansi.*,jansi.src.main.org.fusesource.jansi.io.AnsiOutputStream.json,41-359:AnsiOutputStream,method,138-143:setMode,body_types,ColorsAnsiProcessor,ColorsAnsiProcessor,ColorsAnsiProcessor,True,True,2026-05-21 16:33:08,
jansi.*,jansi.src.main.org.fusesource.jansi.io.AnsiOutputStream.json,41-359:AnsiOutputStream,method,138-143:setMode,parameters,|AnsiMode|mode,AnsiMode,AnsiMode,True,True,2026-05-21 16:33:08,
jansi.*,jansi.src.main.org.fusesource.jansi.io.AnsiOutputStream.json,41-359:AnsiOutputStream,method,145-147:isResetAtUninstall,return_types,boolean,boolean,Bool,True,True,2026-05-21 16:33:08,
jansi.*,jansi.src.main.org.fusesource.jansi.io.AnsiOutputStream.json,41-359:AnsiOutputStream,method,149-151:setResetAtUninstall,return_types,void,void,Unit,True,True,2026-05-21 16:33:08,
jansi.*,jansi.src.main.org.fusesource.jansi.io.AnsiOutputStream.json,41-359:AnsiOutputStream,method,149-151:setResetAtUninstall,parameters,|boolean|resetAtUninstall,boolean,Bool,True,True,2026-05-21 16:33:08,
jansi.*,jansi.src.main.org.fusesource.jansi.io.AnsiOutputStream.json,41-359:AnsiOutputStream,method,156-293:write,return_types,void,void,Unit,True,True,2026-05-21 16:33:08,
jansi.*,jansi.src.main.org.fusesource.jansi.io.AnsiOutputStream.json,41-359:AnsiOutputStream,method,156-293:write,body_types,byte,byte,Int8,True,True,2026-05-21 16:33:08,
jansi.*,jansi.src.main.org.fusesource.jansi.io.AnsiOutputStream.json,41-359:AnsiOutputStream,method,156-293:write,body_types,String,String,String,True,True,2026-05-21 16:33:08,
jansi.*,jansi.src.main.org.fusesource.jansi.io.AnsiOutputStream.json,41-359:AnsiOutputStream,method,156-293:write,body_types,Integer,Integer,Int64,True,True,2026-05-21 16:33:08,
jansi.*,jansi.src.main.org.fusesource.jansi.io.AnsiOutputStream.json,41-359:AnsiOutputStream,method,156-293:write,body_types,char,char,Rune,True,True,2026-05-21 16:33:08,
jansi.*,jansi.src.main.org.fusesource.jansi.io.AnsiOutputStream.json,41-359:AnsiOutputStream,method,156-293:write,parameters,|int|data,int,Int64,True,True,2026-05-21 16:33:08,
jansi.*,jansi.src.main.org.fusesource.jansi.io.AnsiOutputStream.json,41-359:AnsiOutputStream,method,295-302:processCharsetSelect,return_types,void,void,Unit,True,True,2026-05-21 16:33:08,
jansi.*,jansi.src.main.org.fusesource.jansi.io.AnsiOutputStream.json,41-359:AnsiOutputStream,method,295-302:processCharsetSelect,body_types,RuntimeException,RuntimeException,Exception,True,True,2026-05-21 16:33:08,
jansi.*,jansi.src.main.org.fusesource.jansi.io.AnsiOutputStream.json,41-359:AnsiOutputStream,method,304-311:processOperatingSystemCommand,return_types,void,void,Unit,True,True,2026-05-21 16:33:10,
jansi.*,jansi.src.main.org.fusesource.jansi.io.AnsiOutputStream.json,41-359:AnsiOutputStream,method,304-311:processOperatingSystemCommand,body_types,RuntimeException,RuntimeException,Exception,True,True,2026-05-21 16:33:10,
jansi.*,jansi.src.main.org.fusesource.jansi.io.AnsiOutputStream.json,41-359:AnsiOutputStream,method,313-320:processEscapeCommand,return_types,void,void,Unit,True,True,2026-05-21 16:33:13,
jansi.*,jansi.src.main.org.fusesource.jansi.io.AnsiOutputStream.json,41-359:AnsiOutputStream,method,313-320:processEscapeCommand,body_types,RuntimeException,RuntimeException,Exception,True,True,2026-05-21 16:33:13,
jansi.*,jansi.src.main.org.fusesource.jansi.io.AnsiOutputStream.json,41-359:AnsiOutputStream,method,313-320:processEscapeCommand,parameters,|int|data,int,Int64,True,True,2026-05-21 16:33:13,
jansi.*,jansi.src.main.org.fusesource.jansi.io.AnsiOutputStream.json,41-359:AnsiOutputStream,method,327-335:reset,return_types,void,void,Unit,True,True,2026-05-21 16:33:15,
jansi.*,jansi.src.main.org.fusesource.jansi.io.AnsiOutputStream.json,41-359:AnsiOutputStream,method,327-335:reset,parameters,|boolean|skipBuffer,boolean,Bool,True,True,2026-05-21 16:33:15,
jansi.*,jansi.src.main.org.fusesource.jansi.io.AnsiOutputStream.json,41-359:AnsiOutputStream,method,337-341:install,return_types,void,void,Unit,True,True,2026-05-21 16:33:15,
jansi.*,jansi.src.main.org.fusesource.jansi.io.AnsiOutputStream.json,41-359:AnsiOutputStream,method,343-352:uninstall,return_types,void,void,Unit,True,True,2026-05-21 16:33:15,
jansi.*,jansi.src.main.org.fusesource.jansi.io.AnsiOutputStream.json,41-359:AnsiOutputStream,method,354-358:close,return_types,void,void,Unit,True,True,2026-05-21 16:33:15,
jansi.*,jansi.src.main.org.fusesource.jansi.io.AnsiOutputStream.json,45-48:AnsiOutputStream_IoRunnable,method,47-47:run,return_types,void,void,Unit,True,True,2026-05-21 16:33:15,
jansi.*,jansi.src.main.org.fusesource.jansi.io.AnsiOutputStream.json,50-53:AnsiOutputStream_WidthSupplier,method,52-52:getTerminalWidth,return_types,int,int,Int64,True,True,2026-05-21 16:33:15,
jansi.*,jansi.src.main.org.fusesource.jansi.io.AnsiOutputStream.json,55-60:AnsiOutputStream_ZeroWidthSupplier,method,56-59:getTerminalWidth,return_types,int,int,Int64,True,True,2026-05-21 16:33:15,
jansi.*,jansi.src.main.org.fusesource.jansi.io.AnsiProcessor.json,33-559:AnsiProcessor,field,35-35:os,types,OutputStream,OutputStream,OutputStream,True,True,2026-05-21 16:24:51,
jansi.*,jansi.src.main.org.fusesource.jansi.io.AnsiProcessor.json,33-559:AnsiProcessor,field,302-302:ERASE_SCREEN_TO_END,types,int,int,Int64,True,True,2026-05-21 16:24:51,
jansi.*,jansi.src.main.org.fusesource.jansi.io.AnsiProcessor.json,33-559:AnsiProcessor,field,303-303:ERASE_SCREEN_TO_BEGINING,types,int,int,Int64,True,True,2026-05-21 16:24:51,
jansi.*,jansi.src.main.org.fusesource.jansi.io.AnsiProcessor.json,33-559:AnsiProcessor,field,304-304:ERASE_SCREEN,types,int,int,Int64,True,True,2026-05-21 16:24:51,
jansi.*,jansi.src.main.org.fusesource.jansi.io.AnsiProcessor.json,33-559:AnsiProcessor,field,313-313:ERASE_LINE_TO_END,types,int,int,Int64,True,True,2026-05-21 16:24:51,
jansi.*,jansi.src.main.org.fusesource.jansi.io.AnsiProcessor.json,33-559:AnsiProcessor,field,314-314:ERASE_LINE_TO_BEGINING,types,int,int,Int64,True,True,2026-05-21 16:24:51,
jansi.*,jansi.src.main.org.fusesource.jansi.io.AnsiProcessor.json,33-559:AnsiProcessor,field,315-315:ERASE_LINE,types,int,int,Int64,True,True,2026-05-21 16:24:51,
jansi.*,jansi.src.main.org.fusesource.jansi.io.AnsiProcessor.json,33-559:AnsiProcessor,field,324-324:ATTRIBUTE_INTENSITY_BOLD,types,int,int,Int64,True,True,2026-05-21 16:24:51,
jansi.*,jansi.src.main.org.fusesource.jansi.io.AnsiProcessor.json,33-559:AnsiProcessor,field,325-325:ATTRIBUTE_INTENSITY_FAINT,types,int,int,Int64,True,True,2026-05-21 16:24:51,
jansi.*,jansi.src.main.org.fusesource.jansi.io.AnsiProcessor.json,33-559:AnsiProcessor,field,326-326:ATTRIBUTE_ITALIC,types,int,int,Int64,True,True,2026-05-21 16:24:51,
jansi.*,jansi.src.main.org.fusesource.jansi.io.AnsiProcessor.json,33-559:AnsiProcessor,field,327-327:ATTRIBUTE_UNDERLINE,types,int,int,Int64,True,True,2026-05-21 16:24:51,
jansi.*,jansi.src.main.org.fusesource.jansi.io.AnsiProcessor.json,33-559:AnsiProcessor,field,328-328:ATTRIBUTE_BLINK_SLOW,types,int,int,Int64,True,True,2026-05-21 16:24:51,
jansi.*,jansi.src.main.org.fusesource.jansi.io.AnsiProcessor.json,33-559:AnsiProcessor,field,329-329:ATTRIBUTE_BLINK_FAST,types,int,int,Int64,True,True,2026-05-21 16:24:51,
jansi.*,jansi.src.main.org.fusesource.jansi.io.AnsiProcessor.json,33-559:AnsiProcessor,field,330-331:ATTRIBUTE_NEGATIVE_ON,types,int,int,Int64,True,True,2026-05-21 16:24:51,
jansi.*,jansi.src.main.org.fusesource.jansi.io.AnsiProcessor.json,33-559:AnsiProcessor,field,332-332:ATTRIBUTE_CONCEAL_ON,types,int,int,Int64,True,True,2026-05-21 16:24:51,
jansi.*,jansi.src.main.org.fusesource.jansi.io.AnsiProcessor.json,33-559:AnsiProcessor,field,333-333:ATTRIBUTE_UNDERLINE_DOUBLE,types,int,int,Int64,True,True,2026-05-21 16:24:51,
jansi.*,jansi.src.main.org.fusesource.jansi.io.AnsiProcessor.json,33-559:AnsiProcessor,field,334-334:ATTRIBUTE_INTENSITY_NORMAL,types,int,int,Int64,True,True,2026-05-21 16:24:51,
jansi.*,jansi.src.main.org.fusesource.jansi.io.AnsiProcessor.json,33-559:AnsiProcessor,field,335-335:ATTRIBUTE_UNDERLINE_OFF,types,int,int,Int64,True,True,2026-05-21 16:24:51,
jansi.*,jansi.src.main.org.fusesource.jansi.io.AnsiProcessor.json,33-559:AnsiProcessor,field,336-336:ATTRIBUTE_BLINK_OFF,types,int,int,Int64,True,True,2026-05-21 16:24:51,
jansi.*,jansi.src.main.org.fusesource.jansi.io.AnsiProcessor.json,33-559:AnsiProcessor,field,337-337:ATTRIBUTE_NEGATIVE_OFF,types,int,int,Int64,True,True,2026-05-21 16:24:51,
jansi.*,jansi.src.main.org.fusesource.jansi.io.AnsiProcessor.json,33-559:AnsiProcessor,field,338-338:ATTRIBUTE_CONCEAL_OFF,types,int,int,Int64,True,True,2026-05-21 16:24:51,
jansi.*,jansi.src.main.org.fusesource.jansi.io.AnsiProcessor.json,33-559:AnsiProcessor,field,356-356:BLACK,types,int,int,Int64,True,True,2026-05-21 16:24:51,
jansi.*,jansi.src.main.org.fusesource.jansi.io.AnsiProcessor.json,33-559:AnsiProcessor,field,357-357:RED,types,int,int,Int64,True,True,2026-05-21 16:24:51,
jansi.*,jansi.src.main.org.fusesource.jansi.io.AnsiProcessor.json,33-559:AnsiProcessor,field,358-358:GREEN,types,int,int,Int64,True,True,2026-05-21 16:24:51,
jansi.*,jansi.src.main.org.fusesource.jansi.io.AnsiProcessor.json,33-559:AnsiProcessor,field,359-359:YELLOW,types,int,int,Int64,True,True,2026-05-21 16:24:51,
jansi.*,jansi.src.main.org.fusesource.jansi.io.AnsiProcessor.json,33-559:AnsiProcessor,field,360-360:BLUE,types,int,int,Int64,True,True,2026-05-21 16:24:51,
jansi.*,jansi.src.main.org.fusesource.jansi.io.AnsiProcessor.json,33-559:AnsiProcessor,field,361-361:MAGENTA,types,int,int,Int64,True,True,2026-05-21 16:24:51,
jansi.*,jansi.src.main.org.fusesource.jansi.io.AnsiProcessor.json,33-559:AnsiProcessor,field,362-362:CYAN,types,int,int,Int64,True,True,2026-05-21 16:24:51,
jansi.*,jansi.src.main.org.fusesource.jansi.io.AnsiProcessor.json,33-559:AnsiProcessor,field,363-363:WHITE,types,int,int,Int64,True,True,2026-05-21 16:24:51,
jansi.*,jansi.src.main.org.fusesource.jansi.io.AnsiProcessor.json,33-559:AnsiProcessor,method,37-39:AnsiProcessor,parameters,|OutputStream|os,OutputStream,OutputStream,True,True,2026-05-21 16:24:51,
jansi.*,jansi.src.main.org.fusesource.jansi.io.AnsiProcessor.json,33-559:AnsiProcessor,method,46-52:getNextOptionInt,return_types,int,int,Int64,True,True,2026-05-21 16:24:51,
jansi.*,jansi.src.main.org.fusesource.jansi.io.AnsiProcessor.json,33-559:AnsiProcessor,method,46-52:getNextOptionInt,body_types,IllegalArgumentException,IllegalArgumentException,IllegalArgumentException,True,True,2026-05-21 16:24:54,
jansi.*,jansi.src.main.org.fusesource.jansi.io.AnsiProcessor.json,33-559:AnsiProcessor,method,46-52:getNextOptionInt,body_types,Object,Object,Any,True,True,2026-05-21 16:24:55,
jansi.*,jansi.src.main.org.fusesource.jansi.io.AnsiProcessor.json,33-559:AnsiProcessor,method,46-52:getNextOptionInt,body_types,Integer,Integer,Int64,True,True,2026-05-21 16:24:55,
jansi.*,jansi.src.main.org.fusesource.jansi.io.AnsiProcessor.json,33-559:AnsiProcessor,method,46-52:getNextOptionInt,parameters,|Iterator<Object>|optionsIterator,Iterator<Object>,Iterator<Object>,True,True,2026-05-21 16:24:51,
jansi.*,jansi.src.main.org.fusesource.jansi.io.AnsiProcessor.json,33-559:AnsiProcessor,method,57-197:processEscapeCommand,return_types,boolean,boolean,Bool,True,True,2026-05-21 16:24:55,
jansi.*,jansi.src.main.org.fusesource.jansi.io.AnsiProcessor.json,33-559:AnsiProcessor,method,57-197:processEscapeCommand,body_types,Object,Object,Any,True,True,2026-05-21 16:24:58,
jansi.*,jansi.src.main.org.fusesource.jansi.io.AnsiProcessor.json,33-559:AnsiProcessor,method,57-197:processEscapeCommand,body_types,Integer,Integer,Int64,True,True,2026-05-21 16:24:58,
jansi.*,jansi.src.main.org.fusesource.jansi.io.AnsiProcessor.json,33-559:AnsiProcessor,method,57-197:processEscapeCommand,body_types,IllegalArgumentException,IllegalArgumentException,IllegalArgumentException,True,True,2026-05-21 16:24:58,
jansi.*,jansi.src.main.org.fusesource.jansi.io.AnsiProcessor.json,33-559:AnsiProcessor,method,57-197:processEscapeCommand,body_types,int,int,Int64,True,True,2026-05-21 16:25:00,
jansi.*,jansi.src.main.org.fusesource.jansi.io.AnsiProcessor.json,33-559:AnsiProcessor,method,57-197:processEscapeCommand,body_types,Iterator<Object>,Iterator<Object>,Iterator<Object>,True,True,2026-05-21 16:25:06,"Cangjie compilation error: [31merror[0m: expected declaration, found 'from'  [36m==>[0m /tmp/tmph1qp27my.cj:3:1:   [36m| [0m [36m3[0m [36m| [0mfrom std.collection import Iterator[0m   [36m| [0m[31m^^^^ expected declaration here[0m   [36m| [0m   [36m#[0m [0mnote[0m: only declarations or macro expressions can be used in the top-level  1 error generated, 1 error printed. "
jansi.*,jansi.src.main.org.fusesource.jansi.io.AnsiProcessor.json,33-559:AnsiProcessor,method,57-197:processEscapeCommand,parameters,|ArrayList<Object>|options,ArrayList<Object>,ArrayList<Object>,True,True,2026-05-21 16:24:55,
jansi.*,jansi.src.main.org.fusesource.jansi.io.AnsiProcessor.json,33-559:AnsiProcessor,method,57-197:processEscapeCommand,parameters,|int|command,int,Int64,True,True,2026-05-21 16:24:58,
jansi.*,jansi.src.main.org.fusesource.jansi.io.AnsiProcessor.json,33-559:AnsiProcessor,method,202-227:processOperatingSystemCommand,return_types,boolean,boolean,Bool,True,True,2026-05-21 16:25:06,
jansi.*,jansi.src.main.org.fusesource.jansi.io.AnsiProcessor.json,33-559:AnsiProcessor,method,202-227:processOperatingSystemCommand,body_types,int,int,Int64,True,True,2026-05-21 16:25:08,
jansi.*,jansi.src.main.org.fusesource.jansi.io.AnsiProcessor.json,33-559:AnsiProcessor,method,202-227:processOperatingSystemCommand,body_types,String,String,String,True,True,2026-05-21 16:25:08,
jansi.*,jansi.src.main.org.fusesource.jansi.io.AnsiProcessor.json,33-559:AnsiProcessor,method,202-227:processOperatingSystemCommand,body_types,IllegalArgumentException,IllegalArgumentException,IllegalArgumentException,True,True,2026-05-21 16:25:08,
jansi.*,jansi.src.main.org.fusesource.jansi.io.AnsiProcessor.json,33-559:AnsiProcessor,method,202-227:processOperatingSystemCommand,parameters,|ArrayList<Object>|options,ArrayList<Object>,ArrayList<Object>,True,True,2026-05-21 16:25:06,
jansi.*,jansi.src.main.org.fusesource.jansi.io.AnsiProcessor.json,33-559:AnsiProcessor,method,234-239:processCharsetSelect,return_types,boolean,boolean,Bool,True,True,2026-05-21 16:25:10,
jansi.*,jansi.src.main.org.fusesource.jansi.io.AnsiProcessor.json,33-559:AnsiProcessor,method,234-239:processCharsetSelect,body_types,int,int,Int64,True,True,2026-05-21 16:25:13,
jansi.*,jansi.src.main.org.fusesource.jansi.io.AnsiProcessor.json,33-559:AnsiProcessor,method,234-239:processCharsetSelect,body_types,char,char,Rune,True,True,2026-05-21 16:25:13,
jansi.*,jansi.src.main.org.fusesource.jansi.io.AnsiProcessor.json,33-559:AnsiProcessor,method,234-239:processCharsetSelect,body_types,Character,Character,Rune,True,True,2026-05-21 16:25:13,
jansi.*,jansi.src.main.org.fusesource.jansi.io.AnsiProcessor.json,33-559:AnsiProcessor,method,234-239:processCharsetSelect,parameters,|ArrayList<Object>|options,ArrayList<Object>,ArrayList<Object>,True,True,2026-05-21 16:25:10,
jansi.*,jansi.src.main.org.fusesource.jansi.io.AnsiProcessor.json,33-559:AnsiProcessor,method,241-247:optionInt,return_types,int,int,Int64,True,True,2026-05-21 16:25:13,
jansi.*,jansi.src.main.org.fusesource.jansi.io.AnsiProcessor.json,33-559:AnsiProcessor,method,241-247:optionInt,body_types,IllegalArgumentException,IllegalArgumentException,IllegalArgumentException,True,True,2026-05-21 16:25:16,
jansi.*,jansi.src.main.org.fusesource.jansi.io.AnsiProcessor.json,33-559:AnsiProcessor,method,241-247:optionInt,body_types,Object,Object,Any,True,True,2026-05-21 16:25:17,
jansi.*,jansi.src.main.org.fusesource.jansi.io.AnsiProcessor.json,33-559:AnsiProcessor,method,241-247:optionInt,body_types,Integer,Integer,Int64,True,True,2026-05-21 16:25:17,
jansi.*,jansi.src.main.org.fusesource.jansi.io.AnsiProcessor.json,33-559:AnsiProcessor,method,241-247:optionInt,parameters,|ArrayList<Object>|options,ArrayList<Object>,ArrayList<Object>,True,True,2026-05-21 16:25:13,
jansi.*,jansi.src.main.org.fusesource.jansi.io.AnsiProcessor.json,33-559:AnsiProcessor,method,241-247:optionInt,parameters,|int|index,int,Int64,True,True,2026-05-21 16:25:16,
jansi.*,jansi.src.main.org.fusesource.jansi.io.AnsiProcessor.json,33-559:AnsiProcessor,method,249-258:optionInt,return_types,int,int,Int64,True,True,2026-05-21 16:25:17,
jansi.*,jansi.src.main.org.fusesource.jansi.io.AnsiProcessor.json,33-559:AnsiProcessor,method,249-258:optionInt,body_types,Object,Object,Any,True,True,2026-05-21 16:25:20,
jansi.*,jansi.src.main.org.fusesource.jansi.io.AnsiProcessor.json,33-559:AnsiProcessor,method,249-258:optionInt,body_types,Integer,Integer,Int64,True,True,2026-05-21 16:25:20,
jansi.*,jansi.src.main.org.fusesource.jansi.io.AnsiProcessor.json,33-559:AnsiProcessor,method,249-258:optionInt,parameters,|ArrayList<Object>|options,ArrayList<Object>,ArrayList<Object>,True,True,2026-05-21 16:25:17,
jansi.*,jansi.src.main.org.fusesource.jansi.io.AnsiProcessor.json,33-559:AnsiProcessor,method,249-258:optionInt,parameters,|int|index,int,Int64,True,True,2026-05-21 16:25:20,
jansi.*,jansi.src.main.org.fusesource.jansi.io.AnsiProcessor.json,33-559:AnsiProcessor,method,249-258:optionInt,parameters,|int|defaultValue,int,Int64,True,True,2026-05-21 16:25:20,
jansi.*,jansi.src.main.org.fusesource.jansi.io.AnsiProcessor.json,33-559:AnsiProcessor,method,264-264:processRestoreCursorPosition,return_types,void,void,Unit,True,True,2026-05-21 16:25:20,
jansi.*,jansi.src.main.org.fusesource.jansi.io.AnsiProcessor.json,33-559:AnsiProcessor,method,270-270:processSaveCursorPosition,return_types,void,void,Unit,True,True,2026-05-21 16:25:20,
jansi.*,jansi.src.main.org.fusesource.jansi.io.AnsiProcessor.json,33-559:AnsiProcessor,method,278-278:processInsertLine,return_types,void,void,Unit,True,True,2026-05-21 16:25:20,
jansi.*,jansi.src.main.org.fusesource.jansi.io.AnsiProcessor.json,33-559:AnsiProcessor,method,278-278:processInsertLine,parameters,|int|optionInt,int,Int64,True,True,2026-05-21 16:25:20,
jansi.*,jansi.src.main.org.fusesource.jansi.io.AnsiProcessor.json,33-559:AnsiProcessor,method,286-286:processDeleteLine,return_types,void,void,Unit,True,True,2026-05-21 16:25:20,
jansi.*,jansi.src.main.org.fusesource.jansi.io.AnsiProcessor.json,33-559:AnsiProcessor,method,286-286:processDeleteLine,parameters,|int|optionInt,int,Int64,True,True,2026-05-21 16:25:20,
jansi.*,jansi.src.main.org.fusesource.jansi.io.AnsiProcessor.json,33-559:AnsiProcessor,method,293-293:processScrollDown,return_types,void,void,Unit,True,True,2026-05-21 16:25:20,
jansi.*,jansi.src.main.org.fusesource.jansi.io.AnsiProcessor.json,33-559:AnsiProcessor,method,293-293:processScrollDown,parameters,|int|optionInt,int,Int64,True,True,2026-05-21 16:25:20,
jansi.*,jansi.src.main.org.fusesource.jansi.io.AnsiProcessor.json,33-559:AnsiProcessor,method,300-300:processScrollUp,return_types,void,void,Unit,True,True,2026-05-21 16:25:20,
jansi.*,jansi.src.main.org.fusesource.jansi.io.AnsiProcessor.json,33-559:AnsiProcessor,method,300-300:processScrollUp,parameters,|int|optionInt,int,Int64,True,True,2026-05-21 16:25:20,
jansi.*,jansi.src.main.org.fusesource.jansi.io.AnsiProcessor.json,33-559:AnsiProcessor,method,311-311:processEraseScreen,return_types,void,void,Unit,True,True,2026-05-21 16:25:20,
jansi.*,jansi.src.main.org.fusesource.jansi.io.AnsiProcessor.json,33-559:AnsiProcessor,method,311-311:processEraseScreen,parameters,|int|eraseOption,int,Int64,True,True,2026-05-21 16:25:20,
jansi.*,jansi.src.main.org.fusesource.jansi.io.AnsiProcessor.json,33-559:AnsiProcessor,method,322-322:processEraseLine,return_types,void,void,Unit,True,True,2026-05-21 16:25:20,
jansi.*,jansi.src.main.org.fusesource.jansi.io.AnsiProcessor.json,33-559:AnsiProcessor,method,322-322:processEraseLine,parameters,|int|eraseOption,int,Int64,True,True,2026-05-21 16:25:20,
jansi.*,jansi.src.main.org.fusesource.jansi.io.AnsiProcessor.json,33-559:AnsiProcessor,method,354-354:processSetAttribute,return_types,void,void,Unit,True,True,2026-05-21 16:25:20,
jansi.*,jansi.src.main.org.fusesource.jansi.io.AnsiProcessor.json,33-559:AnsiProcessor,method,354-354:processSetAttribute,parameters,|int|attribute,int,Int64,True,True,2026-05-21 16:25:20,
jansi.*,jansi.src.main.org.fusesource.jansi.io.AnsiProcessor.json,33-559:AnsiProcessor,method,370-372:processSetForegroundColor,return_types,void,void,Unit,True,True,2026-05-21 16:25:20,
jansi.*,jansi.src.main.org.fusesource.jansi.io.AnsiProcessor.json,33-559:AnsiProcessor,method,370-372:processSetForegroundColor,parameters,|int|color,int,Int64,True,True,2026-05-21 16:25:20,
jansi.*,jansi.src.main.org.fusesource.jansi.io.AnsiProcessor.json,33-559:AnsiProcessor,method,381-381:processSetForegroundColor,return_types,void,void,Unit,True,True,2026-05-21 16:25:20,
jansi.*,jansi.src.main.org.fusesource.jansi.io.AnsiProcessor.json,33-559:AnsiProcessor,method,381-381:processSetForegroundColor,parameters,|int|color,int,Int64,True,True,2026-05-21 16:25:20,
jansi.*,jansi.src.main.org.fusesource.jansi.io.AnsiProcessor.json,33-559:AnsiProcessor,method,381-381:processSetForegroundColor,parameters,|boolean|bright,boolean,Bool,True,True,2026-05-21 16:25:20,
jansi.*,jansi.src.main.org.fusesource.jansi.io.AnsiProcessor.json,33-559:AnsiProcessor,method,389-389:processSetForegroundColorExt,return_types,void,void,Unit,True,True,2026-05-21 16:25:20,
jansi.*,jansi.src.main.org.fusesource.jansi.io.AnsiProcessor.json,33-559:AnsiProcessor,method,389-389:processSetForegroundColorExt,parameters,|int|paletteIndex,int,Int64,True,True,2026-05-21 16:25:20,
jansi.*,jansi.src.main.org.fusesource.jansi.io.AnsiProcessor.json,33-559:AnsiProcessor,method,399-399:processSetForegroundColorExt,return_types,void,void,Unit,True,True,2026-05-21 16:25:20,
jansi.*,jansi.src.main.org.fusesource.jansi.io.AnsiProcessor.json,33-559:AnsiProcessor,method,399-399:processSetForegroundColorExt,parameters,|int|r,int,Int64,True,True,2026-05-21 16:25:20,
jansi.*,jansi.src.main.org.fusesource.jansi.io.AnsiProcessor.json,33-559:AnsiProcessor,method,399-399:processSetForegroundColorExt,parameters,|int|g,int,Int64,True,True,2026-05-21 16:25:20,
jansi.*,jansi.src.main.org.fusesource.jansi.io.AnsiProcessor.json,33-559:AnsiProcessor,method,399-399:processSetForegroundColorExt,parameters,|int|b,int,Int64,True,True,2026-05-21 16:25:20,
jansi.*,jansi.src.main.org.fusesource.jansi.io.AnsiProcessor.json,33-559:AnsiProcessor,method,406-408:processSetBackgroundColor,return_types,void,void,Unit,True,True,2026-05-21 16:25:20,
jansi.*,jansi.src.main.org.fusesource.jansi.io.AnsiProcessor.json,33-559:AnsiProcessor,method,406-408:processSetBackgroundColor,parameters,|int|color,int,Int64,True,True,2026-05-21 16:25:20,
jansi.*,jansi.src.main.org.fusesource.jansi.io.AnsiProcessor.json,33-559:AnsiProcessor,method,417-417:processSetBackgroundColor,return_types,void,void,Unit,True,True,2026-05-21 16:25:20,
jansi.*,jansi.src.main.org.fusesource.jansi.io.AnsiProcessor.json,33-559:AnsiProcessor,method,417-417:processSetBackgroundColor,parameters,|int|color,int,Int64,True,True,2026-05-21 16:25:20,
jansi.*,jansi.src.main.org.fusesource.jansi.io.AnsiProcessor.json,33-559:AnsiProcessor,method,417-417:processSetBackgroundColor,parameters,|boolean|bright,boolean,Bool,True,True,2026-05-21 16:25:20,
jansi.*,jansi.src.main.org.fusesource.jansi.io.AnsiProcessor.json,33-559:AnsiProcessor,method,425-425:processSetBackgroundColorExt,return_types,void,void,Unit,True,True,2026-05-21 16:25:20,
jansi.*,jansi.src.main.org.fusesource.jansi.io.AnsiProcessor.json,33-559:AnsiProcessor,method,425-425:processSetBackgroundColorExt,parameters,|int|paletteIndex,int,Int64,True,True,2026-05-21 16:25:20,
jansi.*,jansi.src.main.org.fusesource.jansi.io.AnsiProcessor.json,33-559:AnsiProcessor,method,435-435:processSetBackgroundColorExt,return_types,void,void,Unit,True,True,2026-05-21 16:25:20,
jansi.*,jansi.src.main.org.fusesource.jansi.io.AnsiProcessor.json,33-559:AnsiProcessor,method,435-435:processSetBackgroundColorExt,parameters,|int|r,int,Int64,True,True,2026-05-21 16:25:20,
jansi.*,jansi.src.main.org.fusesource.jansi.io.AnsiProcessor.json,33-559:AnsiProcessor,method,435-435:processSetBackgroundColorExt,parameters,|int|g,int,Int64,True,True,2026-05-21 16:25:20,
jansi.*,jansi.src.main.org.fusesource.jansi.io.AnsiProcessor.json,33-559:AnsiProcessor,method,435-435:processSetBackgroundColorExt,parameters,|int|b,int,Int64,True,True,2026-05-21 16:25:20,
jansi.*,jansi.src.main.org.fusesource.jansi.io.AnsiProcessor.json,33-559:AnsiProcessor,method,441-441:processDefaultTextColor,return_types,void,void,Unit,True,True,2026-05-21 16:25:20,
jansi.*,jansi.src.main.org.fusesource.jansi.io.AnsiProcessor.json,33-559:AnsiProcessor,method,447-447:processDefaultBackgroundColor,return_types,void,void,Unit,True,True,2026-05-21 16:25:20,
jansi.*,jansi.src.main.org.fusesource.jansi.io.AnsiProcessor.json,33-559:AnsiProcessor,method,453-453:processAttributeReset,return_types,void,void,Unit,True,True,2026-05-21 16:25:20,
jansi.*,jansi.src.main.org.fusesource.jansi.io.AnsiProcessor.json,33-559:AnsiProcessor,method,462-462:processCursorTo,return_types,void,void,Unit,True,True,2026-05-21 16:25:20,
jansi.*,jansi.src.main.org.fusesource.jansi.io.AnsiProcessor.json,33-559:AnsiProcessor,method,462-462:processCursorTo,parameters,|int|row,int,Int64,True,True,2026-05-21 16:25:20,
jansi.*,jansi.src.main.org.fusesource.jansi.io.AnsiProcessor.json,33-559:AnsiProcessor,method,462-462:processCursorTo,parameters,|int|col,int,Int64,True,True,2026-05-21 16:25:20,
jansi.*,jansi.src.main.org.fusesource.jansi.io.AnsiProcessor.json,33-559:AnsiProcessor,method,469-469:processCursorToColumn,return_types,void,void,Unit,True,True,2026-05-21 16:25:20,
jansi.*,jansi.src.main.org.fusesource.jansi.io.AnsiProcessor.json,33-559:AnsiProcessor,method,469-469:processCursorToColumn,parameters,|int|x,int,Int64,True,True,2026-05-21 16:25:20,
jansi.*,jansi.src.main.org.fusesource.jansi.io.AnsiProcessor.json,33-559:AnsiProcessor,method,476-476:processCursorUpLine,return_types,void,void,Unit,True,True,2026-05-21 16:25:20,
jansi.*,jansi.src.main.org.fusesource.jansi.io.AnsiProcessor.json,33-559:AnsiProcessor,method,476-476:processCursorUpLine,parameters,|int|count,int,Int64,True,True,2026-05-21 16:25:20,
jansi.*,jansi.src.main.org.fusesource.jansi.io.AnsiProcessor.json,33-559:AnsiProcessor,method,483-488:processCursorDownLine,return_types,void,void,Unit,True,True,2026-05-21 16:25:20,
jansi.*,jansi.src.main.org.fusesource.jansi.io.AnsiProcessor.json,33-559:AnsiProcessor,method,483-488:processCursorDownLine,body_types,int,int,Int64,True,True,2026-05-21 16:25:20,
jansi.*,jansi.src.main.org.fusesource.jansi.io.AnsiProcessor.json,33-559:AnsiProcessor,method,483-488:processCursorDownLine,parameters,|int|count,int,Int64,True,True,2026-05-21 16:25:20,
jansi.*,jansi.src.main.org.fusesource.jansi.io.AnsiProcessor.json,33-559:AnsiProcessor,method,495-495:processCursorLeft,return_types,void,void,Unit,True,True,2026-05-21 16:25:20,
jansi.*,jansi.src.main.org.fusesource.jansi.io.AnsiProcessor.json,33-559:AnsiProcessor,method,495-495:processCursorLeft,parameters,|int|count,int,Int64,True,True,2026-05-21 16:25:20,
jansi.*,jansi.src.main.org.fusesource.jansi.io.AnsiProcessor.json,33-559:AnsiProcessor,method,502-507:processCursorRight,return_types,void,void,Unit,True,True,2026-05-21 16:25:20,
jansi.*,jansi.src.main.org.fusesource.jansi.io.AnsiProcessor.json,33-559:AnsiProcessor,method,502-507:processCursorRight,body_types,int,int,Int64,True,True,2026-05-21 16:25:20,
jansi.*,jansi.src.main.org.fusesource.jansi.io.AnsiProcessor.json,33-559:AnsiProcessor,method,502-507:processCursorRight,parameters,|int|count,int,Int64,True,True,2026-05-21 16:25:20,
jansi.*,jansi.src.main.org.fusesource.jansi.io.AnsiProcessor.json,33-559:AnsiProcessor,method,514-514:processCursorDown,return_types,void,void,Unit,True,True,2026-05-21 16:25:20,
jansi.*,jansi.src.main.org.fusesource.jansi.io.AnsiProcessor.json,33-559:AnsiProcessor,method,514-514:processCursorDown,parameters,|int|count,int,Int64,True,True,2026-05-21 16:25:20,
jansi.*,jansi.src.main.org.fusesource.jansi.io.AnsiProcessor.json,33-559:AnsiProcessor,method,521-521:processCursorUp,return_types,void,void,Unit,True,True,2026-05-21 16:25:20,
jansi.*,jansi.src.main.org.fusesource.jansi.io.AnsiProcessor.json,33-559:AnsiProcessor,method,521-521:processCursorUp,parameters,|int|count,int,Int64,True,True,2026-05-21 16:25:20,
jansi.*,jansi.src.main.org.fusesource.jansi.io.AnsiProcessor.json,33-559:AnsiProcessor,method,528-528:processUnknownExtension,return_types,void,void,Unit,True,True,2026-05-21 16:25:20,
jansi.*,jansi.src.main.org.fusesource.jansi.io.AnsiProcessor.json,33-559:AnsiProcessor,method,528-528:processUnknownExtension,parameters,|ArrayList<Object>|options,ArrayList<Object>,ArrayList<Object>,True,True,2026-05-21 16:25:20,
jansi.*,jansi.src.main.org.fusesource.jansi.io.AnsiProcessor.json,33-559:AnsiProcessor,method,528-528:processUnknownExtension,parameters,|int|command,int,Int64,True,True,2026-05-21 16:25:22,
jansi.*,jansi.src.main.org.fusesource.jansi.io.AnsiProcessor.json,33-559:AnsiProcessor,method,534-537:processChangeIconNameAndWindowTitle,return_types,void,void,Unit,True,True,2026-05-21 16:25:22,
jansi.*,jansi.src.main.org.fusesource.jansi.io.AnsiProcessor.json,33-559:AnsiProcessor,method,534-537:processChangeIconNameAndWindowTitle,parameters,|String|label,String,String,True,True,2026-05-21 16:25:22,
jansi.*,jansi.src.main.org.fusesource.jansi.io.AnsiProcessor.json,33-559:AnsiProcessor,method,543-543:processChangeIconName,return_types,void,void,Unit,True,True,2026-05-21 16:25:22,
jansi.*,jansi.src.main.org.fusesource.jansi.io.AnsiProcessor.json,33-559:AnsiProcessor,method,543-543:processChangeIconName,parameters,|String|label,String,String,True,True,2026-05-21 16:25:22,
jansi.*,jansi.src.main.org.fusesource.jansi.io.AnsiProcessor.json,33-559:AnsiProcessor,method,549-549:processChangeWindowTitle,return_types,void,void,Unit,True,True,2026-05-21 16:25:22,
jansi.*,jansi.src.main.org.fusesource.jansi.io.AnsiProcessor.json,33-559:AnsiProcessor,method,549-549:processChangeWindowTitle,parameters,|String|label,String,String,True,True,2026-05-21 16:25:22,
jansi.*,jansi.src.main.org.fusesource.jansi.io.AnsiProcessor.json,33-559:AnsiProcessor,method,556-556:processUnknownOperatingSystemCommand,return_types,void,void,Unit,True,True,2026-05-21 16:25:22,
jansi.*,jansi.src.main.org.fusesource.jansi.io.AnsiProcessor.json,33-559:AnsiProcessor,method,556-556:processUnknownOperatingSystemCommand,parameters,|int|command,int,Int64,True,True,2026-05-21 16:25:22,
jansi.*,jansi.src.main.org.fusesource.jansi.io.AnsiProcessor.json,33-559:AnsiProcessor,method,556-556:processUnknownOperatingSystemCommand,parameters,|String|param,String,String,True,True,2026-05-21 16:25:22,
jansi.*,jansi.src.main.org.fusesource.jansi.io.AnsiProcessor.json,33-559:AnsiProcessor,method,558-558:processCharsetSelect,return_types,void,void,Unit,True,True,2026-05-21 16:25:22,
jansi.*,jansi.src.main.org.fusesource.jansi.io.AnsiProcessor.json,33-559:AnsiProcessor,method,558-558:processCharsetSelect,parameters,|int|set,int,Int64,True,True,2026-05-21 16:25:22,
jansi.*,jansi.src.main.org.fusesource.jansi.io.AnsiProcessor.json,33-559:AnsiProcessor,method,558-558:processCharsetSelect,parameters,|char|seq,char,Rune,True,True,2026-05-21 16:25:23,
jansi.*,jansi.src.main.org.fusesource.jansi.io.Colors.json,23-167:Colors,field,29-81:DEFAULT_COLORS_256,types,int[],int[],Array<Int64>,True,True,2026-05-21 16:32:23,
jansi.*,jansi.src.main.org.fusesource.jansi.io.Colors.json,23-167:Colors,field,157-157:epsilon,types,double,double,Float64,True,True,2026-05-21 16:32:26,
jansi.*,jansi.src.main.org.fusesource.jansi.io.Colors.json,23-167:Colors,field,158-158:kappa,types,double,double,Float64,True,True,2026-05-21 16:32:26,
jansi.*,jansi.src.main.org.fusesource.jansi.io.Colors.json,23-167:Colors,method,84-90:roundColor,return_types,int,int,Int64,True,True,2026-05-21 16:32:26,
jansi.*,jansi.src.main.org.fusesource.jansi.io.Colors.json,23-167:Colors,method,84-90:roundColor,body_types,int,int,Int64,True,True,2026-05-21 16:32:26,
jansi.*,jansi.src.main.org.fusesource.jansi.io.Colors.json,23-167:Colors,method,84-90:roundColor,parameters,|int|col,int,Int64,True,True,2026-05-21 16:32:26,
jansi.*,jansi.src.main.org.fusesource.jansi.io.Colors.json,23-167:Colors,method,84-90:roundColor,parameters,|int|max,int,Int64,True,True,2026-05-21 16:32:26,
jansi.*,jansi.src.main.org.fusesource.jansi.io.Colors.json,23-167:Colors,method,92-94:roundRgbColor,return_types,int,int,Int64,True,True,2026-05-21 16:32:26,
jansi.*,jansi.src.main.org.fusesource.jansi.io.Colors.json,23-167:Colors,method,92-94:roundRgbColor,parameters,|int|r,int,Int64,True,True,2026-05-21 16:32:26,
jansi.*,jansi.src.main.org.fusesource.jansi.io.Colors.json,23-167:Colors,method,92-94:roundRgbColor,parameters,|int|g,int,Int64,True,True,2026-05-21 16:32:26,
jansi.*,jansi.src.main.org.fusesource.jansi.io.Colors.json,23-167:Colors,method,92-94:roundRgbColor,parameters,|int|b,int,Int64,True,True,2026-05-21 16:32:26,
jansi.*,jansi.src.main.org.fusesource.jansi.io.Colors.json,23-167:Colors,method,92-94:roundRgbColor,parameters,|int|max,int,Int64,True,True,2026-05-21 16:32:26,
jansi.*,jansi.src.main.org.fusesource.jansi.io.Colors.json,23-167:Colors,method,96-107:roundColor,return_types,int,int,Int64,True,True,2026-05-21 16:32:26,
jansi.*,jansi.src.main.org.fusesource.jansi.io.Colors.json,23-167:Colors,method,96-107:roundColor,body_types,double,double,Float64,True,True,2026-05-21 16:32:29,
jansi.*,jansi.src.main.org.fusesource.jansi.io.Colors.json,23-167:Colors,method,96-107:roundColor,body_types,int,int,Int64,True,True,2026-05-21 16:32:29,
jansi.*,jansi.src.main.org.fusesource.jansi.io.Colors.json,23-167:Colors,method,96-107:roundColor,parameters,|int|color,int,Int64,True,True,2026-05-21 16:32:26,
jansi.*,jansi.src.main.org.fusesource.jansi.io.Colors.json,23-167:Colors,method,96-107:roundColor,parameters,|int[]|colors,int[],Array<Int64>,True,True,2026-05-21 16:32:26,
jansi.*,jansi.src.main.org.fusesource.jansi.io.Colors.json,23-167:Colors,method,96-107:roundColor,parameters,|int|max,int,Int64,True,True,2026-05-21 16:32:29,
jansi.*,jansi.src.main.org.fusesource.jansi.io.Colors.json,23-167:Colors,method,109-111:cie76,return_types,double,double,Float64,True,True,2026-05-21 16:32:29,
jansi.*,jansi.src.main.org.fusesource.jansi.io.Colors.json,23-167:Colors,method,109-111:cie76,parameters,|int|c1,int,Int64,True,True,2026-05-21 16:32:29,
jansi.*,jansi.src.main.org.fusesource.jansi.io.Colors.json,23-167:Colors,method,109-111:cie76,parameters,|int|c2,int,Int64,True,True,2026-05-21 16:32:29,
jansi.*,jansi.src.main.org.fusesource.jansi.io.Colors.json,23-167:Colors,method,113-115:scalar,return_types,double,double,Float64,True,True,2026-05-21 16:32:29,
jansi.*,jansi.src.main.org.fusesource.jansi.io.Colors.json,23-167:Colors,method,113-115:scalar,parameters,|double[]|c1,double[],Array<Float64>,True,True,2026-05-21 16:32:29,
jansi.*,jansi.src.main.org.fusesource.jansi.io.Colors.json,23-167:Colors,method,113-115:scalar,parameters,|double[]|c2,double[],Array<Float64>,True,True,2026-05-21 16:32:31,
jansi.*,jansi.src.main.org.fusesource.jansi.io.Colors.json,23-167:Colors,method,117-122:rgb,return_types,double[],double[],Array<Float64>,True,True,2026-05-21 16:32:33,
jansi.*,jansi.src.main.org.fusesource.jansi.io.Colors.json,23-167:Colors,method,117-122:rgb,body_types,int,int,Int64,True,True,2026-05-21 16:32:35,
jansi.*,jansi.src.main.org.fusesource.jansi.io.Colors.json,23-167:Colors,method,117-122:rgb,body_types,double,double,Float64,True,True,2026-05-21 16:32:35,
jansi.*,jansi.src.main.org.fusesource.jansi.io.Colors.json,23-167:Colors,method,117-122:rgb,parameters,|int|color,int,Int64,True,True,2026-05-21 16:32:35,
jansi.*,jansi.src.main.org.fusesource.jansi.io.Colors.json,23-167:Colors,method,124-126:rgb2cielab,return_types,double[],double[],Array<Float64>,True,True,2026-05-21 16:32:35,
jansi.*,jansi.src.main.org.fusesource.jansi.io.Colors.json,23-167:Colors,method,124-126:rgb2cielab,parameters,|int|color,int,Int64,True,True,2026-05-21 16:32:37,
jansi.*,jansi.src.main.org.fusesource.jansi.io.Colors.json,23-167:Colors,method,128-130:rgb2cielab,return_types,double[],double[],Array<Float64>,True,True,2026-05-21 16:32:37,
jansi.*,jansi.src.main.org.fusesource.jansi.io.Colors.json,23-167:Colors,method,128-130:rgb2cielab,parameters,|double[]|rgb,double[],Array<Float64>,True,True,2026-05-21 16:32:40,
jansi.*,jansi.src.main.org.fusesource.jansi.io.Colors.json,23-167:Colors,method,132-141:rgb2xyz,return_types,double[],double[],Array<Float64>,True,True,2026-05-21 16:32:41,
jansi.*,jansi.src.main.org.fusesource.jansi.io.Colors.json,23-167:Colors,method,132-141:rgb2xyz,body_types,double,double,Float64,True,True,2026-05-21 16:32:45,
jansi.*,jansi.src.main.org.fusesource.jansi.io.Colors.json,23-167:Colors,method,132-141:rgb2xyz,parameters,|double[]|rgb,double[],Array<Float64>,True,True,2026-05-21 16:32:43,
jansi.*,jansi.src.main.org.fusesource.jansi.io.Colors.json,23-167:Colors,method,143-145:pivotRgb,return_types,double,double,Float64,True,True,2026-05-21 16:32:45,
jansi.*,jansi.src.main.org.fusesource.jansi.io.Colors.json,23-167:Colors,method,143-145:pivotRgb,parameters,|double|n,double,Float64,True,True,2026-05-21 16:32:45,
jansi.*,jansi.src.main.org.fusesource.jansi.io.Colors.json,23-167:Colors,method,147-155:xyz2lab,return_types,double[],double[],Array<Float64>,True,True,2026-05-21 16:32:45,
jansi.*,jansi.src.main.org.fusesource.jansi.io.Colors.json,23-167:Colors,method,147-155:xyz2lab,body_types,double,double,Float64,True,True,2026-05-21 16:32:49,
jansi.*,jansi.src.main.org.fusesource.jansi.io.Colors.json,23-167:Colors,method,147-155:xyz2lab,parameters,|double[]|xyz,double[],Array<Float64>,True,True,2026-05-21 16:32:47,
jansi.*,jansi.src.main.org.fusesource.jansi.io.Colors.json,23-167:Colors,method,160-162:pivotXyz,return_types,double,double,Float64,True,True,2026-05-21 16:32:49,
jansi.*,jansi.src.main.org.fusesource.jansi.io.Colors.json,23-167:Colors,method,160-162:pivotXyz,parameters,|double|n,double,Float64,True,True,2026-05-21 16:32:49,
jansi.*,jansi.src.main.org.fusesource.jansi.io.Colors.json,23-167:Colors,method,164-166:sqr,return_types,double,double,Float64,True,True,2026-05-21 16:32:49,
jansi.*,jansi.src.main.org.fusesource.jansi.io.Colors.json,23-167:Colors,method,164-166:sqr,parameters,|double|n,double,Float64,True,True,2026-05-21 16:32:49,
jansi.*,jansi.src.main.org.fusesource.jansi.io.ColorsAnsiProcessor.json,28-145:ColorsAnsiProcessor,field,30-30:colors,types,AnsiColors,AnsiColors,AnsiColors,True,True,2026-05-21 16:22:50,
jansi.*,jansi.src.main.org.fusesource.jansi.io.ColorsAnsiProcessor.json,28-145:ColorsAnsiProcessor,method,32-35:ColorsAnsiProcessor,parameters,|OutputStream|os,OutputStream,OutputStream,True,True,2026-05-21 16:22:50,
jansi.*,jansi.src.main.org.fusesource.jansi.io.ColorsAnsiProcessor.json,28-145:ColorsAnsiProcessor,method,32-35:ColorsAnsiProcessor,parameters,|AnsiColors|colors,AnsiColors,AnsiColors,True,True,2026-05-21 16:22:50,
jansi.*,jansi.src.main.org.fusesource.jansi.io.ColorsAnsiProcessor.json,28-145:ColorsAnsiProcessor,method,37-134:processEscapeCommand,return_types,boolean,boolean,Bool,True,True,2026-05-21 16:22:50,
jansi.*,jansi.src.main.org.fusesource.jansi.io.ColorsAnsiProcessor.json,28-145:ColorsAnsiProcessor,method,37-134:processEscapeCommand,body_types,boolean,boolean,Bool,True,True,2026-05-21 16:22:53,
jansi.*,jansi.src.main.org.fusesource.jansi.io.ColorsAnsiProcessor.json,28-145:ColorsAnsiProcessor,method,37-134:processEscapeCommand,body_types,Object,Object,Any,True,True,2026-05-21 16:22:53,
jansi.*,jansi.src.main.org.fusesource.jansi.io.ColorsAnsiProcessor.json,28-145:ColorsAnsiProcessor,method,37-134:processEscapeCommand,body_types,Integer,Integer,Int64,True,True,2026-05-21 16:22:53,
jansi.*,jansi.src.main.org.fusesource.jansi.io.ColorsAnsiProcessor.json,28-145:ColorsAnsiProcessor,method,37-134:processEscapeCommand,body_types,IllegalArgumentException,IllegalArgumentException,IllegalArgumentException,True,True,2026-05-21 16:22:53,
jansi.*,jansi.src.main.org.fusesource.jansi.io.ColorsAnsiProcessor.json,28-145:ColorsAnsiProcessor,method,37-134:processEscapeCommand,body_types,StringBuilder,StringBuilder,StringBuilder,True,True,2026-05-21 16:22:55,
jansi.*,jansi.src.main.org.fusesource.jansi.io.ColorsAnsiProcessor.json,28-145:ColorsAnsiProcessor,method,37-134:processEscapeCommand,body_types,Iterator<Object>,Iterator<Object>,Iterator<Object>,True,True,2026-05-21 16:22:57,
jansi.*,jansi.src.main.org.fusesource.jansi.io.ColorsAnsiProcessor.json,28-145:ColorsAnsiProcessor,method,37-134:processEscapeCommand,body_types,int,int,Int64,True,True,2026-05-21 16:22:59,
jansi.*,jansi.src.main.org.fusesource.jansi.io.ColorsAnsiProcessor.json,28-145:ColorsAnsiProcessor,method,37-134:processEscapeCommand,parameters,|ArrayList<Object>|options,ArrayList<Object>,ArrayList<Object>,True,True,2026-05-21 16:22:50,
jansi.*,jansi.src.main.org.fusesource.jansi.io.ColorsAnsiProcessor.json,28-145:ColorsAnsiProcessor,method,37-134:processEscapeCommand,parameters,|int|command,int,Int64,True,True,2026-05-21 16:22:53,
jansi.*,jansi.src.main.org.fusesource.jansi.io.ColorsAnsiProcessor.json,28-145:ColorsAnsiProcessor,method,136-139:processOperatingSystemCommand,return_types,boolean,boolean,Bool,True,True,2026-05-21 16:22:59,
jansi.*,jansi.src.main.org.fusesource.jansi.io.ColorsAnsiProcessor.json,28-145:ColorsAnsiProcessor,method,136-139:processOperatingSystemCommand,parameters,|ArrayList<Object>|options,ArrayList<Object>,ArrayList<Object>,True,True,2026-05-21 16:22:59,
jansi.*,jansi.src.main.org.fusesource.jansi.io.ColorsAnsiProcessor.json,28-145:ColorsAnsiProcessor,method,141-144:processCharsetSelect,return_types,boolean,boolean,Bool,True,True,2026-05-21 16:23:03,
jansi.*,jansi.src.main.org.fusesource.jansi.io.ColorsAnsiProcessor.json,28-145:ColorsAnsiProcessor,method,141-144:processCharsetSelect,parameters,|ArrayList<Object>|options,ArrayList<Object>,ArrayList<Object>,True,True,2026-05-21 16:23:03,
jansi.*,jansi.src.main.org.fusesource.jansi.io.FastBufferedOutputStream.json,25-68:FastBufferedOutputStream,field,27-27:buf,types,byte[],byte[],Array<Byte>,True,True,2026-05-21 16:34:20,
jansi.*,jansi.src.main.org.fusesource.jansi.io.FastBufferedOutputStream.json,25-68:FastBufferedOutputStream,field,28-28:count,types,int,int,Int64,True,True,2026-05-21 16:34:22,
jansi.*,jansi.src.main.org.fusesource.jansi.io.FastBufferedOutputStream.json,25-68:FastBufferedOutputStream,method,30-32:FastBufferedOutputStream,parameters,|OutputStream|out,OutputStream,OutputStream,True,True,2026-05-21 16:34:22,
jansi.*,jansi.src.main.org.fusesource.jansi.io.FastBufferedOutputStream.json,25-68:FastBufferedOutputStream,method,34-40:write,return_types,void,void,Unit,True,True,2026-05-21 16:34:22,
jansi.*,jansi.src.main.org.fusesource.jansi.io.FastBufferedOutputStream.json,25-68:FastBufferedOutputStream,method,34-40:write,body_types,byte,byte,Int8,True,True,2026-05-21 16:34:22,
jansi.*,jansi.src.main.org.fusesource.jansi.io.FastBufferedOutputStream.json,25-68:FastBufferedOutputStream,method,34-40:write,parameters,|int|b,int,Int64,True,True,2026-05-21 16:34:22,
jansi.*,jansi.src.main.org.fusesource.jansi.io.FastBufferedOutputStream.json,25-68:FastBufferedOutputStream,method,42-54:write,return_types,void,void,Unit,True,True,2026-05-21 16:34:22,
jansi.*,jansi.src.main.org.fusesource.jansi.io.FastBufferedOutputStream.json,25-68:FastBufferedOutputStream,method,42-54:write,parameters,|byte|b,byte,Int8,True,True,2026-05-21 16:34:22,
jansi.*,jansi.src.main.org.fusesource.jansi.io.FastBufferedOutputStream.json,25-68:FastBufferedOutputStream,method,42-54:write,parameters,|int|off,int,Int64,True,True,2026-05-21 16:34:22,
jansi.*,jansi.src.main.org.fusesource.jansi.io.FastBufferedOutputStream.json,25-68:FastBufferedOutputStream,method,42-54:write,parameters,|int|len,int,Int64,True,True,2026-05-21 16:34:22,
jansi.*,jansi.src.main.org.fusesource.jansi.io.FastBufferedOutputStream.json,25-68:FastBufferedOutputStream,method,56-61:flushBuffer,return_types,void,void,Unit,True,True,2026-05-21 16:34:22,
jansi.*,jansi.src.main.org.fusesource.jansi.io.FastBufferedOutputStream.json,25-68:FastBufferedOutputStream,method,63-67:flush,return_types,void,void,Unit,True,True,2026-05-21 16:34:22,
jansi.*,jansi.src.main.org.fusesource.jansi.io.WindowsAnsiProcessor.json,55-424:WindowsAnsiProcessor,field,57-57:console,types,long,long,Int64,True,True,2026-05-21 16:27:26,
jansi.*,jansi.src.main.org.fusesource.jansi.io.WindowsAnsiProcessor.json,55-424:WindowsAnsiProcessor,field,59-59:FOREGROUND_BLACK,types,short,short,Int16,True,True,2026-05-21 16:27:26,
jansi.*,jansi.src.main.org.fusesource.jansi.io.WindowsAnsiProcessor.json,55-424:WindowsAnsiProcessor,field,60-60:FOREGROUND_YELLOW,types,short,short,Int16,True,True,2026-05-21 16:27:26,
jansi.*,jansi.src.main.org.fusesource.jansi.io.WindowsAnsiProcessor.json,55-424:WindowsAnsiProcessor,field,61-61:FOREGROUND_MAGENTA,types,short,short,Int16,True,True,2026-05-21 16:27:26,
jansi.*,jansi.src.main.org.fusesource.jansi.io.WindowsAnsiProcessor.json,55-424:WindowsAnsiProcessor,field,62-62:FOREGROUND_CYAN,types,short,short,Int16,True,True,2026-05-21 16:27:26,
jansi.*,jansi.src.main.org.fusesource.jansi.io.WindowsAnsiProcessor.json,55-424:WindowsAnsiProcessor,field,63-63:FOREGROUND_WHITE,types,short,short,Int16,True,True,2026-05-21 16:27:26,
jansi.*,jansi.src.main.org.fusesource.jansi.io.WindowsAnsiProcessor.json,55-424:WindowsAnsiProcessor,field,65-65:BACKGROUND_BLACK,types,short,short,Int16,True,True,2026-05-21 16:27:26,
jansi.*,jansi.src.main.org.fusesource.jansi.io.WindowsAnsiProcessor.json,55-424:WindowsAnsiProcessor,field,66-66:BACKGROUND_YELLOW,types,short,short,Int16,True,True,2026-05-21 16:27:26,
jansi.*,jansi.src.main.org.fusesource.jansi.io.WindowsAnsiProcessor.json,55-424:WindowsAnsiProcessor,field,67-67:BACKGROUND_MAGENTA,types,short,short,Int16,True,True,2026-05-21 16:27:26,
jansi.*,jansi.src.main.org.fusesource.jansi.io.WindowsAnsiProcessor.json,55-424:WindowsAnsiProcessor,field,68-68:BACKGROUND_CYAN,types,short,short,Int16,True,True,2026-05-21 16:27:26,
jansi.*,jansi.src.main.org.fusesource.jansi.io.WindowsAnsiProcessor.json,55-424:WindowsAnsiProcessor,field,69-69:BACKGROUND_WHITE,types,short,short,Int16,True,True,2026-05-21 16:27:26,
jansi.*,jansi.src.main.org.fusesource.jansi.io.WindowsAnsiProcessor.json,55-424:WindowsAnsiProcessor,field,71-80:ANSI_FOREGROUND_COLOR_MAP,types,short[],short[],Array<Int16>,True,True,2026-05-21 16:27:26,
jansi.*,jansi.src.main.org.fusesource.jansi.io.WindowsAnsiProcessor.json,55-424:WindowsAnsiProcessor,field,82-91:ANSI_BACKGROUND_COLOR_MAP,types,short[],short[],Array<Int16>,True,True,2026-05-21 16:27:29,
jansi.*,jansi.src.main.org.fusesource.jansi.io.WindowsAnsiProcessor.json,55-424:WindowsAnsiProcessor,field,93-93:info,types,Kernel32_CONSOLE_SCREEN_BUFFER_INFO,Kernel32_CONSOLE_SCREEN_BUFFER_INFO,Kernel32_CONSOLE_SCREEN_BUFFER_INFO,True,True,2026-05-21 16:27:31,
jansi.*,jansi.src.main.org.fusesource.jansi.io.WindowsAnsiProcessor.json,55-424:WindowsAnsiProcessor,field,94-94:originalColors,types,short,short,Int16,True,True,2026-05-21 16:27:31,
jansi.*,jansi.src.main.org.fusesource.jansi.io.WindowsAnsiProcessor.json,55-424:WindowsAnsiProcessor,field,96-96:negative,types,boolean,boolean,Bool,True,True,2026-05-21 16:27:31,
jansi.*,jansi.src.main.org.fusesource.jansi.io.WindowsAnsiProcessor.json,55-424:WindowsAnsiProcessor,field,97-97:savedX,types,short,short,Int16,True,True,2026-05-21 16:27:31,
jansi.*,jansi.src.main.org.fusesource.jansi.io.WindowsAnsiProcessor.json,55-424:WindowsAnsiProcessor,field,98-98:savedY,types,short,short,Int16,True,True,2026-05-21 16:27:31,
jansi.*,jansi.src.main.org.fusesource.jansi.io.WindowsAnsiProcessor.json,55-424:WindowsAnsiProcessor,method,100-105:WindowsAnsiProcessor,parameters,|OutputStream|ps,OutputStream,OutputStream,True,True,2026-05-21 16:27:31,
jansi.*,jansi.src.main.org.fusesource.jansi.io.WindowsAnsiProcessor.json,55-424:WindowsAnsiProcessor,method,100-105:WindowsAnsiProcessor,parameters,|long|console,long,Int64,True,True,2026-05-21 16:27:31,
jansi.*,jansi.src.main.org.fusesource.jansi.io.WindowsAnsiProcessor.json,55-424:WindowsAnsiProcessor,method,107-109:WindowsAnsiProcessor,parameters,|OutputStream|ps,OutputStream,OutputStream,True,True,2026-05-21 16:27:31,
jansi.*,jansi.src.main.org.fusesource.jansi.io.WindowsAnsiProcessor.json,55-424:WindowsAnsiProcessor,method,107-109:WindowsAnsiProcessor,parameters,|boolean|stdout,boolean,Bool,True,True,2026-05-21 16:27:31,
jansi.*,jansi.src.main.org.fusesource.jansi.io.WindowsAnsiProcessor.json,55-424:WindowsAnsiProcessor,method,111-113:WindowsAnsiProcessor,parameters,|OutputStream|ps,OutputStream,OutputStream,True,True,2026-05-21 16:27:31,
jansi.*,jansi.src.main.org.fusesource.jansi.io.WindowsAnsiProcessor.json,55-424:WindowsAnsiProcessor,method,115-123:getConsoleInfo,return_types,void,void,Unit,True,True,2026-05-21 16:27:31,
jansi.*,jansi.src.main.org.fusesource.jansi.io.WindowsAnsiProcessor.json,55-424:WindowsAnsiProcessor,method,115-123:getConsoleInfo,body_types,IOException,IOException,IOException,True,True,2026-05-21 16:27:34,
jansi.*,jansi.src.main.org.fusesource.jansi.io.WindowsAnsiProcessor.json,55-424:WindowsAnsiProcessor,method,125-134:applyAttribute,return_types,void,void,Unit,True,True,2026-05-21 16:27:36,
jansi.*,jansi.src.main.org.fusesource.jansi.io.WindowsAnsiProcessor.json,55-424:WindowsAnsiProcessor,method,125-134:applyAttribute,body_types,short,short,Int16,True,True,2026-05-21 16:27:36,
jansi.*,jansi.src.main.org.fusesource.jansi.io.WindowsAnsiProcessor.json,55-424:WindowsAnsiProcessor,method,125-134:applyAttribute,body_types,IOException,IOException,IOException,True,True,2026-05-21 16:27:43,"Cangjie compilation error: [31merror[0m: expected ';' or '<NL>', found keyword 'class'   [36m==>[0m /tmp/tmpot4g8frt.cj:58:27:    [36m| [0m [36m58[0m [36m| [0m    let _test_val: public class IOException <: Exception {[0m    [36m| [0m                          [31m^^^^^ expected ';' or '<NL>' here[0m    [36m| [0m  [31merror[0m: body of constructor is missing   [36m==>[0m /tmp/tmpot4g8frt.cj:59:33:    [36m| [0m [36m59[0m [36m| [0m    public init(message: String)[0m    ["
jansi.*,jansi.src.main.org.fusesource.jansi.io.WindowsAnsiProcessor.json,55-424:WindowsAnsiProcessor,method,136-144:invertAttributeColors,return_types,short,short,Int16,True,True,2026-05-21 16:27:43,
jansi.*,jansi.src.main.org.fusesource.jansi.io.WindowsAnsiProcessor.json,55-424:WindowsAnsiProcessor,method,136-144:invertAttributeColors,body_types,int,int,Int64,True,True,2026-05-21 16:27:43,
jansi.*,jansi.src.main.org.fusesource.jansi.io.WindowsAnsiProcessor.json,55-424:WindowsAnsiProcessor,method,136-144:invertAttributeColors,body_types,short,short,Int16,True,True,2026-05-21 16:27:43,
jansi.*,jansi.src.main.org.fusesource.jansi.io.WindowsAnsiProcessor.json,55-424:WindowsAnsiProcessor,method,136-144:invertAttributeColors,parameters,|short|attributes,short,Int16,True,True,2026-05-21 16:27:43,
jansi.*,jansi.src.main.org.fusesource.jansi.io.WindowsAnsiProcessor.json,55-424:WindowsAnsiProcessor,method,146-150:applyCursorPosition,return_types,void,void,Unit,True,True,2026-05-21 16:27:43,
jansi.*,jansi.src.main.org.fusesource.jansi.io.WindowsAnsiProcessor.json,55-424:WindowsAnsiProcessor,method,146-150:applyCursorPosition,body_types,IOException,IOException,IOException,True,True,2026-05-21 16:27:45,
jansi.*,jansi.src.main.org.fusesource.jansi.io.WindowsAnsiProcessor.json,55-424:WindowsAnsiProcessor,method,152-182:processEraseScreen,return_types,void,void,Unit,True,True,2026-05-21 16:27:47,
jansi.*,jansi.src.main.org.fusesource.jansi.io.WindowsAnsiProcessor.json,55-424:WindowsAnsiProcessor,method,152-182:processEraseScreen,body_types,int[],int[],Array<Int64>,True,True,2026-05-21 16:27:47,
jansi.*,jansi.src.main.org.fusesource.jansi.io.WindowsAnsiProcessor.json,55-424:WindowsAnsiProcessor,method,152-182:processEraseScreen,body_types,int,int,Int64,True,True,2026-05-21 16:27:50,
jansi.*,jansi.src.main.org.fusesource.jansi.io.WindowsAnsiProcessor.json,55-424:WindowsAnsiProcessor,method,152-182:processEraseScreen,body_types,Kernel32_COORD,Kernel32_COORD,Kernel32_COORD,True,True,2026-05-21 16:27:50,
jansi.*,jansi.src.main.org.fusesource.jansi.io.WindowsAnsiProcessor.json,55-424:WindowsAnsiProcessor,method,152-182:processEraseScreen,parameters,|int|eraseOption,int,Int64,True,True,2026-05-21 16:27:47,
jansi.*,jansi.src.main.org.fusesource.jansi.io.WindowsAnsiProcessor.json,55-424:WindowsAnsiProcessor,method,184-210:processEraseLine,return_types,void,void,Unit,True,True,2026-05-21 16:27:50,
jansi.*,jansi.src.main.org.fusesource.jansi.io.WindowsAnsiProcessor.json,55-424:WindowsAnsiProcessor,method,184-210:processEraseLine,body_types,int[],int[],Array<Int64>,True,True,2026-05-21 16:27:50,
jansi.*,jansi.src.main.org.fusesource.jansi.io.WindowsAnsiProcessor.json,55-424:WindowsAnsiProcessor,method,184-210:processEraseLine,body_types,int,int,Int64,True,True,2026-05-21 16:27:53,
jansi.*,jansi.src.main.org.fusesource.jansi.io.WindowsAnsiProcessor.json,55-424:WindowsAnsiProcessor,method,184-210:processEraseLine,body_types,Kernel32_COORD,Kernel32_COORD,Kernel32_COORD,True,True,2026-05-21 16:27:53,
jansi.*,jansi.src.main.org.fusesource.jansi.io.WindowsAnsiProcessor.json,55-424:WindowsAnsiProcessor,method,184-210:processEraseLine,parameters,|int|eraseOption,int,Int64,True,True,2026-05-21 16:27:50,
jansi.*,jansi.src.main.org.fusesource.jansi.io.WindowsAnsiProcessor.json,55-424:WindowsAnsiProcessor,method,212-217:processCursorLeft,return_types,void,void,Unit,True,True,2026-05-21 16:27:53,
jansi.*,jansi.src.main.org.fusesource.jansi.io.WindowsAnsiProcessor.json,55-424:WindowsAnsiProcessor,method,212-217:processCursorLeft,body_types,short,short,Int16,True,True,2026-05-21 16:27:53,
jansi.*,jansi.src.main.org.fusesource.jansi.io.WindowsAnsiProcessor.json,55-424:WindowsAnsiProcessor,method,212-217:processCursorLeft,parameters,|int|count,int,Int64,True,True,2026-05-21 16:27:53,
jansi.*,jansi.src.main.org.fusesource.jansi.io.WindowsAnsiProcessor.json,55-424:WindowsAnsiProcessor,method,219-224:processCursorRight,return_types,void,void,Unit,True,True,2026-05-21 16:27:53,
jansi.*,jansi.src.main.org.fusesource.jansi.io.WindowsAnsiProcessor.json,55-424:WindowsAnsiProcessor,method,219-224:processCursorRight,body_types,short,short,Int16,True,True,2026-05-21 16:27:53,
jansi.*,jansi.src.main.org.fusesource.jansi.io.WindowsAnsiProcessor.json,55-424:WindowsAnsiProcessor,method,219-224:processCursorRight,parameters,|int|count,int,Int64,True,True,2026-05-21 16:27:53,
jansi.*,jansi.src.main.org.fusesource.jansi.io.WindowsAnsiProcessor.json,55-424:WindowsAnsiProcessor,method,226-231:processCursorDown,return_types,void,void,Unit,True,True,2026-05-21 16:27:53,
jansi.*,jansi.src.main.org.fusesource.jansi.io.WindowsAnsiProcessor.json,55-424:WindowsAnsiProcessor,method,226-231:processCursorDown,body_types,short,short,Int16,True,True,2026-05-21 16:27:53,
jansi.*,jansi.src.main.org.fusesource.jansi.io.WindowsAnsiProcessor.json,55-424:WindowsAnsiProcessor,method,226-231:processCursorDown,parameters,|int|count,int,Int64,True,True,2026-05-21 16:27:53,
jansi.*,jansi.src.main.org.fusesource.jansi.io.WindowsAnsiProcessor.json,55-424:WindowsAnsiProcessor,method,233-238:processCursorUp,return_types,void,void,Unit,True,True,2026-05-21 16:27:53,
jansi.*,jansi.src.main.org.fusesource.jansi.io.WindowsAnsiProcessor.json,55-424:WindowsAnsiProcessor,method,233-238:processCursorUp,body_types,short,short,Int16,True,True,2026-05-21 16:27:53,
jansi.*,jansi.src.main.org.fusesource.jansi.io.WindowsAnsiProcessor.json,55-424:WindowsAnsiProcessor,method,233-238:processCursorUp,parameters,|int|count,int,Int64,True,True,2026-05-21 16:27:53,
jansi.*,jansi.src.main.org.fusesource.jansi.io.WindowsAnsiProcessor.json,55-424:WindowsAnsiProcessor,method,240-246:processCursorTo,return_types,void,void,Unit,True,True,2026-05-21 16:27:53,
jansi.*,jansi.src.main.org.fusesource.jansi.io.WindowsAnsiProcessor.json,55-424:WindowsAnsiProcessor,method,240-246:processCursorTo,body_types,short,short,Int16,True,True,2026-05-21 16:27:53,
jansi.*,jansi.src.main.org.fusesource.jansi.io.WindowsAnsiProcessor.json,55-424:WindowsAnsiProcessor,method,240-246:processCursorTo,parameters,|int|row,int,Int64,True,True,2026-05-21 16:27:53,
jansi.*,jansi.src.main.org.fusesource.jansi.io.WindowsAnsiProcessor.json,55-424:WindowsAnsiProcessor,method,240-246:processCursorTo,parameters,|int|col,int,Int64,True,True,2026-05-21 16:27:53,
jansi.*,jansi.src.main.org.fusesource.jansi.io.WindowsAnsiProcessor.json,55-424:WindowsAnsiProcessor,method,248-253:processCursorToColumn,return_types,void,void,Unit,True,True,2026-05-21 16:27:53,
jansi.*,jansi.src.main.org.fusesource.jansi.io.WindowsAnsiProcessor.json,55-424:WindowsAnsiProcessor,method,248-253:processCursorToColumn,body_types,short,short,Int16,True,True,2026-05-21 16:27:53,
jansi.*,jansi.src.main.org.fusesource.jansi.io.WindowsAnsiProcessor.json,55-424:WindowsAnsiProcessor,method,248-253:processCursorToColumn,parameters,|int|x,int,Int64,True,True,2026-05-21 16:27:53,
jansi.*,jansi.src.main.org.fusesource.jansi.io.WindowsAnsiProcessor.json,55-424:WindowsAnsiProcessor,method,255-261:processCursorUpLine,return_types,void,void,Unit,True,True,2026-05-21 16:27:53,
jansi.*,jansi.src.main.org.fusesource.jansi.io.WindowsAnsiProcessor.json,55-424:WindowsAnsiProcessor,method,255-261:processCursorUpLine,body_types,short,short,Int16,True,True,2026-05-21 16:27:53,
jansi.*,jansi.src.main.org.fusesource.jansi.io.WindowsAnsiProcessor.json,55-424:WindowsAnsiProcessor,method,255-261:processCursorUpLine,parameters,|int|count,int,Int64,True,True,2026-05-21 16:27:53,
jansi.*,jansi.src.main.org.fusesource.jansi.io.WindowsAnsiProcessor.json,55-424:WindowsAnsiProcessor,method,263-269:processCursorDownLine,return_types,void,void,Unit,True,True,2026-05-21 16:27:53,
jansi.*,jansi.src.main.org.fusesource.jansi.io.WindowsAnsiProcessor.json,55-424:WindowsAnsiProcessor,method,263-269:processCursorDownLine,body_types,short,short,Int16,True,True,2026-05-21 16:27:53,
jansi.*,jansi.src.main.org.fusesource.jansi.io.WindowsAnsiProcessor.json,55-424:WindowsAnsiProcessor,method,263-269:processCursorDownLine,parameters,|int|count,int,Int64,True,True,2026-05-21 16:27:53,
jansi.*,jansi.src.main.org.fusesource.jansi.io.WindowsAnsiProcessor.json,55-424:WindowsAnsiProcessor,method,271-278:processSetForegroundColor,return_types,void,void,Unit,True,True,2026-05-21 16:27:53,
jansi.*,jansi.src.main.org.fusesource.jansi.io.WindowsAnsiProcessor.json,55-424:WindowsAnsiProcessor,method,271-278:processSetForegroundColor,body_types,short,short,Int16,True,True,2026-05-21 16:27:53,
jansi.*,jansi.src.main.org.fusesource.jansi.io.WindowsAnsiProcessor.json,55-424:WindowsAnsiProcessor,method,271-278:processSetForegroundColor,parameters,|int|color,int,Int64,True,True,2026-05-21 16:27:53,
jansi.*,jansi.src.main.org.fusesource.jansi.io.WindowsAnsiProcessor.json,55-424:WindowsAnsiProcessor,method,271-278:processSetForegroundColor,parameters,|boolean|bright,boolean,Bool,True,True,2026-05-21 16:27:53,
jansi.*,jansi.src.main.org.fusesource.jansi.io.WindowsAnsiProcessor.json,55-424:WindowsAnsiProcessor,method,280-284:processSetForegroundColorExt,return_types,void,void,Unit,True,True,2026-05-21 16:27:53,
jansi.*,jansi.src.main.org.fusesource.jansi.io.WindowsAnsiProcessor.json,55-424:WindowsAnsiProcessor,method,280-284:processSetForegroundColorExt,body_types,int,int,Int64,True,True,2026-05-21 16:27:53,
jansi.*,jansi.src.main.org.fusesource.jansi.io.WindowsAnsiProcessor.json,55-424:WindowsAnsiProcessor,method,280-284:processSetForegroundColorExt,parameters,|int|paletteIndex,int,Int64,True,True,2026-05-21 16:27:53,
jansi.*,jansi.src.main.org.fusesource.jansi.io.WindowsAnsiProcessor.json,55-424:WindowsAnsiProcessor,method,286-290:processSetForegroundColorExt,return_types,void,void,Unit,True,True,2026-05-21 16:27:53,
jansi.*,jansi.src.main.org.fusesource.jansi.io.WindowsAnsiProcessor.json,55-424:WindowsAnsiProcessor,method,286-290:processSetForegroundColorExt,body_types,int,int,Int64,True,True,2026-05-21 16:27:53,
jansi.*,jansi.src.main.org.fusesource.jansi.io.WindowsAnsiProcessor.json,55-424:WindowsAnsiProcessor,method,286-290:processSetForegroundColorExt,parameters,|int|r,int,Int64,True,True,2026-05-21 16:27:53,
jansi.*,jansi.src.main.org.fusesource.jansi.io.WindowsAnsiProcessor.json,55-424:WindowsAnsiProcessor,method,286-290:processSetForegroundColorExt,parameters,|int|g,int,Int64,True,True,2026-05-21 16:27:53,
jansi.*,jansi.src.main.org.fusesource.jansi.io.WindowsAnsiProcessor.json,55-424:WindowsAnsiProcessor,method,286-290:processSetForegroundColorExt,parameters,|int|b,int,Int64,True,True,2026-05-21 16:27:53,
jansi.*,jansi.src.main.org.fusesource.jansi.io.WindowsAnsiProcessor.json,55-424:WindowsAnsiProcessor,method,292-299:processSetBackgroundColor,return_types,void,void,Unit,True,True,2026-05-21 16:27:53,
jansi.*,jansi.src.main.org.fusesource.jansi.io.WindowsAnsiProcessor.json,55-424:WindowsAnsiProcessor,method,292-299:processSetBackgroundColor,body_types,short,short,Int16,True,True,2026-05-21 16:27:53,
jansi.*,jansi.src.main.org.fusesource.jansi.io.WindowsAnsiProcessor.json,55-424:WindowsAnsiProcessor,method,292-299:processSetBackgroundColor,parameters,|int|color,int,Int64,True,True,2026-05-21 16:27:53,
jansi.*,jansi.src.main.org.fusesource.jansi.io.WindowsAnsiProcessor.json,55-424:WindowsAnsiProcessor,method,292-299:processSetBackgroundColor,parameters,|boolean|bright,boolean,Bool,True,True,2026-05-21 16:27:53,
jansi.*,jansi.src.main.org.fusesource.jansi.io.WindowsAnsiProcessor.json,55-424:WindowsAnsiProcessor,method,301-305:processSetBackgroundColorExt,return_types,void,void,Unit,True,True,2026-05-21 16:27:53,
jansi.*,jansi.src.main.org.fusesource.jansi.io.WindowsAnsiProcessor.json,55-424:WindowsAnsiProcessor,method,301-305:processSetBackgroundColorExt,body_types,int,int,Int64,True,True,2026-05-21 16:27:53,
jansi.*,jansi.src.main.org.fusesource.jansi.io.WindowsAnsiProcessor.json,55-424:WindowsAnsiProcessor,method,301-305:processSetBackgroundColorExt,parameters,|int|paletteIndex,int,Int64,True,True,2026-05-21 16:27:53,
jansi.*,jansi.src.main.org.fusesource.jansi.io.WindowsAnsiProcessor.json,55-424:WindowsAnsiProcessor,method,307-311:processSetBackgroundColorExt,return_types,void,void,Unit,True,True,2026-05-21 16:27:53,
jansi.*,jansi.src.main.org.fusesource.jansi.io.WindowsAnsiProcessor.json,55-424:WindowsAnsiProcessor,method,307-311:processSetBackgroundColorExt,body_types,int,int,Int64,True,True,2026-05-21 16:27:53,
jansi.*,jansi.src.main.org.fusesource.jansi.io.WindowsAnsiProcessor.json,55-424:WindowsAnsiProcessor,method,307-311:processSetBackgroundColorExt,parameters,|int|r,int,Int64,True,True,2026-05-21 16:27:53,
jansi.*,jansi.src.main.org.fusesource.jansi.io.WindowsAnsiProcessor.json,55-424:WindowsAnsiProcessor,method,307-311:processSetBackgroundColorExt,parameters,|int|g,int,Int64,True,True,2026-05-21 16:27:53,
jansi.*,jansi.src.main.org.fusesource.jansi.io.WindowsAnsiProcessor.json,55-424:WindowsAnsiProcessor,method,307-311:processSetBackgroundColorExt,parameters,|int|b,int,Int64,True,True,2026-05-21 16:27:53,
jansi.*,jansi.src.main.org.fusesource.jansi.io.WindowsAnsiProcessor.json,55-424:WindowsAnsiProcessor,method,313-318:processDefaultTextColor,return_types,void,void,Unit,True,True,2026-05-21 16:27:53,
jansi.*,jansi.src.main.org.fusesource.jansi.io.WindowsAnsiProcessor.json,55-424:WindowsAnsiProcessor,method,313-318:processDefaultTextColor,body_types,short,short,Int16,True,True,2026-05-21 16:27:53,
jansi.*,jansi.src.main.org.fusesource.jansi.io.WindowsAnsiProcessor.json,55-424:WindowsAnsiProcessor,method,320-325:processDefaultBackgroundColor,return_types,void,void,Unit,True,True,2026-05-21 16:27:53,
jansi.*,jansi.src.main.org.fusesource.jansi.io.WindowsAnsiProcessor.json,55-424:WindowsAnsiProcessor,method,320-325:processDefaultBackgroundColor,body_types,short,short,Int16,True,True,2026-05-21 16:27:53,
jansi.*,jansi.src.main.org.fusesource.jansi.io.WindowsAnsiProcessor.json,55-424:WindowsAnsiProcessor,method,327-332:processAttributeReset,return_types,void,void,Unit,True,True,2026-05-21 16:27:53,
jansi.*,jansi.src.main.org.fusesource.jansi.io.WindowsAnsiProcessor.json,55-424:WindowsAnsiProcessor,method,327-332:processAttributeReset,body_types,short,short,Int16,True,True,2026-05-21 16:27:53,
jansi.*,jansi.src.main.org.fusesource.jansi.io.WindowsAnsiProcessor.json,55-424:WindowsAnsiProcessor,method,334-368:processSetAttribute,return_types,void,void,Unit,True,True,2026-05-21 16:27:53,
jansi.*,jansi.src.main.org.fusesource.jansi.io.WindowsAnsiProcessor.json,55-424:WindowsAnsiProcessor,method,334-368:processSetAttribute,body_types,short,short,Int16,True,True,2026-05-21 16:27:53,
jansi.*,jansi.src.main.org.fusesource.jansi.io.WindowsAnsiProcessor.json,55-424:WindowsAnsiProcessor,method,334-368:processSetAttribute,parameters,|int|attribute,int,Int64,True,True,2026-05-21 16:27:53,
jansi.*,jansi.src.main.org.fusesource.jansi.io.WindowsAnsiProcessor.json,55-424:WindowsAnsiProcessor,method,370-375:processSaveCursorPosition,return_types,void,void,Unit,True,True,2026-05-21 16:27:53,
jansi.*,jansi.src.main.org.fusesource.jansi.io.WindowsAnsiProcessor.json,55-424:WindowsAnsiProcessor,method,377-386:processRestoreCursorPosition,return_types,void,void,Unit,True,True,2026-05-21 16:27:53,
jansi.*,jansi.src.main.org.fusesource.jansi.io.WindowsAnsiProcessor.json,55-424:WindowsAnsiProcessor,method,388-402:processInsertLine,return_types,void,void,Unit,True,True,2026-05-21 16:27:53,
jansi.*,jansi.src.main.org.fusesource.jansi.io.WindowsAnsiProcessor.json,55-424:WindowsAnsiProcessor,method,388-402:processInsertLine,body_types,Kernel32_SMALL_RECT,Kernel32_SMALL_RECT,Kernel32_SMALL_RECT,True,True,2026-05-21 16:27:53,
jansi.*,jansi.src.main.org.fusesource.jansi.io.WindowsAnsiProcessor.json,55-424:WindowsAnsiProcessor,method,388-402:processInsertLine,body_types,Kernel32_COORD,Kernel32_COORD,Kernel32_COORD,True,True,2026-05-21 16:27:53,
jansi.*,jansi.src.main.org.fusesource.jansi.io.WindowsAnsiProcessor.json,55-424:WindowsAnsiProcessor,method,388-402:processInsertLine,body_types,short,short,Int16,True,True,2026-05-21 16:27:53,
jansi.*,jansi.src.main.org.fusesource.jansi.io.WindowsAnsiProcessor.json,55-424:WindowsAnsiProcessor,method,388-402:processInsertLine,body_types,Kernel32_CHAR_INFO,Kernel32_CHAR_INFO,Kernel32_CHAR_INFO,True,True,2026-05-21 16:27:53,
jansi.*,jansi.src.main.org.fusesource.jansi.io.WindowsAnsiProcessor.json,55-424:WindowsAnsiProcessor,method,388-402:processInsertLine,body_types,IOException,IOException,IOException,True,True,2026-05-21 16:28:00,"Cangjie compilation error: [31merror[0m: expected ';' or '<NL>', found keyword 'class'   [36m==>[0m /tmp/tmp3bpp3l8i.cj:58:27:    [36m| [0m [36m58[0m [36m| [0m    let _test_val: public class IOException <: Exception {[0m    [36m| [0m                          [31m^^^^^ expected ';' or '<NL>' here[0m    [36m| [0m  [31merror[0m: body of constructor is missing   [36m==>[0m /tmp/tmp3bpp3l8i.cj:59:33:    [36m| [0m [36m59[0m [36m| [0m    public init(message: String)[0m    ["
jansi.*,jansi.src.main.org.fusesource.jansi.io.WindowsAnsiProcessor.json,55-424:WindowsAnsiProcessor,method,388-402:processInsertLine,parameters,|int|optionInt,int,Int64,True,True,2026-05-21 16:27:53,
jansi.*,jansi.src.main.org.fusesource.jansi.io.WindowsAnsiProcessor.json,55-424:WindowsAnsiProcessor,method,404-418:processDeleteLine,return_types,void,void,Unit,True,True,2026-05-21 16:28:00,
jansi.*,jansi.src.main.org.fusesource.jansi.io.WindowsAnsiProcessor.json,55-424:WindowsAnsiProcessor,method,404-418:processDeleteLine,body_types,Kernel32_SMALL_RECT,Kernel32_SMALL_RECT,Kernel32_SMALL_RECT,True,True,2026-05-21 16:28:00,
jansi.*,jansi.src.main.org.fusesource.jansi.io.WindowsAnsiProcessor.json,55-424:WindowsAnsiProcessor,method,404-418:processDeleteLine,body_types,Kernel32_COORD,Kernel32_COORD,Kernel32_COORD,True,True,2026-05-21 16:28:00,
jansi.*,jansi.src.main.org.fusesource.jansi.io.WindowsAnsiProcessor.json,55-424:WindowsAnsiProcessor,method,404-418:processDeleteLine,body_types,short,short,Int16,True,True,2026-05-21 16:28:00,
jansi.*,jansi.src.main.org.fusesource.jansi.io.WindowsAnsiProcessor.json,55-424:WindowsAnsiProcessor,method,404-418:processDeleteLine,body_types,Kernel32_CHAR_INFO,Kernel32_CHAR_INFO,Kernel32_CHAR_INFO,True,True,2026-05-21 16:28:00,
jansi.*,jansi.src.main.org.fusesource.jansi.io.WindowsAnsiProcessor.json,55-424:WindowsAnsiProcessor,method,404-418:processDeleteLine,body_types,IOException,IOException,IOException,True,True,2026-05-21 16:28:07,"Cangjie compilation error: [31merror[0m: expected ';' or '<NL>', found keyword 'class'   [36m==>[0m /tmp/tmpmvyrn_6z.cj:58:27:    [36m| [0m [36m58[0m [36m| [0m    let _test_val: public class IOException <: Exception {[0m    [36m| [0m                          [31m^^^^^ expected ';' or '<NL>' here[0m    [36m| [0m  1 error generated, 1 error printed. "
jansi.*,jansi.src.main.org.fusesource.jansi.io.WindowsAnsiProcessor.json,55-424:WindowsAnsiProcessor,method,404-418:processDeleteLine,parameters,|int|optionInt,int,Int64,True,True,2026-05-21 16:28:00,
jansi.*,jansi.src.main.org.fusesource.jansi.io.WindowsAnsiProcessor.json,55-424:WindowsAnsiProcessor,method,420-423:processChangeWindowTitle,return_types,void,void,Unit,True,True,2026-05-21 16:28:07,
jansi.*,jansi.src.main.org.fusesource.jansi.io.WindowsAnsiProcessor.json,55-424:WindowsAnsiProcessor,method,420-423:processChangeWindowTitle,parameters,|String|label,String,String,True,True,2026-05-21 16:28:07,
jansi.*,jansi.src.test.org.fusesource.jansi.AnsiConsoleExample.json,24-44:AnsiConsoleExample,method,28-43:main,return_types,void,void,Unit,True,True,2026-05-21 16:32:12,
jansi.*,jansi.src.test.org.fusesource.jansi.AnsiConsoleExample.json,24-44:AnsiConsoleExample,method,28-43:main,body_types,String,String,String,True,True,2026-05-21 16:32:16,
jansi.*,jansi.src.test.org.fusesource.jansi.AnsiConsoleExample.json,24-44:AnsiConsoleExample,method,28-43:main,body_types,FileInputStream,FileInputStream,Any,True,True,2026-05-21 16:32:23,Cangjie compilation error: [31merror[0m: undeclared type name 'FileInputStream'   [36m==>[0m /tmp/tmpjjih0g3x.cj:58:20:    [36m| [0m [36m58[0m [36m| [0m    let _test_val: FileInputStream[0m    [36m| [0m                   [31m^ [0m    [36m| [0m  [33mwarning[0m: unused import 'std.io.*'  [36m==>[0m /tmp/tmpjjih0g3x.cj:3:1:   [36m| [0m [36m3[0m [36m| [0mimport std.io.*[0m   [36m| [0m[33m^^^^^^^^^^^^^^^ unused import[0m   [36m| [0m   [36m#[0m [0mnote[0m: this wa
jansi.*,jansi.src.test.org.fusesource.jansi.AnsiConsoleExample.json,24-44:AnsiConsoleExample,method,28-43:main,body_types,int,int,Int64,True,True,2026-05-21 16:32:23,
jansi.*,jansi.src.test.org.fusesource.jansi.AnsiConsoleExample.json,24-44:AnsiConsoleExample,method,28-43:main,parameters,|String[]|args,String[],Array<String>,True,True,2026-05-21 16:32:12,
jansi.*,jansi.src.test.org.fusesource.jansi.AnsiConsoleExample2.json,26-49:AnsiConsoleExample2,method,30-48:main,return_types,void,void,Unit,True,True,2026-05-21 16:27:21,
jansi.*,jansi.src.test.org.fusesource.jansi.AnsiConsoleExample2.json,26-49:AnsiConsoleExample2,method,30-48:main,body_types,String,String,String,True,True,2026-05-21 16:27:23,
jansi.*,jansi.src.test.org.fusesource.jansi.AnsiConsoleExample2.json,26-49:AnsiConsoleExample2,method,30-48:main,body_types,FileInputStream,FileInputStream,Any,True,True,2026-05-21 16:27:23,
jansi.*,jansi.src.test.org.fusesource.jansi.AnsiConsoleExample2.json,26-49:AnsiConsoleExample2,method,30-48:main,body_types,int,int,Int64,True,True,2026-05-21 16:27:26,
jansi.*,jansi.src.test.org.fusesource.jansi.AnsiConsoleExample2.json,26-49:AnsiConsoleExample2,method,30-48:main,parameters,|String[]|args,String[],Array<String>,True,True,2026-05-21 16:27:21,
jansi.*,jansi.src.test.org.fusesource.jansi.AnsiRendererTest.json,34-125:AnsiRendererTest,method,35-38:setUp,return_types,void,void,Unit,True,True,2026-05-21 16:20:24,
jansi.*,jansi.src.test.org.fusesource.jansi.AnsiRendererTest.json,34-125:AnsiRendererTest,method,40-45:testTest,return_types,void,void,Unit,True,True,2026-05-21 16:20:24,
jansi.*,jansi.src.test.org.fusesource.jansi.AnsiRendererTest.json,34-125:AnsiRendererTest,method,47-53:testRender,return_types,void,void,Unit,True,True,2026-05-21 16:20:24,
jansi.*,jansi.src.test.org.fusesource.jansi.AnsiRendererTest.json,34-125:AnsiRendererTest,method,47-53:testRender,body_types,String,String,String,True,True,2026-05-21 16:20:24,
jansi.*,jansi.src.test.org.fusesource.jansi.AnsiRendererTest.json,34-125:AnsiRendererTest,method,55-60:testRenderCodes,return_types,void,void,Unit,True,True,2026-05-21 16:20:24,
jansi.*,jansi.src.test.org.fusesource.jansi.AnsiRendererTest.json,34-125:AnsiRendererTest,method,55-60:testRenderCodes,body_types,String,String,String,True,True,2026-05-21 16:20:24,
jansi.*,jansi.src.test.org.fusesource.jansi.AnsiRendererTest.json,34-125:AnsiRendererTest,method,62-68:testRender2,return_types,void,void,Unit,True,True,2026-05-21 16:20:24,
jansi.*,jansi.src.test.org.fusesource.jansi.AnsiRendererTest.json,34-125:AnsiRendererTest,method,62-68:testRender2,body_types,String,String,String,True,True,2026-05-21 16:20:24,
jansi.*,jansi.src.test.org.fusesource.jansi.AnsiRendererTest.json,34-125:AnsiRendererTest,method,70-76:testRender3,return_types,void,void,Unit,True,True,2026-05-21 16:20:24,
jansi.*,jansi.src.test.org.fusesource.jansi.AnsiRendererTest.json,34-125:AnsiRendererTest,method,70-76:testRender3,body_types,String,String,String,True,True,2026-05-21 16:20:24,
jansi.*,jansi.src.test.org.fusesource.jansi.AnsiRendererTest.json,34-125:AnsiRendererTest,method,78-94:testRender4,return_types,void,void,Unit,True,True,2026-05-21 16:20:24,
jansi.*,jansi.src.test.org.fusesource.jansi.AnsiRendererTest.json,34-125:AnsiRendererTest,method,78-94:testRender4,body_types,String,String,String,True,True,2026-05-21 16:20:24,
jansi.*,jansi.src.test.org.fusesource.jansi.AnsiRendererTest.json,34-125:AnsiRendererTest,method,96-102:testRender5,return_types,void,void,Unit,True,True,2026-05-21 16:20:24,
jansi.*,jansi.src.test.org.fusesource.jansi.AnsiRendererTest.json,34-125:AnsiRendererTest,method,96-102:testRender5,body_types,String,String,String,True,True,2026-05-21 16:20:24,
jansi.*,jansi.src.test.org.fusesource.jansi.AnsiRendererTest.json,34-125:AnsiRendererTest,method,104-107:testRenderNothing,return_types,void,void,Unit,True,True,2026-05-21 16:20:24,
jansi.*,jansi.src.test.org.fusesource.jansi.AnsiRendererTest.json,34-125:AnsiRendererTest,method,109-113:testRenderInvalidMissingEnd,return_types,void,void,Unit,True,True,2026-05-21 16:20:24,
jansi.*,jansi.src.test.org.fusesource.jansi.AnsiRendererTest.json,34-125:AnsiRendererTest,method,109-113:testRenderInvalidMissingEnd,body_types,String,String,String,True,True,2026-05-21 16:20:24,
jansi.*,jansi.src.test.org.fusesource.jansi.AnsiRendererTest.json,34-125:AnsiRendererTest,method,115-118:testRenderInvalidEndBeforeStart,return_types,void,void,Unit,True,True,2026-05-21 16:20:24,
jansi.*,jansi.src.test.org.fusesource.jansi.AnsiRendererTest.json,34-125:AnsiRendererTest,method,115-118:testRenderInvalidEndBeforeStart,body_types,IllegalArgumentException,IllegalArgumentException,IllegalArgumentException,True,True,2026-05-21 16:20:24,
jansi.*,jansi.src.test.org.fusesource.jansi.AnsiRendererTest.json,34-125:AnsiRendererTest,method,120-124:testRenderInvalidMissingText,return_types,void,void,Unit,True,True,2026-05-21 16:20:26,
jansi.*,jansi.src.test.org.fusesource.jansi.AnsiRendererTest.json,34-125:AnsiRendererTest,method,120-124:testRenderInvalidMissingText,body_types,String,String,String,True,True,2026-05-21 16:20:26,
jansi.*,jansi.src.test.org.fusesource.jansi.AnsiStringTest.json,24-31:AnsiStringTest,method,26-30:testCursorPosition,return_types,void,void,Unit,True,True,2026-05-21 16:20:26,
jansi.*,jansi.src.test.org.fusesource.jansi.AnsiStringTest.json,24-31:AnsiStringTest,method,26-30:testCursorPosition,body_types,Ansi,Ansi,Ansi,True,True,2026-05-21 16:20:26,
jansi.*,jansi.src.test.org.fusesource.jansi.AnsiTest.json,39-207:AnsiTest,method,40-47:testSetEnabled,return_types,void,void,Unit,True,True,2026-05-21 16:28:07,
jansi.*,jansi.src.test.org.fusesource.jansi.AnsiTest.json,39-207:AnsiTest,method,40-47:testSetEnabled,body_types,Thread,Thread,Thread,True,True,2026-05-21 16:28:08,
jansi.*,jansi.src.test.org.fusesource.jansi.AnsiTest.json,39-207:AnsiTest,method,49-55:testClone,return_types,void,void,Unit,True,True,2026-05-21 16:28:11,
jansi.*,jansi.src.test.org.fusesource.jansi.AnsiTest.json,39-207:AnsiTest,method,49-55:testClone,body_types,Ansi,Ansi,Ansi,True,True,2026-05-21 16:28:11,
jansi.*,jansi.src.test.org.fusesource.jansi.AnsiTest.json,39-207:AnsiTest,method,57-60:testApply,return_types,void,void,Unit,True,True,2026-05-21 16:28:11,
jansi.*,jansi.src.test.org.fusesource.jansi.AnsiTest.json,39-207:AnsiTest,method,62-69:testScrollUp,return_types,void,void,Unit,True,True,2026-05-21 16:28:11,
jansi.*,jansi.src.test.org.fusesource.jansi.AnsiTest.json,39-207:AnsiTest,method,62-69:testScrollUp,parameters,|int|x,int,Int64,True,True,2026-05-21 16:28:11,
jansi.*,jansi.src.test.org.fusesource.jansi.AnsiTest.json,39-207:AnsiTest,method,62-69:testScrollUp,parameters,|String|expected,String,String,True,True,2026-05-21 16:28:11,
jansi.*,jansi.src.test.org.fusesource.jansi.AnsiTest.json,39-207:AnsiTest,method,71-78:testScrollDown,return_types,void,void,Unit,True,True,2026-05-21 16:28:11,
jansi.*,jansi.src.test.org.fusesource.jansi.AnsiTest.json,39-207:AnsiTest,method,71-78:testScrollDown,parameters,|int|x,int,Int64,True,True,2026-05-21 16:28:11,
jansi.*,jansi.src.test.org.fusesource.jansi.AnsiTest.json,39-207:AnsiTest,method,71-78:testScrollDown,parameters,|String|expected,String,String,True,True,2026-05-21 16:28:11,
jansi.*,jansi.src.test.org.fusesource.jansi.AnsiTest.json,39-207:AnsiTest,method,80-89:testCursor,return_types,void,void,Unit,True,True,2026-05-21 16:28:11,
jansi.*,jansi.src.test.org.fusesource.jansi.AnsiTest.json,39-207:AnsiTest,method,80-89:testCursor,body_types,Ansi,Ansi,Ansi,True,True,2026-05-21 16:28:11,
jansi.*,jansi.src.test.org.fusesource.jansi.AnsiTest.json,39-207:AnsiTest,method,80-89:testCursor,parameters,|int|x,int,Int64,True,True,2026-05-21 16:28:11,
jansi.*,jansi.src.test.org.fusesource.jansi.AnsiTest.json,39-207:AnsiTest,method,80-89:testCursor,parameters,|int|y,int,Int64,True,True,2026-05-21 16:28:11,
jansi.*,jansi.src.test.org.fusesource.jansi.AnsiTest.json,39-207:AnsiTest,method,80-89:testCursor,parameters,|String|expected,String,String,True,True,2026-05-21 16:28:11,
jansi.*,jansi.src.test.org.fusesource.jansi.AnsiTest.json,39-207:AnsiTest,method,91-95:testCursorToColumn,return_types,void,void,Unit,True,True,2026-05-21 16:28:11,
jansi.*,jansi.src.test.org.fusesource.jansi.AnsiTest.json,39-207:AnsiTest,method,91-95:testCursorToColumn,body_types,Ansi,Ansi,Ansi,True,True,2026-05-21 16:28:11,
jansi.*,jansi.src.test.org.fusesource.jansi.AnsiTest.json,39-207:AnsiTest,method,91-95:testCursorToColumn,parameters,|int|x,int,Int64,True,True,2026-05-21 16:28:11,
jansi.*,jansi.src.test.org.fusesource.jansi.AnsiTest.json,39-207:AnsiTest,method,91-95:testCursorToColumn,parameters,|String|expected,String,String,True,True,2026-05-21 16:28:11,
jansi.*,jansi.src.test.org.fusesource.jansi.AnsiTest.json,39-207:AnsiTest,method,97-101:testCursorUp,return_types,void,void,Unit,True,True,2026-05-21 16:28:11,
jansi.*,jansi.src.test.org.fusesource.jansi.AnsiTest.json,39-207:AnsiTest,method,97-101:testCursorUp,body_types,Ansi,Ansi,Ansi,True,True,2026-05-21 16:28:11,
jansi.*,jansi.src.test.org.fusesource.jansi.AnsiTest.json,39-207:AnsiTest,method,97-101:testCursorUp,parameters,|int|y,int,Int64,True,True,2026-05-21 16:28:11,
jansi.*,jansi.src.test.org.fusesource.jansi.AnsiTest.json,39-207:AnsiTest,method,97-101:testCursorUp,parameters,|String|expected,String,String,True,True,2026-05-21 16:28:11,
jansi.*,jansi.src.test.org.fusesource.jansi.AnsiTest.json,39-207:AnsiTest,method,103-107:testCursorDown,return_types,void,void,Unit,True,True,2026-05-21 16:28:11,
jansi.*,jansi.src.test.org.fusesource.jansi.AnsiTest.json,39-207:AnsiTest,method,103-107:testCursorDown,body_types,Ansi,Ansi,Ansi,True,True,2026-05-21 16:28:11,
jansi.*,jansi.src.test.org.fusesource.jansi.AnsiTest.json,39-207:AnsiTest,method,103-107:testCursorDown,parameters,|int|y,int,Int64,True,True,2026-05-21 16:28:11,
jansi.*,jansi.src.test.org.fusesource.jansi.AnsiTest.json,39-207:AnsiTest,method,103-107:testCursorDown,parameters,|String|expected,String,String,True,True,2026-05-21 16:28:11,
jansi.*,jansi.src.test.org.fusesource.jansi.AnsiTest.json,39-207:AnsiTest,method,109-113:testCursorRight,return_types,void,void,Unit,True,True,2026-05-21 16:28:11,
jansi.*,jansi.src.test.org.fusesource.jansi.AnsiTest.json,39-207:AnsiTest,method,109-113:testCursorRight,body_types,Ansi,Ansi,Ansi,True,True,2026-05-21 16:28:11,
jansi.*,jansi.src.test.org.fusesource.jansi.AnsiTest.json,39-207:AnsiTest,method,109-113:testCursorRight,parameters,|int|x,int,Int64,True,True,2026-05-21 16:28:11,
jansi.*,jansi.src.test.org.fusesource.jansi.AnsiTest.json,39-207:AnsiTest,method,109-113:testCursorRight,parameters,|String|expected,String,String,True,True,2026-05-21 16:28:11,
jansi.*,jansi.src.test.org.fusesource.jansi.AnsiTest.json,39-207:AnsiTest,method,115-119:testCursorLeft,return_types,void,void,Unit,True,True,2026-05-21 16:28:11,
jansi.*,jansi.src.test.org.fusesource.jansi.AnsiTest.json,39-207:AnsiTest,method,115-119:testCursorLeft,body_types,Ansi,Ansi,Ansi,True,True,2026-05-21 16:28:11,
jansi.*,jansi.src.test.org.fusesource.jansi.AnsiTest.json,39-207:AnsiTest,method,115-119:testCursorLeft,parameters,|int|x,int,Int64,True,True,2026-05-21 16:28:11,
jansi.*,jansi.src.test.org.fusesource.jansi.AnsiTest.json,39-207:AnsiTest,method,115-119:testCursorLeft,parameters,|String|expected,String,String,True,True,2026-05-21 16:28:11,
jansi.*,jansi.src.test.org.fusesource.jansi.AnsiTest.json,39-207:AnsiTest,method,121-131:testCursorMove,return_types,void,void,Unit,True,True,2026-05-21 16:28:11,
jansi.*,jansi.src.test.org.fusesource.jansi.AnsiTest.json,39-207:AnsiTest,method,121-131:testCursorMove,body_types,Ansi,Ansi,Ansi,True,True,2026-05-21 16:28:11,
jansi.*,jansi.src.test.org.fusesource.jansi.AnsiTest.json,39-207:AnsiTest,method,121-131:testCursorMove,parameters,|int|x,int,Int64,True,True,2026-05-21 16:28:11,
jansi.*,jansi.src.test.org.fusesource.jansi.AnsiTest.json,39-207:AnsiTest,method,121-131:testCursorMove,parameters,|int|y,int,Int64,True,True,2026-05-21 16:28:11,
jansi.*,jansi.src.test.org.fusesource.jansi.AnsiTest.json,39-207:AnsiTest,method,121-131:testCursorMove,parameters,|String|expected,String,String,True,True,2026-05-21 16:28:11,
jansi.*,jansi.src.test.org.fusesource.jansi.AnsiTest.json,39-207:AnsiTest,method,133-136:testCursorDownLine,return_types,void,void,Unit,True,True,2026-05-21 16:28:11,
jansi.*,jansi.src.test.org.fusesource.jansi.AnsiTest.json,39-207:AnsiTest,method,133-136:testCursorDownLine,body_types,Ansi,Ansi,Ansi,True,True,2026-05-21 16:28:11,
jansi.*,jansi.src.test.org.fusesource.jansi.AnsiTest.json,39-207:AnsiTest,method,138-142:testCursorDownLine,return_types,void,void,Unit,True,True,2026-05-21 16:28:11,
jansi.*,jansi.src.test.org.fusesource.jansi.AnsiTest.json,39-207:AnsiTest,method,138-142:testCursorDownLine,body_types,Ansi,Ansi,Ansi,True,True,2026-05-21 16:28:11,
jansi.*,jansi.src.test.org.fusesource.jansi.AnsiTest.json,39-207:AnsiTest,method,138-142:testCursorDownLine,parameters,|int|n,int,Int64,True,True,2026-05-21 16:28:11,
jansi.*,jansi.src.test.org.fusesource.jansi.AnsiTest.json,39-207:AnsiTest,method,138-142:testCursorDownLine,parameters,|String|expected,String,String,True,True,2026-05-21 16:28:11,
jansi.*,jansi.src.test.org.fusesource.jansi.AnsiTest.json,39-207:AnsiTest,method,144-147:testCursorUpLine,return_types,void,void,Unit,True,True,2026-05-21 16:28:11,
jansi.*,jansi.src.test.org.fusesource.jansi.AnsiTest.json,39-207:AnsiTest,method,144-147:testCursorUpLine,body_types,Ansi,Ansi,Ansi,True,True,2026-05-21 16:28:11,
jansi.*,jansi.src.test.org.fusesource.jansi.AnsiTest.json,39-207:AnsiTest,method,149-153:testCursorUpLine,return_types,void,void,Unit,True,True,2026-05-21 16:28:11,
jansi.*,jansi.src.test.org.fusesource.jansi.AnsiTest.json,39-207:AnsiTest,method,149-153:testCursorUpLine,body_types,Ansi,Ansi,Ansi,True,True,2026-05-21 16:28:11,
jansi.*,jansi.src.test.org.fusesource.jansi.AnsiTest.json,39-207:AnsiTest,method,149-153:testCursorUpLine,parameters,|int|n,int,Int64,True,True,2026-05-21 16:28:11,
jansi.*,jansi.src.test.org.fusesource.jansi.AnsiTest.json,39-207:AnsiTest,method,149-153:testCursorUpLine,parameters,|String|expected,String,String,True,True,2026-05-21 16:28:11,
jansi.*,jansi.src.test.org.fusesource.jansi.AnsiTest.json,39-207:AnsiTest,method,155-174:testColorDisabled,return_types,void,void,Unit,True,True,2026-05-21 16:28:11,
jansi.*,jansi.src.test.org.fusesource.jansi.AnsiTest.json,39-207:AnsiTest,method,176-202:testAnsiMainWithNoConsole,return_types,void,void,Unit,True,True,2026-05-21 16:28:11,
jansi.*,jansi.src.test.org.fusesource.jansi.AnsiTest.json,39-207:AnsiTest,method,176-202:testAnsiMainWithNoConsole,body_types,Path,Path,Path,True,True,2026-05-21 16:28:16,
jansi.*,jansi.src.test.org.fusesource.jansi.AnsiTest.json,39-207:AnsiTest,method,176-202:testAnsiMainWithNoConsole,body_types,String,String,String,True,True,2026-05-21 16:28:18,
jansi.*,jansi.src.test.org.fusesource.jansi.AnsiTest.json,39-207:AnsiTest,method,176-202:testAnsiMainWithNoConsole,body_types,Process,Process,Any,True,True,2026-05-21 16:28:21,
jansi.*,jansi.src.test.org.fusesource.jansi.AnsiTest.json,39-207:AnsiTest,method,176-202:testAnsiMainWithNoConsole,body_types,ProcessBuilder,ProcessBuilder,Any,True,True,2026-05-21 16:28:28,"Cangjie compilation error: [31merror[0m: expected declaration, found 'from'  [36m==>[0m /tmp/tmpm3bcg83v.cj:3:1:   [36m| [0m [36m3[0m [36m| [0mfrom std.process import ProcessBuilder[0m   [36m| [0m[31m^^^^ expected declaration here[0m   [36m| [0m   [36m#[0m [0mnote[0m: only declarations or macro expressions can be used in the top-level  1 error generated, 1 error printed. "
jansi.*,jansi.src.test.org.fusesource.jansi.AnsiTest.json,39-207:AnsiTest,method,176-202:testAnsiMainWithNoConsole,body_types,AnsiMain,AnsiMain,AnsiMain,True,True,2026-05-21 16:28:28,
jansi.*,jansi.src.test.org.fusesource.jansi.AnsiTest.json,39-207:AnsiTest,method,176-202:testAnsiMainWithNoConsole,body_types,ByteArrayOutputStream,ByteArrayOutputStream,Any,True,True,2026-05-21 16:28:34,"Cangjie compilation error: [31merror[0m: expected declaration, found 'from'  [36m==>[0m /tmp/tmpahsouplk.cj:3:1:   [36m| [0m [36m3[0m [36m| [0mfrom std.io import ByteArrayOutputStream[0m   [36m| [0m[31m^^^^ expected declaration here[0m   [36m| [0m   [36m#[0m [0mnote[0m: only declarations or macro expressions can be used in the top-level  1 error generated, 1 error printed. "
jansi.*,jansi.src.test.org.fusesource.jansi.AnsiTest.json,39-207:AnsiTest,method,176-202:testAnsiMainWithNoConsole,body_types,InputStream,InputStream,InputStream,True,True,2026-05-21 16:28:34,
jansi.*,jansi.src.test.org.fusesource.jansi.AnsiTest.json,39-207:AnsiTest,method,176-202:testAnsiMainWithNoConsole,body_types,byte[],byte[],Array<Byte>,True,True,2026-05-21 16:28:34,
jansi.*,jansi.src.test.org.fusesource.jansi.AnsiTest.json,39-207:AnsiTest,method,176-202:testAnsiMainWithNoConsole,body_types,byte,byte,Int8,True,True,2026-05-21 16:28:36,
jansi.*,jansi.src.test.org.fusesource.jansi.AnsiTest.json,39-207:AnsiTest,method,176-202:testAnsiMainWithNoConsole,body_types,int,int,Int64,True,True,2026-05-21 16:28:36,
jansi.*,jansi.src.test.org.fusesource.jansi.AnsiTest.json,39-207:AnsiTest,method,204-206:assertAnsi,return_types,void,void,Unit,True,True,2026-05-21 16:28:36,
jansi.*,jansi.src.test.org.fusesource.jansi.AnsiTest.json,39-207:AnsiTest,method,204-206:assertAnsi,parameters,|String|expected,String,String,True,True,2026-05-21 16:28:36,
jansi.*,jansi.src.test.org.fusesource.jansi.AnsiTest.json,39-207:AnsiTest,method,204-206:assertAnsi,parameters,|Ansi|actual,Ansi,Ansi,True,True,2026-05-21 16:28:36,
jansi.*,jansi.src.test.org.fusesource.jansi.EncodingTest.json,30-89:EncodingTest,method,32-59:testEncoding8859,return_types,void,void,Unit,True,True,2026-05-21 16:33:15,
jansi.*,jansi.src.test.org.fusesource.jansi.EncodingTest.json,30-89:EncodingTest,method,32-59:testEncoding8859,body_types,ByteArrayOutputStream,ByteArrayOutputStream,Any,True,True,2026-05-21 16:33:29,"Cangjie compilation error: [31merror[0m: expected type name after ':', found keyword 'class'   [36m==>[0m /tmp/tmpvabupxk_.cj:58:20:    [36m| [0m [36m58[0m [36m| [0m    let _test_val: class ByteArrayOutputStream {[0m    [36m| [0m                 [36m~[0m [31m^^^^^ expected type name here[0m    [36m| [0m                 [36m|[0m    [36m| [0m                 [36mafter ':'[0m    [36m| [0m  1 error generated, 1 error printed. "
jansi.*,jansi.src.test.org.fusesource.jansi.EncodingTest.json,30-89:EncodingTest,method,32-59:testEncoding8859,body_types,AtomicReference<String>,AtomicReference<String>,Any,True,True,2026-05-21 16:33:36,"Cangjie compilation error: [31merror[0m: expected declaration, found 'from'  [36m==>[0m /tmp/tmpumg3uh5_.cj:3:1:   [36m| [0m [36m3[0m [36m| [0mfrom std.concurrent import AtomicReference[0m   [36m| [0m[31m^^^^ expected declaration here[0m   [36m| [0m   [36m#[0m [0mnote[0m: only declarations or macro expressions can be used in the top-level  1 error generated, 1 error printed. "
jansi.*,jansi.src.test.org.fusesource.jansi.EncodingTest.json,30-89:EncodingTest,method,32-59:testEncoding8859,body_types,AtomicReference<>,AtomicReference<>,Any,True,True,2026-05-21 16:33:45,"Cangjie compilation error: [31merror[0m: expected declaration, found 'from'  [36m==>[0m /tmp/tmpkdnnkg3l.cj:3:1:   [36m| [0m [36m3[0m [36m| [0mfrom std.concurrent import AtomicReference[0m   [36m| [0m[31m^^^^ expected declaration here[0m   [36m| [0m   [36m#[0m [0mnote[0m: only declarations or macro expressions can be used in the top-level  1 error generated, 1 error printed. "
jansi.*,jansi.src.test.org.fusesource.jansi.EncodingTest.json,30-89:EncodingTest,method,32-59:testEncoding8859,body_types,PrintStream,PrintStream,Any,True,True,2026-05-21 16:33:50,Cangjie compilation error: [31merror[0m: undeclared type name 'PrintStream'   [36m==>[0m /tmp/tmp89fgiket.cj:58:20:    [36m| [0m [36m58[0m [36m| [0m    let _test_val: PrintStream[0m    [36m| [0m                   [31m^ [0m    [36m| [0m  [33mwarning[0m: unused import 'std.io.*'  [36m==>[0m /tmp/tmp89fgiket.cj:3:1:   [36m| [0m [36m3[0m [36m| [0mimport std.io.*[0m   [36m| [0m[33m^^^^^^^^^^^^^^^ unused import[0m   [36m| [0m   [36m#[0m [0mnote[0m: this warning ca
jansi.*,jansi.src.test.org.fusesource.jansi.EncodingTest.json,30-89:EncodingTest,method,32-59:testEncoding8859,body_types,AnsiPrintStream,AnsiPrintStream,AnsiPrintStream,True,True,2026-05-21 16:33:50,
jansi.*,jansi.src.test.org.fusesource.jansi.EncodingTest.json,30-89:EncodingTest,method,32-59:testEncoding8859,body_types,AnsiOutputStream,AnsiOutputStream,AnsiOutputStream,True,True,2026-05-21 16:33:50,
jansi.*,jansi.src.test.org.fusesource.jansi.EncodingTest.json,30-89:EncodingTest,method,32-59:testEncoding8859,body_types,AnsiProcessor,AnsiProcessor,AnsiProcessor,True,True,2026-05-21 16:33:50,
jansi.*,jansi.src.test.org.fusesource.jansi.EncodingTest.json,30-89:EncodingTest,method,32-59:testEncoding8859,body_types,void,void,Unit,True,True,2026-05-21 16:33:50,
jansi.*,jansi.src.test.org.fusesource.jansi.EncodingTest.json,30-89:EncodingTest,method,32-59:testEncoding8859,body_types,String,String,String,True,True,2026-05-21 16:33:50,
jansi.*,jansi.src.test.org.fusesource.jansi.EncodingTest.json,30-89:EncodingTest,method,61-88:testEncodingUtf8,return_types,void,void,Unit,True,True,2026-05-21 16:33:50,
jansi.*,jansi.src.test.org.fusesource.jansi.EncodingTest.json,30-89:EncodingTest,method,61-88:testEncodingUtf8,body_types,ByteArrayOutputStream,ByteArrayOutputStream,Any,True,True,2026-05-21 16:33:58,Cangjie compilation error: [31merror[0m: undeclared type name 'ByteArrayOutputStream'   [36m==>[0m /tmp/tmpe_r7gy0j.cj:58:20:    [36m| [0m [36m58[0m [36m| [0m    let _test_val: ByteArrayOutputStream[0m    [36m| [0m                   [31m^ [0m    [36m| [0m  [33mwarning[0m: unused import 'std.io.*'  [36m==>[0m /tmp/tmpe_r7gy0j.cj:3:1:   [36m| [0m [36m3[0m [36m| [0mimport std.io.*[0m   [36m| [0m[33m^^^^^^^^^^^^^^^ unused import[0m   [36m| [0m   [36m#[0m [0mnote
jansi.*,jansi.src.test.org.fusesource.jansi.EncodingTest.json,30-89:EncodingTest,method,61-88:testEncodingUtf8,body_types,AtomicReference<String>,AtomicReference<String>,Any,True,True,2026-05-21 16:34:05,"Cangjie compilation error: [31merror[0m: expected declaration, found 'from'  [36m==>[0m /tmp/tmp857v5bvy.cj:3:1:   [36m| [0m [36m3[0m [36m| [0mfrom std.core import AtomicRef[0m   [36m| [0m[31m^^^^ expected declaration here[0m   [36m| [0m   [36m#[0m [0mnote[0m: only declarations or macro expressions can be used in the top-level  1 error generated, 1 error printed. "
jansi.*,jansi.src.test.org.fusesource.jansi.EncodingTest.json,30-89:EncodingTest,method,61-88:testEncodingUtf8,body_types,AtomicReference<>,AtomicReference<>,Any,True,True,2026-05-21 16:34:13,"Cangjie compilation error: [31merror[0m: expected declaration, found 'from'  [36m==>[0m /tmp/tmppfjwld_a.cj:3:1:   [36m| [0m [36m3[0m [36m| [0mfrom std.core import AtomicReference[0m   [36m| [0m[31m^^^^ expected declaration here[0m   [36m| [0m   [36m#[0m [0mnote[0m: only declarations or macro expressions can be used in the top-level  1 error generated, 1 error printed. "
jansi.*,jansi.src.test.org.fusesource.jansi.EncodingTest.json,30-89:EncodingTest,method,61-88:testEncodingUtf8,body_types,PrintStream,PrintStream,Any,True,True,2026-05-21 16:34:20,Cangjie compilation error: [31merror[0m: undeclared type name 'PrintStream'   [36m==>[0m /tmp/tmpv5isyk0r.cj:58:20:    [36m| [0m [36m58[0m [36m| [0m    let _test_val: PrintStream[0m    [36m| [0m                   [31m^ [0m    [36m| [0m  [33mwarning[0m: unused import 'std.io.*'  [36m==>[0m /tmp/tmpv5isyk0r.cj:3:1:   [36m| [0m [36m3[0m [36m| [0mimport std.io.*[0m   [36m| [0m[33m^^^^^^^^^^^^^^^ unused import[0m   [36m| [0m   [36m#[0m [0mnote[0m: this warning ca
jansi.*,jansi.src.test.org.fusesource.jansi.EncodingTest.json,30-89:EncodingTest,method,61-88:testEncodingUtf8,body_types,AnsiOutputStream,AnsiOutputStream,AnsiOutputStream,True,True,2026-05-21 16:34:20,
jansi.*,jansi.src.test.org.fusesource.jansi.EncodingTest.json,30-89:EncodingTest,method,61-88:testEncodingUtf8,body_types,AnsiProcessor,AnsiProcessor,AnsiProcessor,True,True,2026-05-21 16:34:20,
jansi.*,jansi.src.test.org.fusesource.jansi.EncodingTest.json,30-89:EncodingTest,method,61-88:testEncodingUtf8,body_types,void,void,Unit,True,True,2026-05-21 16:34:20,
jansi.*,jansi.src.test.org.fusesource.jansi.EncodingTest.json,30-89:EncodingTest,method,61-88:testEncodingUtf8,body_types,String,String,String,True,True,2026-05-21 16:34:20,
jansi.*,jansi.src.test.org.fusesource.jansi.InstallUninstallTest.json,20-42:InstallUninstallTest,method,22-35:main,return_types,void,void,Unit,True,True,2026-05-21 16:18:32,
jansi.*,jansi.src.test.org.fusesource.jansi.InstallUninstallTest.json,20-42:InstallUninstallTest,method,22-35:main,parameters,|String[]|args,String[],Array<String>,True,True,2026-05-21 16:18:32,
jansi.*,jansi.src.test.org.fusesource.jansi.InstallUninstallTest.json,20-42:InstallUninstallTest,method,37-41:print,return_types,void,void,Unit,True,True,2026-05-21 16:18:37,
jansi.*,jansi.src.test.org.fusesource.jansi.InstallUninstallTest.json,20-42:InstallUninstallTest,method,37-41:print,body_types,int,int,Int64,True,True,2026-05-21 16:18:46,
jansi.*,jansi.src.test.org.fusesource.jansi.InstallUninstallTest.json,20-42:InstallUninstallTest,method,37-41:print,parameters,|PrintStream|stream,PrintStream,Any,True,True,2026-05-21 16:18:46,"Cangjie compilation error: [31merror[0m: expected declaration, found 'from'  [36m==>[0m /tmp/tmpk8ny1ykt.cj:3:1:   [36m| [0m [36m3[0m [36m| [0mfrom std.io import BufferedWriter[0m   [36m| [0m[31m^^^^ expected declaration here[0m   [36m| [0m   [36m#[0m [0mnote[0m: only declarations or macro expressions can be used in the top-level  1 error generated, 1 error printed. "
jansi.*,jansi.src.test.org.fusesource.jansi.InstallUninstallTest.json,20-42:InstallUninstallTest,method,37-41:print,parameters,|String|text,String,String,True,True,2026-05-21 16:18:46,
jansi.*,jansi.src.test.org.fusesource.jansi.internal.JansiLoaderTest.json,20-26:JansiLoaderTest,method,22-25:testLoadJansi,return_types,void,void,Unit,True,True,2026-05-21 16:30:01,
jansi.*,jansi.src.test.org.fusesource.jansi.internal.Kernel32Test.json,24-32:Kernel32Test,method,26-31:testErrorMessage,return_types,void,void,Unit,True,True,2026-05-21 16:27:26,
jansi.*,jansi.src.test.org.fusesource.jansi.internal.Kernel32Test.json,24-32:Kernel32Test,method,26-31:testErrorMessage,body_types,String,String,String,True,True,2026-05-21 16:27:26,
jansi.*,jansi.src.test.org.fusesource.jansi.io.AnsiOutputStreamTest.json,29-49:AnsiOutputStreamTest,method,31-48:canHandleSgrsWithMultipleOptions,return_types,void,void,Unit,True,True,2026-05-21 16:29:54,
jansi.*,jansi.src.test.org.fusesource.jansi.io.AnsiOutputStreamTest.json,29-49:AnsiOutputStreamTest,method,31-48:canHandleSgrsWithMultipleOptions,body_types,ByteArrayOutputStream,ByteArrayOutputStream,Any,True,True,2026-05-21 16:30:01,Cangjie compilation error: [31merror[0m: undeclared type name 'ByteArrayOutputStream'   [36m==>[0m /tmp/tmpyc558ufe.cj:58:20:    [36m| [0m [36m58[0m [36m| [0m    let _test_val: ByteArrayOutputStream[0m    [36m| [0m                   [31m^ [0m    [36m| [0m  [33mwarning[0m: unused import 'std.io.*'  [36m==>[0m /tmp/tmpyc558ufe.cj:3:1:   [36m| [0m [36m3[0m [36m| [0mimport std.io.*[0m   [36m| [0m[33m^^^^^^^^^^^^^^^ unused import[0m   [36m| [0m   [36m#[0m [0mnote
jansi.*,jansi.src.test.org.fusesource.jansi.io.AnsiOutputStreamTest.json,29-49:AnsiOutputStreamTest,method,31-48:canHandleSgrsWithMultipleOptions,body_types,AnsiOutputStream,AnsiOutputStream,AnsiOutputStream,True,True,2026-05-21 16:30:01,
