schema,class,fragment,type,status,compilation,first_error
jansi.src.main.org.fusesource.jansi.Ansi,27-973:Ansi,29-29:FIRST_ESC_CHAR,field,completed,success,Compilation successful
jansi.src.main.org.fusesource.jansi.Ansi,27-973:Ansi,30-30:SECOND_ESC_CHAR,field,completed,success,Compilation successful
jansi.src.main.org.fusesource.jansi.Ansi,27-973:Ansi,157-157:DISABLE,field,completed,success,Compilation successful
jansi.src.main.org.fusesource.jansi.Ansi,27-973:Ansi,159-159:detector,field,attempted,error,"Compilation failed: error: expected expression after '=', found '>'"
jansi.src.main.org.fusesource.jansi.Ansi,27-973:Ansi,174-179:holder,field,attempted,error,"Compilation failed: error: expected expression after '=', found '>'"
jansi.src.main.org.fusesource.jansi.Ansi,27-973:Ansi,373-373:builder,field,completed,success,Compilation successful
jansi.src.main.org.fusesource.jansi.Ansi,27-973:Ansi,374-374:attributeOptions,field,completed,success,Compilation successful
jansi.src.main.org.fusesource.jansi.Ansi,27-973:Ansi,161-164:setDetector,method,attempted,error,Compilation failed: --- cjc stderr ---
jansi.src.main.org.fusesource.jansi.Ansi,27-973:Ansi,166-172:isDetected,method,completed,success,Compilation successful
jansi.src.main.org.fusesource.jansi.Ansi,27-973:Ansi,181-183:setEnabled,method,attempted,pending,waiting for compilation
jansi.src.main.org.fusesource.jansi.Ansi,27-973:Ansi,185-187:isEnabled,method,pending,pending,
jansi.src.main.org.fusesource.jansi.Ansi,27-973:Ansi,189-195:ansi,method,pending,pending,
jansi.src.main.org.fusesource.jansi.Ansi,27-973:Ansi,197-203:ansi,method,pending,pending,
jansi.src.main.org.fusesource.jansi.Ansi,27-973:Ansi,205-211:ansi,method,pending,pending,
jansi.src.main.org.fusesource.jansi.Ansi,27-973:Ansi,376-378:Ansi,method,pending,pending,
jansi.src.main.org.fusesource.jansi.Ansi,27-973:Ansi,380-383:Ansi,method,pending,pending,
jansi.src.main.org.fusesource.jansi.Ansi,27-973:Ansi,385-387:Ansi,method,pending,pending,
jansi.src.main.org.fusesource.jansi.Ansi,27-973:Ansi,389-391:Ansi,method,pending,pending,
jansi.src.main.org.fusesource.jansi.Ansi,27-973:Ansi,393-396:fg,method,pending,pending,
jansi.src.main.org.fusesource.jansi.Ansi,27-973:Ansi,398-403:fg,method,pending,pending,
jansi.src.main.org.fusesource.jansi.Ansi,27-973:Ansi,405-407:fgRgb,method,pending,pending,
jansi.src.main.org.fusesource.jansi.Ansi,27-973:Ansi,409-416:fgRgb,method,pending,pending,
jansi.src.main.org.fusesource.jansi.Ansi,27-973:Ansi,418-420:fgBlack,method,pending,pending,
jansi.src.main.org.fusesource.jansi.Ansi,27-973:Ansi,422-424:fgBlue,method,pending,pending,
jansi.src.main.org.fusesource.jansi.Ansi,27-973:Ansi,426-428:fgCyan,method,pending,pending,
jansi.src.main.org.fusesource.jansi.Ansi,27-973:Ansi,430-432:fgDefault,method,pending,pending,
jansi.src.main.org.fusesource.jansi.Ansi,27-973:Ansi,434-436:fgGreen,method,pending,pending,
jansi.src.main.org.fusesource.jansi.Ansi,27-973:Ansi,438-440:fgMagenta,method,pending,pending,
jansi.src.main.org.fusesource.jansi.Ansi,27-973:Ansi,442-444:fgRed,method,pending,pending,
jansi.src.main.org.fusesource.jansi.Ansi,27-973:Ansi,446-448:fgYellow,method,pending,pending,
jansi.src.main.org.fusesource.jansi.Ansi,27-973:Ansi,450-453:bg,method,pending,pending,
jansi.src.main.org.fusesource.jansi.Ansi,27-973:Ansi,455-460:bg,method,pending,pending,
jansi.src.main.org.fusesource.jansi.Ansi,27-973:Ansi,462-464:bgRgb,method,pending,pending,
jansi.src.main.org.fusesource.jansi.Ansi,27-973:Ansi,466-473:bgRgb,method,pending,pending,
jansi.src.main.org.fusesource.jansi.Ansi,27-973:Ansi,475-477:bgCyan,method,pending,pending,
jansi.src.main.org.fusesource.jansi.Ansi,27-973:Ansi,479-481:bgDefault,method,pending,pending,
jansi.src.main.org.fusesource.jansi.Ansi,27-973:Ansi,483-485:bgGreen,method,pending,pending,
jansi.src.main.org.fusesource.jansi.Ansi,27-973:Ansi,487-489:bgMagenta,method,pending,pending,
jansi.src.main.org.fusesource.jansi.Ansi,27-973:Ansi,491-493:bgRed,method,pending,pending,
jansi.src.main.org.fusesource.jansi.Ansi,27-973:Ansi,495-497:bgYellow,method,pending,pending,
jansi.src.main.org.fusesource.jansi.Ansi,27-973:Ansi,499-502:fgBright,method,pending,pending,
jansi.src.main.org.fusesource.jansi.Ansi,27-973:Ansi,504-506:fgBrightBlack,method,pending,pending,
jansi.src.main.org.fusesource.jansi.Ansi,27-973:Ansi,508-510:fgBrightBlue,method,pending,pending,
jansi.src.main.org.fusesource.jansi.Ansi,27-973:Ansi,512-514:fgBrightCyan,method,pending,pending,
jansi.src.main.org.fusesource.jansi.Ansi,27-973:Ansi,516-518:fgBrightDefault,method,pending,pending,
jansi.src.main.org.fusesource.jansi.Ansi,27-973:Ansi,520-522:fgBrightGreen,method,pending,pending,
jansi.src.main.org.fusesource.jansi.Ansi,27-973:Ansi,524-526:fgBrightMagenta,method,pending,pending,
jansi.src.main.org.fusesource.jansi.Ansi,27-973:Ansi,528-530:fgBrightRed,method,pending,pending,
jansi.src.main.org.fusesource.jansi.Ansi,27-973:Ansi,532-534:fgBrightYellow,method,pending,pending,
jansi.src.main.org.fusesource.jansi.Ansi,27-973:Ansi,536-539:bgBright,method,pending,pending,
jansi.src.main.org.fusesource.jansi.Ansi,27-973:Ansi,541-543:bgBrightCyan,method,pending,pending,
jansi.src.main.org.fusesource.jansi.Ansi,27-973:Ansi,545-547:bgBrightDefault,method,pending,pending,
jansi.src.main.org.fusesource.jansi.Ansi,27-973:Ansi,549-551:bgBrightGreen,method,pending,pending,
jansi.src.main.org.fusesource.jansi.Ansi,27-973:Ansi,553-555:bgBrightMagenta,method,pending,pending,
jansi.src.main.org.fusesource.jansi.Ansi,27-973:Ansi,557-559:bgBrightRed,method,pending,pending,
jansi.src.main.org.fusesource.jansi.Ansi,27-973:Ansi,561-563:bgBrightYellow,method,pending,pending,
jansi.src.main.org.fusesource.jansi.Ansi,27-973:Ansi,565-568:a,method,pending,pending,
jansi.src.main.org.fusesource.jansi.Ansi,27-973:Ansi,578-580:cursor,method,pending,pending,
jansi.src.main.org.fusesource.jansi.Ansi,27-973:Ansi,589-591:cursorToColumn,method,pending,pending,
jansi.src.main.org.fusesource.jansi.Ansi,27-973:Ansi,599-601:cursorUp,method,pending,pending,
jansi.src.main.org.fusesource.jansi.Ansi,27-973:Ansi,609-611:cursorDown,method,pending,pending,
jansi.src.main.org.fusesource.jansi.Ansi,27-973:Ansi,619-621:cursorRight,method,pending,pending,
jansi.src.main.org.fusesource.jansi.Ansi,27-973:Ansi,629-631:cursorLeft,method,pending,pending,
jansi.src.main.org.fusesource.jansi.Ansi,27-973:Ansi,642-644:cursorMove,method,pending,pending,
jansi.src.main.org.fusesource.jansi.Ansi,27-973:Ansi,651-653:cursorDownLine,method,pending,pending,
jansi.src.main.org.fusesource.jansi.Ansi,27-973:Ansi,662-664:cursorDownLine,method,pending,pending,
jansi.src.main.org.fusesource.jansi.Ansi,27-973:Ansi,671-673:cursorUpLine,method,pending,pending,
jansi.src.main.org.fusesource.jansi.Ansi,27-973:Ansi,682-684:cursorUpLine,method,pending,pending,
jansi.src.main.org.fusesource.jansi.Ansi,27-973:Ansi,686-688:eraseScreen,method,pending,pending,
jansi.src.main.org.fusesource.jansi.Ansi,27-973:Ansi,690-692:eraseScreen,method,pending,pending,
jansi.src.main.org.fusesource.jansi.Ansi,27-973:Ansi,694-696:eraseLine,method,pending,pending,
jansi.src.main.org.fusesource.jansi.Ansi,27-973:Ansi,698-700:eraseLine,method,pending,pending,
jansi.src.main.org.fusesource.jansi.Ansi,27-973:Ansi,702-707:scrollUp,method,pending,pending,
jansi.src.main.org.fusesource.jansi.Ansi,27-973:Ansi,709-714:scrollDown,method,pending,pending,
jansi.src.main.org.fusesource.jansi.Ansi,27-973:Ansi,716-719:restorCursorPosition,method,pending,pending,
jansi.src.main.org.fusesource.jansi.Ansi,27-973:Ansi,721-724:saveCursorPosition,method,pending,pending,
jansi.src.main.org.fusesource.jansi.Ansi,27-973:Ansi,727-729:saveCursorPositionSCO,method,pending,pending,
jansi.src.main.org.fusesource.jansi.Ansi,27-973:Ansi,732-736:saveCursorPositionDEC,method,pending,pending,
jansi.src.main.org.fusesource.jansi.Ansi,27-973:Ansi,738-741:restoreCursorPosition,method,pending,pending,
jansi.src.main.org.fusesource.jansi.Ansi,27-973:Ansi,744-746:restoreCursorPositionSCO,method,pending,pending,
jansi.src.main.org.fusesource.jansi.Ansi,27-973:Ansi,749-753:restoreCursorPositionDEC,method,pending,pending,
jansi.src.main.org.fusesource.jansi.Ansi,27-973:Ansi,755-757:reset,method,pending,pending,
jansi.src.main.org.fusesource.jansi.Ansi,27-973:Ansi,759-761:bold,method,pending,pending,
jansi.src.main.org.fusesource.jansi.Ansi,27-973:Ansi,763-765:boldOff,method,pending,pending,
jansi.src.main.org.fusesource.jansi.Ansi,27-973:Ansi,767-771:a,method,pending,pending,
jansi.src.main.org.fusesource.jansi.Ansi,27-973:Ansi,773-777:a,method,pending,pending,
jansi.src.main.org.fusesource.jansi.Ansi,27-973:Ansi,779-783:a,method,pending,pending,
jansi.src.main.org.fusesource.jansi.Ansi,27-973:Ansi,785-789:a,method,pending,pending,
jansi.src.main.org.fusesource.jansi.Ansi,27-973:Ansi,791-795:a,method,pending,pending,
jansi.src.main.org.fusesource.jansi.Ansi,27-973:Ansi,797-801:a,method,pending,pending,
jansi.src.main.org.fusesource.jansi.Ansi,27-973:Ansi,803-807:a,method,pending,pending,
jansi.src.main.org.fusesource.jansi.Ansi,27-973:Ansi,809-813:a,method,pending,pending,
jansi.src.main.org.fusesource.jansi.Ansi,27-973:Ansi,815-819:a,method,pending,pending,
jansi.src.main.org.fusesource.jansi.Ansi,27-973:Ansi,821-825:a,method,pending,pending,
jansi.src.main.org.fusesource.jansi.Ansi,27-973:Ansi,827-831:a,method,pending,pending,
jansi.src.main.org.fusesource.jansi.Ansi,27-973:Ansi,833-837:a,method,pending,pending,
jansi.src.main.org.fusesource.jansi.Ansi,27-973:Ansi,839-843:a,method,pending,pending,
jansi.src.main.org.fusesource.jansi.Ansi,27-973:Ansi,845-849:newline,method,pending,pending,
jansi.src.main.org.fusesource.jansi.Ansi,27-973:Ansi,851-855:format,method,pending,pending,
jansi.src.main.org.fusesource.jansi.Ansi,27-973:Ansi,864-867:apply,method,pending,pending,
jansi.src.main.org.fusesource.jansi.Ansi,27-973:Ansi,877-880:render,method,pending,pending,
jansi.src.main.org.fusesource.jansi.Ansi,27-973:Ansi,891-894:render,method,pending,pending,
jansi.src.main.org.fusesource.jansi.Ansi,27-973:Ansi,896-900:toString,method,pending,pending,
jansi.src.main.org.fusesource.jansi.Ansi,27-973:Ansi,906-912:appendEscapeSequence,method,pending,pending,
jansi.src.main.org.fusesource.jansi.Ansi,27-973:Ansi,914-921:appendEscapeSequence,method,pending,pending,
jansi.src.main.org.fusesource.jansi.Ansi,27-973:Ansi,923-926:appendEscapeSequence,method,pending,pending,
jansi.src.main.org.fusesource.jansi.Ansi,27-973:Ansi,928-938:flushAttributes,method,pending,pending,
jansi.src.main.org.fusesource.jansi.Ansi,27-973:Ansi,940-954:_appendEscapeSequence,method,pending,pending,
jansi.src.main.org.fusesource.jansi.Ansi,27-973:Ansi,956-960:append,method,pending,pending,
jansi.src.main.org.fusesource.jansi.Ansi,27-973:Ansi,962-966:append,method,pending,pending,
jansi.src.main.org.fusesource.jansi.Ansi,27-973:Ansi,968-972:append,method,pending,pending,
jansi.src.main.org.fusesource.jansi.Ansi,35-78:Color,36-36:BLACK,field,pending,pending,
jansi.src.main.org.fusesource.jansi.Ansi,35-78:Color,37-37:RED,field,pending,pending,
jansi.src.main.org.fusesource.jansi.Ansi,35-78:Color,38-38:GREEN,field,pending,pending,
jansi.src.main.org.fusesource.jansi.Ansi,35-78:Color,39-39:YELLOW,field,pending,pending,
jansi.src.main.org.fusesource.jansi.Ansi,35-78:Color,40-40:BLUE,field,pending,pending,
jansi.src.main.org.fusesource.jansi.Ansi,35-78:Color,41-41:MAGENTA,field,pending,pending,
jansi.src.main.org.fusesource.jansi.Ansi,35-78:Color,42-42:CYAN,field,pending,pending,
jansi.src.main.org.fusesource.jansi.Ansi,35-78:Color,43-43:WHITE,field,pending,pending,
jansi.src.main.org.fusesource.jansi.Ansi,35-78:Color,44-44:DEFAULT,field,pending,pending,
jansi.src.main.org.fusesource.jansi.Ansi,35-78:Color,46-46:value,field,pending,pending,
jansi.src.main.org.fusesource.jansi.Ansi,35-78:Color,47-47:name,field,pending,pending,
jansi.src.main.org.fusesource.jansi.Ansi,35-78:Color,49-52:Color,method,pending,pending,
jansi.src.main.org.fusesource.jansi.Ansi,35-78:Color,54-57:toString,method,pending,pending,
jansi.src.main.org.fusesource.jansi.Ansi,35-78:Color,59-61:value,method,pending,pending,
jansi.src.main.org.fusesource.jansi.Ansi,35-78:Color,63-65:fg,method,pending,pending,
jansi.src.main.org.fusesource.jansi.Ansi,35-78:Color,67-69:bg,method,pending,pending,
jansi.src.main.org.fusesource.jansi.Ansi,35-78:Color,71-73:fgBright,method,pending,pending,
jansi.src.main.org.fusesource.jansi.Ansi,35-78:Color,75-77:bgBright,method,pending,pending,
jansi.src.main.org.fusesource.jansi.Ansi,85-121:Attribute,86-86:RESET,field,pending,pending,
jansi.src.main.org.fusesource.jansi.Ansi,85-121:Attribute,87-87:INTENSITY_BOLD,field,pending,pending,
jansi.src.main.org.fusesource.jansi.Ansi,85-121:Attribute,88-88:INTENSITY_FAINT,field,pending,pending,
jansi.src.main.org.fusesource.jansi.Ansi,85-121:Attribute,89-89:ITALIC,field,pending,pending,
jansi.src.main.org.fusesource.jansi.Ansi,85-121:Attribute,90-90:UNDERLINE,field,pending,pending,
jansi.src.main.org.fusesource.jansi.Ansi,85-121:Attribute,91-91:BLINK_SLOW,field,pending,pending,
jansi.src.main.org.fusesource.jansi.Ansi,85-121:Attribute,92-92:BLINK_FAST,field,pending,pending,
jansi.src.main.org.fusesource.jansi.Ansi,85-121:Attribute,93-93:NEGATIVE_ON,field,pending,pending,
jansi.src.main.org.fusesource.jansi.Ansi,85-121:Attribute,94-94:CONCEAL_ON,field,pending,pending,
jansi.src.main.org.fusesource.jansi.Ansi,85-121:Attribute,95-95:STRIKETHROUGH_ON,field,pending,pending,
jansi.src.main.org.fusesource.jansi.Ansi,85-121:Attribute,96-96:UNDERLINE_DOUBLE,field,pending,pending,
jansi.src.main.org.fusesource.jansi.Ansi,85-121:Attribute,97-97:INTENSITY_BOLD_OFF,field,pending,pending,
jansi.src.main.org.fusesource.jansi.Ansi,85-121:Attribute,98-98:ITALIC_OFF,field,pending,pending,
jansi.src.main.org.fusesource.jansi.Ansi,85-121:Attribute,99-99:UNDERLINE_OFF,field,pending,pending,
jansi.src.main.org.fusesource.jansi.Ansi,85-121:Attribute,100-100:BLINK_OFF,field,pending,pending,
jansi.src.main.org.fusesource.jansi.Ansi,85-121:Attribute,101-101:NEGATIVE_OFF,field,pending,pending,
jansi.src.main.org.fusesource.jansi.Ansi,85-121:Attribute,102-102:CONCEAL_OFF,field,pending,pending,
jansi.src.main.org.fusesource.jansi.Ansi,85-121:Attribute,103-103:STRIKETHROUGH_OFF,field,pending,pending,
jansi.src.main.org.fusesource.jansi.Ansi,85-121:Attribute,105-105:value,field,pending,pending,
jansi.src.main.org.fusesource.jansi.Ansi,85-121:Attribute,106-106:name,field,pending,pending,
jansi.src.main.org.fusesource.jansi.Ansi,85-121:Attribute,108-111:Attribute,method,pending,pending,
jansi.src.main.org.fusesource.jansi.Ansi,85-121:Attribute,113-116:toString,method,pending,pending,
jansi.src.main.org.fusesource.jansi.Ansi,85-121:Attribute,118-120:value,method,pending,pending,
jansi.src.main.org.fusesource.jansi.Ansi,129-150:Erase,130-130:FORWARD,field,pending,pending,
jansi.src.main.org.fusesource.jansi.Ansi,129-150:Erase,131-131:BACKWARD,field,pending,pending,
jansi.src.main.org.fusesource.jansi.Ansi,129-150:Erase,132-132:ALL,field,pending,pending,
jansi.src.main.org.fusesource.jansi.Ansi,129-150:Erase,134-134:value,field,pending,pending,
jansi.src.main.org.fusesource.jansi.Ansi,129-150:Erase,135-135:name,field,pending,pending,
jansi.src.main.org.fusesource.jansi.Ansi,129-150:Erase,137-140:Erase,method,pending,pending,
jansi.src.main.org.fusesource.jansi.Ansi,129-150:Erase,142-145:toString,method,pending,pending,
jansi.src.main.org.fusesource.jansi.Ansi,129-150:Erase,147-149:value,method,pending,pending,
jansi.src.main.org.fusesource.jansi.Ansi,152-155:Ansi_Consumer,154-154:apply,method,pending,pending,
jansi.src.main.org.fusesource.jansi.Ansi,213-371:Ansi_NoAnsi,214-216:Ansi_NoAnsi,method,pending,pending,
jansi.src.main.org.fusesource.jansi.Ansi,213-371:Ansi_NoAnsi,218-220:Ansi_NoAnsi,method,pending,pending,
jansi.src.main.org.fusesource.jansi.Ansi,213-371:Ansi_NoAnsi,222-224:Ansi_NoAnsi,method,pending,pending,
jansi.src.main.org.fusesource.jansi.Ansi,213-371:Ansi_NoAnsi,226-229:fg,method,pending,pending,
jansi.src.main.org.fusesource.jansi.Ansi,213-371:Ansi_NoAnsi,231-234:bg,method,pending,pending,
jansi.src.main.org.fusesource.jansi.Ansi,213-371:Ansi_NoAnsi,236-239:fgBright,method,pending,pending,
jansi.src.main.org.fusesource.jansi.Ansi,213-371:Ansi_NoAnsi,241-244:bgBright,method,pending,pending,
jansi.src.main.org.fusesource.jansi.Ansi,213-371:Ansi_NoAnsi,246-249:fg,method,pending,pending,
jansi.src.main.org.fusesource.jansi.Ansi,213-371:Ansi_NoAnsi,251-254:fgRgb,method,pending,pending,
jansi.src.main.org.fusesource.jansi.Ansi,213-371:Ansi_NoAnsi,256-259:bg,method,pending,pending,
jansi.src.main.org.fusesource.jansi.Ansi,213-371:Ansi_NoAnsi,261-264:bgRgb,method,pending,pending,
jansi.src.main.org.fusesource.jansi.Ansi,213-371:Ansi_NoAnsi,266-269:a,method,pending,pending,
jansi.src.main.org.fusesource.jansi.Ansi,213-371:Ansi_NoAnsi,271-274:cursor,method,pending,pending,
jansi.src.main.org.fusesource.jansi.Ansi,213-371:Ansi_NoAnsi,276-279:cursorToColumn,method,pending,pending,
jansi.src.main.org.fusesource.jansi.Ansi,213-371:Ansi_NoAnsi,281-284:cursorUp,method,pending,pending,
jansi.src.main.org.fusesource.jansi.Ansi,213-371:Ansi_NoAnsi,286-289:cursorRight,method,pending,pending,
jansi.src.main.org.fusesource.jansi.Ansi,213-371:Ansi_NoAnsi,291-294:cursorDown,method,pending,pending,
jansi.src.main.org.fusesource.jansi.Ansi,213-371:Ansi_NoAnsi,296-299:cursorLeft,method,pending,pending,
jansi.src.main.org.fusesource.jansi.Ansi,213-371:Ansi_NoAnsi,301-304:cursorDownLine,method,pending,pending,
jansi.src.main.org.fusesource.jansi.Ansi,213-371:Ansi_NoAnsi,306-309:cursorDownLine,method,pending,pending,
jansi.src.main.org.fusesource.jansi.Ansi,213-371:Ansi_NoAnsi,311-314:cursorUpLine,method,pending,pending,
jansi.src.main.org.fusesource.jansi.Ansi,213-371:Ansi_NoAnsi,316-319:cursorUpLine,method,pending,pending,
jansi.src.main.org.fusesource.jansi.Ansi,213-371:Ansi_NoAnsi,321-324:eraseScreen,method,pending,pending,
jansi.src.main.org.fusesource.jansi.Ansi,213-371:Ansi_NoAnsi,326-329:eraseScreen,method,pending,pending,
jansi.src.main.org.fusesource.jansi.Ansi,213-371:Ansi_NoAnsi,331-334:eraseLine,method,pending,pending,
jansi.src.main.org.fusesource.jansi.Ansi,213-371:Ansi_NoAnsi,336-339:eraseLine,method,pending,pending,
jansi.src.main.org.fusesource.jansi.Ansi,213-371:Ansi_NoAnsi,341-344:scrollUp,method,pending,pending,
jansi.src.main.org.fusesource.jansi.Ansi,213-371:Ansi_NoAnsi,346-349:scrollDown,method,pending,pending,
jansi.src.main.org.fusesource.jansi.Ansi,213-371:Ansi_NoAnsi,351-354:saveCursorPosition,method,pending,pending,
jansi.src.main.org.fusesource.jansi.Ansi,213-371:Ansi_NoAnsi,356-360:restorCursorPosition,method,pending,pending,
jansi.src.main.org.fusesource.jansi.Ansi,213-371:Ansi_NoAnsi,362-365:restoreCursorPosition,method,pending,pending,
jansi.src.main.org.fusesource.jansi.Ansi,213-371:Ansi_NoAnsi,367-370:reset,method,pending,pending,
jansi.src.main.org.fusesource.jansi.AnsiColors,23-37:AnsiColors,24-24:Colors16,field,completed,success,Compilation successful
jansi.src.main.org.fusesource.jansi.AnsiColors,23-37:AnsiColors,25-25:Colors256,field,completed,success,Compilation successful
jansi.src.main.org.fusesource.jansi.AnsiColors,23-37:AnsiColors,26-26:TrueColor,field,completed,success,Compilation successful
jansi.src.main.org.fusesource.jansi.AnsiColors,23-37:AnsiColors,28-28:description,field,completed,success,Compilation successful
jansi.src.main.org.fusesource.jansi.AnsiColors,23-37:AnsiColors,30-32:AnsiColors,method,completed,success,Compilation successful
jansi.src.main.org.fusesource.jansi.AnsiColors,23-37:AnsiColors,34-36:getDescription,method,completed,success,Compilation successful
jansi.src.main.org.fusesource.jansi.AnsiConsole,61-568:AnsiConsole,69-69:JANSI_MODE,field,completed,success,Compilation successful
jansi.src.main.org.fusesource.jansi.AnsiConsole,61-568:AnsiConsole,73-73:JANSI_OUT_MODE,field,completed,success,Compilation successful
jansi.src.main.org.fusesource.jansi.AnsiConsole,61-568:AnsiConsole,77-77:JANSI_ERR_MODE,field,completed,success,Compilation successful
jansi.src.main.org.fusesource.jansi.AnsiConsole,61-568:AnsiConsole,82-82:JANSI_MODE_STRIP,field,completed,success,Compilation successful
jansi.src.main.org.fusesource.jansi.AnsiConsole,61-568:AnsiConsole,86-86:JANSI_MODE_FORCE,field,completed,success,Compilation successful
jansi.src.main.org.fusesource.jansi.AnsiConsole,61-568:AnsiConsole,90-90:JANSI_MODE_DEFAULT,field,completed,success,Compilation successful
jansi.src.main.org.fusesource.jansi.AnsiConsole,61-568:AnsiConsole,98-98:JANSI_COLORS,field,completed,success,Compilation successful
jansi.src.main.org.fusesource.jansi.AnsiConsole,61-568:AnsiConsole,102-102:JANSI_OUT_COLORS,field,completed,success,Compilation successful
jansi.src.main.org.fusesource.jansi.AnsiConsole,61-568:AnsiConsole,106-106:JANSI_ERR_COLORS,field,completed,success,Compilation successful
jansi.src.main.org.fusesource.jansi.AnsiConsole,61-568:AnsiConsole,112-112:JANSI_COLORS_16,field,completed,success,Compilation successful
jansi.src.main.org.fusesource.jansi.AnsiConsole,61-568:AnsiConsole,117-117:JANSI_COLORS_256,field,completed,success,Compilation successful
jansi.src.main.org.fusesource.jansi.AnsiConsole,61-568:AnsiConsole,121-121:JANSI_COLORS_TRUECOLOR,field,completed,success,Compilation successful
jansi.src.main.org.fusesource.jansi.AnsiConsole,61-568:AnsiConsole,129-130:JANSI_PASSTHROUGH,field,completed,success,Compilation successful
jansi.src.main.org.fusesource.jansi.AnsiConsole,61-568:AnsiConsole,137-138:JANSI_STRIP,field,completed,success,Compilation successful
jansi.src.main.org.fusesource.jansi.AnsiConsole,61-568:AnsiConsole,147-148:JANSI_FORCE,field,completed,success,Compilation successful
jansi.src.main.org.fusesource.jansi.AnsiConsole,61-568:AnsiConsole,157-158:JANSI_EAGER,field,completed,success,Compilation successful
jansi.src.main.org.fusesource.jansi.AnsiConsole,61-568:AnsiConsole,163-163:JANSI_NORESET,field,completed,success,Compilation successful
jansi.src.main.org.fusesource.jansi.AnsiConsole,61-568:AnsiConsole,169-169:JANSI_GRACEFUL,field,completed,success,Compilation successful
jansi.src.main.org.fusesource.jansi.AnsiConsole,61-568:AnsiConsole,174-175:system_out,field,attempted,error,Compilation failed: error: undeclared identifier 'System'
jansi.src.main.org.fusesource.jansi.AnsiConsole,61-568:AnsiConsole,179-180:out,field,completed,success,Compilation successful
jansi.src.main.org.fusesource.jansi.AnsiConsole,61-568:AnsiConsole,184-185:system_err,field,attempted,error,Compilation failed: error: undeclared identifier 'System'
jansi.src.main.org.fusesource.jansi.AnsiConsole,61-568:AnsiConsole,189-190:err,field,completed,success,Compilation successful
jansi.src.main.org.fusesource.jansi.AnsiConsole,61-568:AnsiConsole,206-207:IS_WINDOWS,field,attempted,error,Compilation failed: error: undeclared identifier 'getProperty'
jansi.src.main.org.fusesource.jansi.AnsiConsole,61-568:AnsiConsole,209-210:IS_CYGWIN,field,attempted,error,"Compilation failed: error: expected ';' or '<NL>', found ')'"
jansi.src.main.org.fusesource.jansi.AnsiConsole,61-568:AnsiConsole,212-215:IS_MSYSTEM,field,attempted,error,"Compilation failed: error: expected ';' or '<NL>', found ')'"
jansi.src.main.org.fusesource.jansi.AnsiConsole,61-568:AnsiConsole,217-217:IS_CONEMU,field,attempted,error,"Compilation failed: error: expected ';' or '<NL>', found ')'"
jansi.src.main.org.fusesource.jansi.AnsiConsole,61-568:AnsiConsole,219-219:ENABLE_VIRTUAL_TERMINAL_PROCESSING,field,completed,success,Compilation successful
jansi.src.main.org.fusesource.jansi.AnsiConsole,61-568:AnsiConsole,221-221:STDOUT_FILENO,field,completed,success,Compilation successful
jansi.src.main.org.fusesource.jansi.AnsiConsole,61-568:AnsiConsole,223-223:STDERR_FILENO,field,completed,success,Compilation successful
jansi.src.main.org.fusesource.jansi.AnsiConsole,61-568:AnsiConsole,231-231:initialized,field,completed,success,Compilation successful
jansi.src.main.org.fusesource.jansi.AnsiConsole,61-568:AnsiConsole,232-232:installed,field,completed,success,Compilation successful
jansi.src.main.org.fusesource.jansi.AnsiConsole,61-568:AnsiConsole,233-233:virtualProcessing,field,completed,success,Compilation successful
jansi.src.main.org.fusesource.jansi.AnsiConsole,61-568:AnsiConsole,198-204:getTerminalWidth,method,attempted,error,Compilation failed: error: 'getTerminalWidth' is not a member of interface 'OutputStream'
jansi.src.main.org.fusesource.jansi.AnsiConsole,61-568:AnsiConsole,235-235:AnsiConsole,method,completed,success,Compilation successful
jansi.src.main.org.fusesource.jansi.AnsiConsole,61-568:AnsiConsole,237-445:ansiStream,method,attempted,error,"Compilation failed: error: expected ';' or '<NL>', found '?'"
jansi.src.main.org.fusesource.jansi.AnsiConsole,61-568:AnsiConsole,447-455:newPrintStream,method,completed,success,Compilation successful
jansi.src.main.org.fusesource.jansi.AnsiConsole,61-568:AnsiConsole,457-465:getBoolean,method,attempted,error,Compilation failed: error: undeclared identifier 'System'
jansi.src.main.org.fusesource.jansi.AnsiConsole,61-568:AnsiConsole,475-478:out,method,attempted,error,Compilation failed: --- cjc stderr ---
jansi.src.main.org.fusesource.jansi.AnsiConsole,61-568:AnsiConsole,485-487:sysOut,method,completed,success,Compilation successful
jansi.src.main.org.fusesource.jansi.AnsiConsole,61-568:AnsiConsole,497-500:err,method,attempted,error,Compilation failed: --- cjc stderr ---
jansi.src.main.org.fusesource.jansi.AnsiConsole,61-568:AnsiConsole,507-509:sysErr,method,completed,success,Compilation successful
jansi.src.main.org.fusesource.jansi.AnsiConsole,61-568:AnsiConsole,516-529:systemInstall,method,attempted,error,Compilation failed: error: 'install' is not a member of enum 'Option<Class-AnsiPrintStream>'
jansi.src.main.org.fusesource.jansi.AnsiConsole,61-568:AnsiConsole,534-536:isInstalled,method,completed,success,Compilation successful
jansi.src.main.org.fusesource.jansi.AnsiConsole,61-568:AnsiConsole,543-556:systemUninstall,method,attempted,error,Compilation failed: error: unclosed delimiter: '('
jansi.src.main.org.fusesource.jansi.AnsiConsole,61-568:AnsiConsole,561-567:initStreams,method,attempted,error,Compilation failed: error: undeclared type name 'PrintStream'
jansi.src.main.org.fusesource.jansi.AnsiConsole,61-568:AnsiConsole,225-229:run_static_init,static_initializer,completed,success,Compilation successful
jansi.src.main.org.fusesource.jansi.AnsiMain,55-344:AnsiMain,56-192:main,method,pending,pending,
jansi.src.main.org.fusesource.jansi.AnsiMain,55-344:AnsiMain,194-197:getJansiVersion,method,pending,pending,
jansi.src.main.org.fusesource.jansi.AnsiMain,55-344:AnsiMain,199-232:diagnoseTty,method,pending,pending,
jansi.src.main.org.fusesource.jansi.AnsiMain,55-344:AnsiMain,234-295:testAnsi,method,pending,pending,
jansi.src.main.org.fusesource.jansi.AnsiMain,55-344:AnsiMain,297-309:getPomPropertiesVersion,method,pending,pending,
jansi.src.main.org.fusesource.jansi.AnsiMain,55-344:AnsiMain,311-322:printJansiLogoDemo,method,pending,pending,
jansi.src.main.org.fusesource.jansi.AnsiMain,55-344:AnsiMain,324-335:writeFileContent,method,pending,pending,
jansi.src.main.org.fusesource.jansi.AnsiMain,55-344:AnsiMain,337-343:closeQuietly,method,pending,pending,
jansi.src.main.org.fusesource.jansi.AnsiMode,23-37:AnsiMode,24-24:Strip,field,completed,success,Compilation successful
jansi.src.main.org.fusesource.jansi.AnsiMode,23-37:AnsiMode,25-25:Default,field,completed,success,Compilation successful
jansi.src.main.org.fusesource.jansi.AnsiMode,23-37:AnsiMode,26-26:Force,field,completed,success,Compilation successful
jansi.src.main.org.fusesource.jansi.AnsiMode,23-37:AnsiMode,28-28:description,field,completed,success,Compilation successful
jansi.src.main.org.fusesource.jansi.AnsiMode,23-37:AnsiMode,30-32:AnsiMode,method,completed,success,Compilation successful
jansi.src.main.org.fusesource.jansi.AnsiMode,23-37:AnsiMode,34-36:getDescription,method,completed,success,Compilation successful
jansi.src.main.org.fusesource.jansi.AnsiPrintStream,28-96:AnsiPrintStream,30-32:AnsiPrintStream,method,completed,success,Compilation successful
jansi.src.main.org.fusesource.jansi.AnsiPrintStream,28-96:AnsiPrintStream,34-37:AnsiPrintStream,method,attempted,error,Compilation failed: error: extra arguments given for parameter list '()' in call
jansi.src.main.org.fusesource.jansi.AnsiPrintStream,28-96:AnsiPrintStream,39-41:getOut,method,attempted,error,Compilation failed: error: 'out' is not a member of class 'AnsiPrintStream'
jansi.src.main.org.fusesource.jansi.AnsiPrintStream,28-96:AnsiPrintStream,43-45:getType,method,completed,success,Compilation successful
jansi.src.main.org.fusesource.jansi.AnsiPrintStream,28-96:AnsiPrintStream,47-49:getColors,method,completed,success,Compilation successful
jansi.src.main.org.fusesource.jansi.AnsiPrintStream,28-96:AnsiPrintStream,51-53:getMode,method,completed,success,Compilation successful
jansi.src.main.org.fusesource.jansi.AnsiPrintStream,28-96:AnsiPrintStream,55-57:setMode,method,completed,success,Compilation successful
jansi.src.main.org.fusesource.jansi.AnsiPrintStream,28-96:AnsiPrintStream,59-61:isResetAtUninstall,method,completed,success,Compilation successful
jansi.src.main.org.fusesource.jansi.AnsiPrintStream,28-96:AnsiPrintStream,63-65:setResetAtUninstall,method,completed,success,Compilation successful
jansi.src.main.org.fusesource.jansi.AnsiPrintStream,28-96:AnsiPrintStream,71-73:getTerminalWidth,method,completed,success,Compilation successful
jansi.src.main.org.fusesource.jansi.AnsiPrintStream,28-96:AnsiPrintStream,75-77:install,method,completed,success,Compilation successful
jansi.src.main.org.fusesource.jansi.AnsiPrintStream,28-96:AnsiPrintStream,79-85:uninstall,method,attempted,error,Compilation failed: error: generic type should be used with type argument
jansi.src.main.org.fusesource.jansi.AnsiPrintStream,28-96:AnsiPrintStream,87-95:toString,method,attempted,error,Compilation failed: error: 'toString' is not a member of class 'AnsiType'
jansi.src.main.org.fusesource.jansi.AnsiRenderer,45-258:AnsiRenderer,47-47:BEGIN_TOKEN,field,pending,pending,
jansi.src.main.org.fusesource.jansi.AnsiRenderer,45-258:AnsiRenderer,49-49:END_TOKEN,field,pending,pending,
jansi.src.main.org.fusesource.jansi.AnsiRenderer,45-258:AnsiRenderer,51-51:CODE_TEXT_SEPARATOR,field,pending,pending,
jansi.src.main.org.fusesource.jansi.AnsiRenderer,45-258:AnsiRenderer,53-53:CODE_LIST_SEPARATOR,field,pending,pending,
jansi.src.main.org.fusesource.jansi.AnsiRenderer,45-258:AnsiRenderer,55-55:BEGIN_TOKEN_LEN,field,pending,pending,
jansi.src.main.org.fusesource.jansi.AnsiRenderer,45-258:AnsiRenderer,57-57:END_TOKEN_LEN,field,pending,pending,
jansi.src.main.org.fusesource.jansi.AnsiRenderer,45-258:AnsiRenderer,59-66:render,method,pending,pending,
jansi.src.main.org.fusesource.jansi.AnsiRenderer,45-258:AnsiRenderer,79-120:render,method,pending,pending,
jansi.src.main.org.fusesource.jansi.AnsiRenderer,45-258:AnsiRenderer,122-124:render,method,pending,pending,
jansi.src.main.org.fusesource.jansi.AnsiRenderer,45-258:AnsiRenderer,131-133:renderCodes,method,pending,pending,
jansi.src.main.org.fusesource.jansi.AnsiRenderer,45-258:AnsiRenderer,140-142:renderCodes,method,pending,pending,
jansi.src.main.org.fusesource.jansi.AnsiRenderer,45-258:AnsiRenderer,144-158:render,method,pending,pending,
jansi.src.main.org.fusesource.jansi.AnsiRenderer,45-258:AnsiRenderer,160-162:test,method,pending,pending,
jansi.src.main.org.fusesource.jansi.AnsiRenderer,45-258:AnsiRenderer,257-257:AnsiRenderer,method,pending,pending,
jansi.src.main.org.fusesource.jansi.AnsiRenderer,164-255:Code,171-171:BLACK,field,pending,pending,
jansi.src.main.org.fusesource.jansi.AnsiRenderer,164-255:Code,172-172:RED,field,pending,pending,
jansi.src.main.org.fusesource.jansi.AnsiRenderer,164-255:Code,173-173:GREEN,field,pending,pending,
jansi.src.main.org.fusesource.jansi.AnsiRenderer,164-255:Code,174-174:YELLOW,field,pending,pending,
jansi.src.main.org.fusesource.jansi.AnsiRenderer,164-255:Code,175-175:BLUE,field,pending,pending,
jansi.src.main.org.fusesource.jansi.AnsiRenderer,164-255:Code,176-176:MAGENTA,field,pending,pending,
jansi.src.main.org.fusesource.jansi.AnsiRenderer,164-255:Code,177-177:CYAN,field,pending,pending,
jansi.src.main.org.fusesource.jansi.AnsiRenderer,164-255:Code,178-178:WHITE,field,pending,pending,
jansi.src.main.org.fusesource.jansi.AnsiRenderer,164-255:Code,179-179:DEFAULT,field,pending,pending,
jansi.src.main.org.fusesource.jansi.AnsiRenderer,164-255:Code,182-182:FG_BLACK,field,pending,pending,
jansi.src.main.org.fusesource.jansi.AnsiRenderer,164-255:Code,183-183:FG_RED,field,pending,pending,
jansi.src.main.org.fusesource.jansi.AnsiRenderer,164-255:Code,184-184:FG_GREEN,field,pending,pending,
jansi.src.main.org.fusesource.jansi.AnsiRenderer,164-255:Code,185-185:FG_YELLOW,field,pending,pending,
jansi.src.main.org.fusesource.jansi.AnsiRenderer,164-255:Code,186-186:FG_BLUE,field,pending,pending,
jansi.src.main.org.fusesource.jansi.AnsiRenderer,164-255:Code,187-187:FG_MAGENTA,field,pending,pending,
jansi.src.main.org.fusesource.jansi.AnsiRenderer,164-255:Code,188-188:FG_CYAN,field,pending,pending,
jansi.src.main.org.fusesource.jansi.AnsiRenderer,164-255:Code,189-189:FG_WHITE,field,pending,pending,
jansi.src.main.org.fusesource.jansi.AnsiRenderer,164-255:Code,190-190:FG_DEFAULT,field,pending,pending,
jansi.src.main.org.fusesource.jansi.AnsiRenderer,164-255:Code,193-193:BG_BLACK,field,pending,pending,
jansi.src.main.org.fusesource.jansi.AnsiRenderer,164-255:Code,194-194:BG_RED,field,pending,pending,
jansi.src.main.org.fusesource.jansi.AnsiRenderer,164-255:Code,195-195:BG_GREEN,field,pending,pending,
jansi.src.main.org.fusesource.jansi.AnsiRenderer,164-255:Code,196-196:BG_YELLOW,field,pending,pending,
jansi.src.main.org.fusesource.jansi.AnsiRenderer,164-255:Code,197-197:BG_BLUE,field,pending,pending,
jansi.src.main.org.fusesource.jansi.AnsiRenderer,164-255:Code,198-198:BG_MAGENTA,field,pending,pending,
jansi.src.main.org.fusesource.jansi.AnsiRenderer,164-255:Code,199-199:BG_CYAN,field,pending,pending,
jansi.src.main.org.fusesource.jansi.AnsiRenderer,164-255:Code,200-200:BG_WHITE,field,pending,pending,
jansi.src.main.org.fusesource.jansi.AnsiRenderer,164-255:Code,201-201:BG_DEFAULT,field,pending,pending,
jansi.src.main.org.fusesource.jansi.AnsiRenderer,164-255:Code,204-204:RESET,field,pending,pending,
jansi.src.main.org.fusesource.jansi.AnsiRenderer,164-255:Code,205-205:INTENSITY_BOLD,field,pending,pending,
jansi.src.main.org.fusesource.jansi.AnsiRenderer,164-255:Code,206-206:INTENSITY_FAINT,field,pending,pending,
jansi.src.main.org.fusesource.jansi.AnsiRenderer,164-255:Code,207-207:ITALIC,field,pending,pending,
jansi.src.main.org.fusesource.jansi.AnsiRenderer,164-255:Code,208-208:UNDERLINE,field,pending,pending,
jansi.src.main.org.fusesource.jansi.AnsiRenderer,164-255:Code,209-209:BLINK_SLOW,field,pending,pending,
jansi.src.main.org.fusesource.jansi.AnsiRenderer,164-255:Code,210-210:BLINK_FAST,field,pending,pending,
jansi.src.main.org.fusesource.jansi.AnsiRenderer,164-255:Code,211-211:BLINK_OFF,field,pending,pending,
jansi.src.main.org.fusesource.jansi.AnsiRenderer,164-255:Code,212-212:NEGATIVE_ON,field,pending,pending,
jansi.src.main.org.fusesource.jansi.AnsiRenderer,164-255:Code,213-213:NEGATIVE_OFF,field,pending,pending,
jansi.src.main.org.fusesource.jansi.AnsiRenderer,164-255:Code,214-214:CONCEAL_ON,field,pending,pending,
jansi.src.main.org.fusesource.jansi.AnsiRenderer,164-255:Code,215-215:CONCEAL_OFF,field,pending,pending,
jansi.src.main.org.fusesource.jansi.AnsiRenderer,164-255:Code,216-216:UNDERLINE_DOUBLE,field,pending,pending,
jansi.src.main.org.fusesource.jansi.AnsiRenderer,164-255:Code,217-217:UNDERLINE_OFF,field,pending,pending,
jansi.src.main.org.fusesource.jansi.AnsiRenderer,164-255:Code,220-220:BOLD,field,pending,pending,
jansi.src.main.org.fusesource.jansi.AnsiRenderer,164-255:Code,221-221:FAINT,field,pending,pending,
jansi.src.main.org.fusesource.jansi.AnsiRenderer,164-255:Code,223-223:n,field,pending,pending,
jansi.src.main.org.fusesource.jansi.AnsiRenderer,164-255:Code,225-225:background,field,pending,pending,
jansi.src.main.org.fusesource.jansi.AnsiRenderer,164-255:Code,227-230:Code,method,pending,pending,
jansi.src.main.org.fusesource.jansi.AnsiRenderer,164-255:Code,232-234:Code,method,pending,pending,
jansi.src.main.org.fusesource.jansi.AnsiRenderer,164-255:Code,236-238:isColor,method,pending,pending,
jansi.src.main.org.fusesource.jansi.AnsiRenderer,164-255:Code,240-242:getColor,method,pending,pending,
jansi.src.main.org.fusesource.jansi.AnsiRenderer,164-255:Code,244-246:isAttribute,method,pending,pending,
jansi.src.main.org.fusesource.jansi.AnsiRenderer,164-255:Code,248-250:getAttribute,method,pending,pending,
jansi.src.main.org.fusesource.jansi.AnsiRenderer,164-255:Code,252-254:isBackground,method,pending,pending,
jansi.src.main.org.fusesource.jansi.AnsiType,23-39:AnsiType,24-24:Native,field,completed,success,Compilation successful
jansi.src.main.org.fusesource.jansi.AnsiType,23-39:AnsiType,25-25:Unsupported,field,completed,success,Compilation successful
jansi.src.main.org.fusesource.jansi.AnsiType,23-39:AnsiType,26-26:VirtualTerminal,field,completed,success,Compilation successful
jansi.src.main.org.fusesource.jansi.AnsiType,23-39:AnsiType,27-27:Emulation,field,completed,success,Compilation successful
jansi.src.main.org.fusesource.jansi.AnsiType,23-39:AnsiType,28-28:Redirected,field,completed,success,Compilation successful
jansi.src.main.org.fusesource.jansi.AnsiType,23-39:AnsiType,30-30:description,field,completed,success,Compilation successful
jansi.src.main.org.fusesource.jansi.AnsiType,23-39:AnsiType,32-34:AnsiType,method,completed,success,Compilation successful
jansi.src.main.org.fusesource.jansi.AnsiType,23-39:AnsiType,36-38:getDescription,method,completed,success,Compilation successful
jansi.src.main.org.fusesource.jansi.WindowsSupport,23-35:WindowsSupport,26-29:getLastErrorMessage,method,pending,pending,
jansi.src.main.org.fusesource.jansi.WindowsSupport,23-35:WindowsSupport,31-34:getErrorMessage,method,pending,pending,
jansi.src.main.org.fusesource.jansi.internal.CLibrary,25-161:CLibrary,32-32:LOADED,field,completed,success,Compilation successful
jansi.src.main.org.fusesource.jansi.internal.CLibrary,25-161:CLibrary,47-47:STDOUT_FILENO,field,completed,success,Compilation successful
jansi.src.main.org.fusesource.jansi.internal.CLibrary,25-161:CLibrary,49-49:STDERR_FILENO,field,completed,success,Compilation successful
jansi.src.main.org.fusesource.jansi.internal.CLibrary,25-161:CLibrary,51-51:HAVE_ISATTY,field,completed,success,Compilation successful
jansi.src.main.org.fusesource.jansi.internal.CLibrary,25-161:CLibrary,53-53:HAVE_TTYNAME,field,completed,success,Compilation successful
jansi.src.main.org.fusesource.jansi.internal.CLibrary,25-161:CLibrary,55-55:TCSANOW,field,completed,success,Compilation successful
jansi.src.main.org.fusesource.jansi.internal.CLibrary,25-161:CLibrary,56-56:TCSADRAIN,field,completed,success,Compilation successful
jansi.src.main.org.fusesource.jansi.internal.CLibrary,25-161:CLibrary,57-57:TCSAFLUSH,field,completed,success,Compilation successful
jansi.src.main.org.fusesource.jansi.internal.CLibrary,25-161:CLibrary,58-58:TIOCGETA,field,completed,success,Compilation successful
jansi.src.main.org.fusesource.jansi.internal.CLibrary,25-161:CLibrary,59-59:TIOCSETA,field,completed,success,Compilation successful
jansi.src.main.org.fusesource.jansi.internal.CLibrary,25-161:CLibrary,60-60:TIOCGETD,field,completed,success,Compilation successful
jansi.src.main.org.fusesource.jansi.internal.CLibrary,25-161:CLibrary,61-61:TIOCSETD,field,completed,success,Compilation successful
jansi.src.main.org.fusesource.jansi.internal.CLibrary,25-161:CLibrary,62-62:TIOCGWINSZ,field,completed,success,Compilation successful
jansi.src.main.org.fusesource.jansi.internal.CLibrary,25-161:CLibrary,63-63:TIOCSWINSZ,field,completed,success,Compilation successful
jansi.src.main.org.fusesource.jansi.internal.CLibrary,25-161:CLibrary,41-41:init_,method,completed,success,Compilation successful
jansi.src.main.org.fusesource.jansi.internal.CLibrary,25-161:CLibrary,75-75:isatty,method,attempted,error,Compilation failed: error: 'isatty' is not a member of struct 'LibC'
jansi.src.main.org.fusesource.jansi.internal.CLibrary,25-161:CLibrary,77-77:ttyname,method,completed,success,Compilation successful
jansi.src.main.org.fusesource.jansi.internal.CLibrary,25-161:CLibrary,91-92:openpty,method,completed,success,Compilation successful
jansi.src.main.org.fusesource.jansi.internal.CLibrary,25-161:CLibrary,94-94:tcgetattr,method,completed,success,Compilation successful
jansi.src.main.org.fusesource.jansi.internal.CLibrary,25-161:CLibrary,96-96:tcsetattr,method,completed,success,Compilation successful
jansi.src.main.org.fusesource.jansi.internal.CLibrary,25-161:CLibrary,103-103:ioctl,method,completed,success,Compilation successful
jansi.src.main.org.fusesource.jansi.internal.CLibrary,25-161:CLibrary,105-105:ioctl,method,completed,success,Compilation successful
jansi.src.main.org.fusesource.jansi.internal.CLibrary,25-161:CLibrary,34-39:run_static_init,static_initializer,completed,success,Compilation successful
jansi.src.main.org.fusesource.jansi.internal.CLibrary,112-134:CLibrary_WinSize,121-121:SIZEOF,field,pending,pending,
jansi.src.main.org.fusesource.jansi.internal.CLibrary,112-134:CLibrary_WinSize,123-123:ws_row,field,pending,pending,
jansi.src.main.org.fusesource.jansi.internal.CLibrary,112-134:CLibrary_WinSize,124-124:ws_col,field,pending,pending,
jansi.src.main.org.fusesource.jansi.internal.CLibrary,112-134:CLibrary_WinSize,125-125:ws_xpixel,field,pending,pending,
jansi.src.main.org.fusesource.jansi.internal.CLibrary,112-134:CLibrary_WinSize,126-126:ws_ypixel,field,pending,pending,
jansi.src.main.org.fusesource.jansi.internal.CLibrary,112-134:CLibrary_WinSize,119-119:init_,method,pending,pending,
jansi.src.main.org.fusesource.jansi.internal.CLibrary,112-134:CLibrary_WinSize,128-128:CLibrary_WinSize,method,pending,pending,
jansi.src.main.org.fusesource.jansi.internal.CLibrary,112-134:CLibrary_WinSize,130-133:CLibrary_WinSize,method,pending,pending,
jansi.src.main.org.fusesource.jansi.internal.CLibrary,112-134:CLibrary_WinSize,114-117:run_static_init,static_initializer,pending,pending,
jansi.src.main.org.fusesource.jansi.internal.CLibrary,142-160:CLibrary_Termios,151-151:SIZEOF,field,pending,pending,
jansi.src.main.org.fusesource.jansi.internal.CLibrary,142-160:CLibrary_Termios,153-153:c_iflag,field,pending,pending,
jansi.src.main.org.fusesource.jansi.internal.CLibrary,142-160:CLibrary_Termios,154-154:c_oflag,field,pending,pending,
jansi.src.main.org.fusesource.jansi.internal.CLibrary,142-160:CLibrary_Termios,155-155:c_cflag,field,pending,pending,
jansi.src.main.org.fusesource.jansi.internal.CLibrary,142-160:CLibrary_Termios,156-156:c_lflag,field,pending,pending,
jansi.src.main.org.fusesource.jansi.internal.CLibrary,142-160:CLibrary_Termios,157-157:c_cc,field,pending,pending,
jansi.src.main.org.fusesource.jansi.internal.CLibrary,142-160:CLibrary_Termios,158-158:c_ispeed,field,pending,pending,
jansi.src.main.org.fusesource.jansi.internal.CLibrary,142-160:CLibrary_Termios,159-159:c_ospeed,field,pending,pending,
jansi.src.main.org.fusesource.jansi.internal.CLibrary,142-160:CLibrary_Termios,149-149:init_,method,pending,pending,
jansi.src.main.org.fusesource.jansi.internal.CLibrary,142-160:CLibrary_Termios,144-147:run_static_init,static_initializer,pending,pending,
jansi.src.main.org.fusesource.jansi.internal.JansiLoader,61-395:JansiLoader,63-63:loaded,field,completed,success,Compilation successful
jansi.src.main.org.fusesource.jansi.internal.JansiLoader,61-395:JansiLoader,64-64:nativeLibraryPath,field,completed,success,Compilation successful
jansi.src.main.org.fusesource.jansi.internal.JansiLoader,61-395:JansiLoader,65-65:nativeLibrarySourceUrl,field,completed,success,Compilation successful
jansi.src.main.org.fusesource.jansi.internal.JansiLoader,61-395:JansiLoader,73-91:initialize,method,attempted,error,Compilation failed: error: no matching constructor for call 'Thread'
jansi.src.main.org.fusesource.jansi.internal.JansiLoader,61-395:JansiLoader,93-95:getNativeLibraryPath,method,completed,success,Compilation successful
jansi.src.main.org.fusesource.jansi.internal.JansiLoader,61-395:JansiLoader,97-99:getNativeLibrarySourceUrl,method,completed,success,Compilation successful
jansi.src.main.org.fusesource.jansi.internal.JansiLoader,61-395:JansiLoader,101-103:getTempDir,method,attempted,error,Compilation failed: error: undeclared identifier 'System'
jansi.src.main.org.fusesource.jansi.internal.JansiLoader,61-395:JansiLoader,109-132:cleanup,method,attempted,error,Compilation failed: error: 'path' is not a member of class 'File'
jansi.src.main.org.fusesource.jansi.internal.JansiLoader,61-395:JansiLoader,134-143:readNBytes,method,attempted,error,Compilation failed: error: extra arguments given for parameter list '(Struct-Array<UInt8>)' in call
jansi.src.main.org.fusesource.jansi.internal.JansiLoader,61-395:JansiLoader,145-174:contentsEquals,method,attempted,error,Compilation failed: error: unknown named argument prefix 'item:'
jansi.src.main.org.fusesource.jansi.internal.JansiLoader,61-395:JansiLoader,184-235:extractAndLoadLibraryFile,method,attempted,error,Compilation failed: error: undeclared type name 'IOException'
jansi.src.main.org.fusesource.jansi.internal.JansiLoader,61-395:JansiLoader,237-239:randomUUID,method,attempted,error,Compilation failed: error: undeclared identifier 'Random'
jansi.src.main.org.fusesource.jansi.internal.JansiLoader,61-395:JansiLoader,247-276:loadNativeLibrary,method,attempted,error,Compilation failed: error: undeclared type name 'UnsatisfiedLinkError'
jansi.src.main.org.fusesource.jansi.internal.JansiLoader,61-395:JansiLoader,283-353:loadJansiNativeLibrary,method,attempted,error,"Compilation failed: error: expected operator or end of expression, found ':'"
jansi.src.main.org.fusesource.jansi.internal.JansiLoader,61-395:JansiLoader,355-357:hasResource,method,attempted,error,Compilation failed: error: 'getResource' is not a member of class 'JansiLoader'
jansi.src.main.org.fusesource.jansi.internal.JansiLoader,61-395:JansiLoader,362-365:getMajorVersion,method,attempted,error,Compilation failed: error: undeclared identifier 'parse'
jansi.src.main.org.fusesource.jansi.internal.JansiLoader,61-395:JansiLoader,370-373:getMinorVersion,method,attempted,error,Compilation failed: error: the expression for numeric type conversion must have a numeric type
jansi.src.main.org.fusesource.jansi.internal.JansiLoader,61-395:JansiLoader,378-394:getVersion,method,attempted,error,Compilation failed: error: unclosed delimiter: '('
jansi.src.main.org.fusesource.jansi.internal.Kernel32,26-538:Kernel32,37-37:FOREGROUND_BLUE,field,completed,success,Compilation successful
jansi.src.main.org.fusesource.jansi.internal.Kernel32,26-538:Kernel32,38-38:FOREGROUND_GREEN,field,completed,success,Compilation successful
jansi.src.main.org.fusesource.jansi.internal.Kernel32,26-538:Kernel32,39-39:FOREGROUND_RED,field,completed,success,Compilation successful
jansi.src.main.org.fusesource.jansi.internal.Kernel32,26-538:Kernel32,40-40:FOREGROUND_INTENSITY,field,completed,success,Compilation successful
jansi.src.main.org.fusesource.jansi.internal.Kernel32,26-538:Kernel32,41-41:BACKGROUND_BLUE,field,completed,success,Compilation successful
jansi.src.main.org.fusesource.jansi.internal.Kernel32,26-538:Kernel32,42-42:BACKGROUND_GREEN,field,completed,success,Compilation successful
jansi.src.main.org.fusesource.jansi.internal.Kernel32,26-538:Kernel32,43-43:BACKGROUND_RED,field,completed,success,Compilation successful
jansi.src.main.org.fusesource.jansi.internal.Kernel32,26-538:Kernel32,44-44:BACKGROUND_INTENSITY,field,completed,success,Compilation successful
jansi.src.main.org.fusesource.jansi.internal.Kernel32,26-538:Kernel32,45-45:COMMON_LVB_LEADING_BYTE,field,completed,success,Compilation successful
jansi.src.main.org.fusesource.jansi.internal.Kernel32,26-538:Kernel32,46-46:COMMON_LVB_TRAILING_BYTE,field,completed,success,Compilation successful
jansi.src.main.org.fusesource.jansi.internal.Kernel32,26-538:Kernel32,47-47:COMMON_LVB_GRID_HORIZONTAL,field,completed,success,Compilation successful
jansi.src.main.org.fusesource.jansi.internal.Kernel32,26-538:Kernel32,48-48:COMMON_LVB_GRID_LVERTICAL,field,completed,success,Compilation successful
jansi.src.main.org.fusesource.jansi.internal.Kernel32,26-538:Kernel32,49-49:COMMON_LVB_GRID_RVERTICAL,field,completed,success,Compilation successful
jansi.src.main.org.fusesource.jansi.internal.Kernel32,26-538:Kernel32,50-50:COMMON_LVB_REVERSE_VIDEO,field,completed,success,Compilation successful
jansi.src.main.org.fusesource.jansi.internal.Kernel32,26-538:Kernel32,51-51:COMMON_LVB_UNDERSCORE,field,completed,success,Compilation successful
jansi.src.main.org.fusesource.jansi.internal.Kernel32,26-538:Kernel32,52-52:FORMAT_MESSAGE_FROM_SYSTEM,field,completed,success,Compilation successful
jansi.src.main.org.fusesource.jansi.internal.Kernel32,26-538:Kernel32,53-53:STD_INPUT_HANDLE,field,completed,success,Compilation successful
jansi.src.main.org.fusesource.jansi.internal.Kernel32,26-538:Kernel32,54-54:STD_OUTPUT_HANDLE,field,completed,success,Compilation successful
jansi.src.main.org.fusesource.jansi.internal.Kernel32,26-538:Kernel32,55-55:STD_ERROR_HANDLE,field,completed,success,Compilation successful
jansi.src.main.org.fusesource.jansi.internal.Kernel32,26-538:Kernel32,56-56:INVALID_HANDLE_VALUE,field,completed,success,Compilation successful
jansi.src.main.org.fusesource.jansi.internal.Kernel32,26-538:Kernel32,35-35:init_,method,completed,success,Compilation successful
jansi.src.main.org.fusesource.jansi.internal.Kernel32,26-538:Kernel32,58-58:malloc,method,completed,success,Compilation successful
jansi.src.main.org.fusesource.jansi.internal.Kernel32,26-538:Kernel32,60-60:free,method,completed,success,Compilation successful
jansi.src.main.org.fusesource.jansi.internal.Kernel32,26-538:Kernel32,101-101:SetConsoleTextAttribute,method,completed,success,Compilation successful
jansi.src.main.org.fusesource.jansi.internal.Kernel32,26-538:Kernel32,158-158:WaitForSingleObject,method,completed,success,Compilation successful
jansi.src.main.org.fusesource.jansi.internal.Kernel32,26-538:Kernel32,163-163:CloseHandle,method,completed,success,Compilation successful
jansi.src.main.org.fusesource.jansi.internal.Kernel32,26-538:Kernel32,168-168:GetLastError,method,completed,success,Compilation successful
jansi.src.main.org.fusesource.jansi.internal.Kernel32,26-538:Kernel32,170-171:FormatMessageW,method,completed,success,Compilation successful
jansi.src.main.org.fusesource.jansi.internal.Kernel32,26-538:Kernel32,176-177:GetConsoleScreenBufferInfo,method,completed,success,Compilation successful
jansi.src.main.org.fusesource.jansi.internal.Kernel32,26-538:Kernel32,182-182:GetStdHandle,method,completed,success,Compilation successful
jansi.src.main.org.fusesource.jansi.internal.Kernel32,26-538:Kernel32,187-187:SetConsoleCursorPosition,method,completed,success,Compilation successful
jansi.src.main.org.fusesource.jansi.internal.Kernel32,26-538:Kernel32,192-193:FillConsoleOutputCharacterW,method,completed,success,Compilation successful
jansi.src.main.org.fusesource.jansi.internal.Kernel32,26-538:Kernel32,198-199:FillConsoleOutputAttribute,method,completed,success,Compilation successful
jansi.src.main.org.fusesource.jansi.internal.Kernel32,26-538:Kernel32,204-205:WriteConsoleW,method,completed,success,Compilation successful
jansi.src.main.org.fusesource.jansi.internal.Kernel32,26-538:Kernel32,210-210:GetConsoleMode,method,completed,success,Compilation successful
jansi.src.main.org.fusesource.jansi.internal.Kernel32,26-538:Kernel32,215-215:SetConsoleMode,method,completed,success,Compilation successful
jansi.src.main.org.fusesource.jansi.internal.Kernel32,26-538:Kernel32,220-220:_getch,method,completed,success,Compilation successful
jansi.src.main.org.fusesource.jansi.internal.Kernel32,26-538:Kernel32,227-227:SetConsoleTitle,method,completed,success,Compilation successful
jansi.src.main.org.fusesource.jansi.internal.Kernel32,26-538:Kernel32,234-234:GetConsoleOutputCP,method,completed,success,Compilation successful
jansi.src.main.org.fusesource.jansi.internal.Kernel32,26-538:Kernel32,241-241:SetConsoleOutputCP,method,completed,success,Compilation successful
jansi.src.main.org.fusesource.jansi.internal.Kernel32,26-538:Kernel32,264-269:ScrollConsoleScreenBuffer,method,completed,success,Compilation successful
jansi.src.main.org.fusesource.jansi.internal.Kernel32,26-538:Kernel32,442-442:ReadConsoleInputW,method,completed,success,Compilation successful
jansi.src.main.org.fusesource.jansi.internal.Kernel32,26-538:Kernel32,447-447:PeekConsoleInputW,method,completed,success,Compilation successful
jansi.src.main.org.fusesource.jansi.internal.Kernel32,26-538:Kernel32,452-452:GetNumberOfConsoleInputEvents,method,completed,success,Compilation successful
jansi.src.main.org.fusesource.jansi.internal.Kernel32,26-538:Kernel32,457-457:FlushConsoleInputBuffer,method,completed,success,Compilation successful
jansi.src.main.org.fusesource.jansi.internal.Kernel32,26-538:Kernel32,462-493:readConsoleInputHelper,method,attempted,error,Compilation failed: error: unknown named argument prefix 'item:'
jansi.src.main.org.fusesource.jansi.internal.Kernel32,26-538:Kernel32,501-521:readConsoleKeyInput,method,attempted,error,Compilation failed: error: mismatched types
jansi.src.main.org.fusesource.jansi.internal.Kernel32,26-538:Kernel32,523-526:getLastErrorMessage,method,completed,success,Compilation successful
jansi.src.main.org.fusesource.jansi.internal.Kernel32,26-538:Kernel32,528-537:getErrorMessage,method,attempted,error,Compilation failed: error: unknown named argument prefix 'item:'
jansi.src.main.org.fusesource.jansi.internal.Kernel32,26-538:Kernel32,29-33:run_static_init,static_initializer,completed,success,Compilation successful
jansi.src.main.org.fusesource.jansi.internal.Kernel32,65-96:Kernel32_SMALL_RECT,73-73:SIZEOF,field,pending,pending,
jansi.src.main.org.fusesource.jansi.internal.Kernel32,65-96:Kernel32_SMALL_RECT,75-75:left,field,pending,pending,
jansi.src.main.org.fusesource.jansi.internal.Kernel32,65-96:Kernel32_SMALL_RECT,76-76:top,field,pending,pending,
jansi.src.main.org.fusesource.jansi.internal.Kernel32,65-96:Kernel32_SMALL_RECT,77-77:right,field,pending,pending,
jansi.src.main.org.fusesource.jansi.internal.Kernel32,65-96:Kernel32_SMALL_RECT,78-78:bottom,field,pending,pending,
jansi.src.main.org.fusesource.jansi.internal.Kernel32,65-96:Kernel32_SMALL_RECT,71-71:init_,method,pending,pending,
jansi.src.main.org.fusesource.jansi.internal.Kernel32,65-96:Kernel32_SMALL_RECT,80-82:width,method,pending,pending,
jansi.src.main.org.fusesource.jansi.internal.Kernel32,65-96:Kernel32_SMALL_RECT,84-86:height,method,pending,pending,
jansi.src.main.org.fusesource.jansi.internal.Kernel32,65-96:Kernel32_SMALL_RECT,88-95:copy,method,pending,pending,
jansi.src.main.org.fusesource.jansi.internal.Kernel32,65-96:Kernel32_SMALL_RECT,66-69:run_static_init,static_initializer,pending,pending,
jansi.src.main.org.fusesource.jansi.internal.Kernel32,103-123:Kernel32_COORD,112-112:SIZEOF,field,pending,pending,
jansi.src.main.org.fusesource.jansi.internal.Kernel32,103-123:Kernel32_COORD,114-114:x,field,pending,pending,
jansi.src.main.org.fusesource.jansi.internal.Kernel32,103-123:Kernel32_COORD,115-115:y,field,pending,pending,
jansi.src.main.org.fusesource.jansi.internal.Kernel32,103-123:Kernel32_COORD,110-110:init_,method,pending,pending,
jansi.src.main.org.fusesource.jansi.internal.Kernel32,103-123:Kernel32_COORD,117-122:copy,method,pending,pending,
jansi.src.main.org.fusesource.jansi.internal.Kernel32,103-123:Kernel32_COORD,105-108:run_static_init,static_initializer,pending,pending,
jansi.src.main.org.fusesource.jansi.internal.Kernel32,128-152:Kernel32_CONSOLE_SCREEN_BUFFER_INFO,137-137:SIZEOF,field,pending,pending,
jansi.src.main.org.fusesource.jansi.internal.Kernel32,128-152:Kernel32_CONSOLE_SCREEN_BUFFER_INFO,139-139:size,field,pending,pending,
jansi.src.main.org.fusesource.jansi.internal.Kernel32,128-152:Kernel32_CONSOLE_SCREEN_BUFFER_INFO,140-140:cursorPosition,field,pending,pending,
jansi.src.main.org.fusesource.jansi.internal.Kernel32,128-152:Kernel32_CONSOLE_SCREEN_BUFFER_INFO,141-141:attributes,field,pending,pending,
jansi.src.main.org.fusesource.jansi.internal.Kernel32,128-152:Kernel32_CONSOLE_SCREEN_BUFFER_INFO,142-142:window,field,pending,pending,
jansi.src.main.org.fusesource.jansi.internal.Kernel32,128-152:Kernel32_CONSOLE_SCREEN_BUFFER_INFO,143-143:maximumWindowSize,field,pending,pending,
jansi.src.main.org.fusesource.jansi.internal.Kernel32,128-152:Kernel32_CONSOLE_SCREEN_BUFFER_INFO,135-135:init_,method,pending,pending,
jansi.src.main.org.fusesource.jansi.internal.Kernel32,128-152:Kernel32_CONSOLE_SCREEN_BUFFER_INFO,145-147:windowWidth,method,pending,pending,
jansi.src.main.org.fusesource.jansi.internal.Kernel32,128-152:Kernel32_CONSOLE_SCREEN_BUFFER_INFO,149-151:windowHeight,method,pending,pending,
jansi.src.main.org.fusesource.jansi.internal.Kernel32,128-152:Kernel32_CONSOLE_SCREEN_BUFFER_INFO,130-133:run_static_init,static_initializer,pending,pending,
jansi.src.main.org.fusesource.jansi.internal.Kernel32,246-259:Kernel32_CHAR_INFO,255-255:SIZEOF,field,pending,pending,
jansi.src.main.org.fusesource.jansi.internal.Kernel32,246-259:Kernel32_CHAR_INFO,257-257:attributes,field,pending,pending,
jansi.src.main.org.fusesource.jansi.internal.Kernel32,246-259:Kernel32_CHAR_INFO,258-258:unicodeChar,field,pending,pending,
jansi.src.main.org.fusesource.jansi.internal.Kernel32,246-259:Kernel32_CHAR_INFO,253-253:init_,method,pending,pending,
jansi.src.main.org.fusesource.jansi.internal.Kernel32,246-259:Kernel32_CHAR_INFO,248-251:run_static_init,static_initializer,pending,pending,
jansi.src.main.org.fusesource.jansi.internal.Kernel32,274-310:Kernel32_KEY_EVENT_RECORD,283-283:SIZEOF,field,pending,pending,
jansi.src.main.org.fusesource.jansi.internal.Kernel32,274-310:Kernel32_KEY_EVENT_RECORD,284-284:CAPSLOCK_ON,field,pending,pending,
jansi.src.main.org.fusesource.jansi.internal.Kernel32,274-310:Kernel32_KEY_EVENT_RECORD,285-285:NUMLOCK_ON,field,pending,pending,
jansi.src.main.org.fusesource.jansi.internal.Kernel32,274-310:Kernel32_KEY_EVENT_RECORD,286-286:SCROLLLOCK_ON,field,pending,pending,
jansi.src.main.org.fusesource.jansi.internal.Kernel32,274-310:Kernel32_KEY_EVENT_RECORD,287-287:ENHANCED_KEY,field,pending,pending,
jansi.src.main.org.fusesource.jansi.internal.Kernel32,274-310:Kernel32_KEY_EVENT_RECORD,288-288:LEFT_ALT_PRESSED,field,pending,pending,
jansi.src.main.org.fusesource.jansi.internal.Kernel32,274-310:Kernel32_KEY_EVENT_RECORD,289-289:LEFT_CTRL_PRESSED,field,pending,pending,
jansi.src.main.org.fusesource.jansi.internal.Kernel32,274-310:Kernel32_KEY_EVENT_RECORD,290-290:RIGHT_ALT_PRESSED,field,pending,pending,
jansi.src.main.org.fusesource.jansi.internal.Kernel32,274-310:Kernel32_KEY_EVENT_RECORD,291-291:RIGHT_CTRL_PRESSED,field,pending,pending,
jansi.src.main.org.fusesource.jansi.internal.Kernel32,274-310:Kernel32_KEY_EVENT_RECORD,292-292:SHIFT_PRESSED,field,pending,pending,
jansi.src.main.org.fusesource.jansi.internal.Kernel32,274-310:Kernel32_KEY_EVENT_RECORD,294-294:keyDown,field,pending,pending,
jansi.src.main.org.fusesource.jansi.internal.Kernel32,274-310:Kernel32_KEY_EVENT_RECORD,295-295:repeatCount,field,pending,pending,
jansi.src.main.org.fusesource.jansi.internal.Kernel32,274-310:Kernel32_KEY_EVENT_RECORD,296-296:keyCode,field,pending,pending,
jansi.src.main.org.fusesource.jansi.internal.Kernel32,274-310:Kernel32_KEY_EVENT_RECORD,297-297:scanCode,field,pending,pending,
jansi.src.main.org.fusesource.jansi.internal.Kernel32,274-310:Kernel32_KEY_EVENT_RECORD,298-298:uchar,field,pending,pending,
jansi.src.main.org.fusesource.jansi.internal.Kernel32,274-310:Kernel32_KEY_EVENT_RECORD,299-299:controlKeyState,field,pending,pending,
jansi.src.main.org.fusesource.jansi.internal.Kernel32,274-310:Kernel32_KEY_EVENT_RECORD,281-281:init_,method,pending,pending,
jansi.src.main.org.fusesource.jansi.internal.Kernel32,274-310:Kernel32_KEY_EVENT_RECORD,301-309:toString,method,pending,pending,
jansi.src.main.org.fusesource.jansi.internal.Kernel32,274-310:Kernel32_KEY_EVENT_RECORD,276-279:run_static_init,static_initializer,pending,pending,
jansi.src.main.org.fusesource.jansi.internal.Kernel32,315-358:Kernel32_MOUSE_EVENT_RECORD,324-324:SIZEOF,field,pending,pending,
jansi.src.main.org.fusesource.jansi.internal.Kernel32,315-358:Kernel32_MOUSE_EVENT_RECORD,325-325:FROM_LEFT_1ST_BUTTON_PRESSED,field,pending,pending,
jansi.src.main.org.fusesource.jansi.internal.Kernel32,315-358:Kernel32_MOUSE_EVENT_RECORD,326-326:FROM_LEFT_2ND_BUTTON_PRESSED,field,pending,pending,
jansi.src.main.org.fusesource.jansi.internal.Kernel32,315-358:Kernel32_MOUSE_EVENT_RECORD,327-327:FROM_LEFT_3RD_BUTTON_PRESSED,field,pending,pending,
jansi.src.main.org.fusesource.jansi.internal.Kernel32,315-358:Kernel32_MOUSE_EVENT_RECORD,328-328:FROM_LEFT_4TH_BUTTON_PRESSED,field,pending,pending,
jansi.src.main.org.fusesource.jansi.internal.Kernel32,315-358:Kernel32_MOUSE_EVENT_RECORD,329-329:RIGHTMOST_BUTTON_PRESSED,field,pending,pending,
jansi.src.main.org.fusesource.jansi.internal.Kernel32,315-358:Kernel32_MOUSE_EVENT_RECORD,331-331:CAPSLOCK_ON,field,pending,pending,
jansi.src.main.org.fusesource.jansi.internal.Kernel32,315-358:Kernel32_MOUSE_EVENT_RECORD,332-332:NUMLOCK_ON,field,pending,pending,
jansi.src.main.org.fusesource.jansi.internal.Kernel32,315-358:Kernel32_MOUSE_EVENT_RECORD,333-333:SCROLLLOCK_ON,field,pending,pending,
jansi.src.main.org.fusesource.jansi.internal.Kernel32,315-358:Kernel32_MOUSE_EVENT_RECORD,334-334:ENHANCED_KEY,field,pending,pending,
jansi.src.main.org.fusesource.jansi.internal.Kernel32,315-358:Kernel32_MOUSE_EVENT_RECORD,335-335:LEFT_ALT_PRESSED,field,pending,pending,
jansi.src.main.org.fusesource.jansi.internal.Kernel32,315-358:Kernel32_MOUSE_EVENT_RECORD,336-336:LEFT_CTRL_PRESSED,field,pending,pending,
jansi.src.main.org.fusesource.jansi.internal.Kernel32,315-358:Kernel32_MOUSE_EVENT_RECORD,337-337:RIGHT_ALT_PRESSED,field,pending,pending,
jansi.src.main.org.fusesource.jansi.internal.Kernel32,315-358:Kernel32_MOUSE_EVENT_RECORD,338-338:RIGHT_CTRL_PRESSED,field,pending,pending,
jansi.src.main.org.fusesource.jansi.internal.Kernel32,315-358:Kernel32_MOUSE_EVENT_RECORD,339-339:SHIFT_PRESSED,field,pending,pending,
jansi.src.main.org.fusesource.jansi.internal.Kernel32,315-358:Kernel32_MOUSE_EVENT_RECORD,341-341:DOUBLE_CLICK,field,pending,pending,
jansi.src.main.org.fusesource.jansi.internal.Kernel32,315-358:Kernel32_MOUSE_EVENT_RECORD,342-342:MOUSE_HWHEELED,field,pending,pending,
jansi.src.main.org.fusesource.jansi.internal.Kernel32,315-358:Kernel32_MOUSE_EVENT_RECORD,343-343:MOUSE_MOVED,field,pending,pending,
jansi.src.main.org.fusesource.jansi.internal.Kernel32,315-358:Kernel32_MOUSE_EVENT_RECORD,344-344:MOUSE_WHEELED,field,pending,pending,
jansi.src.main.org.fusesource.jansi.internal.Kernel32,315-358:Kernel32_MOUSE_EVENT_RECORD,346-346:mousePosition,field,pending,pending,
jansi.src.main.org.fusesource.jansi.internal.Kernel32,315-358:Kernel32_MOUSE_EVENT_RECORD,347-347:buttonState,field,pending,pending,
jansi.src.main.org.fusesource.jansi.internal.Kernel32,315-358:Kernel32_MOUSE_EVENT_RECORD,348-348:controlKeyState,field,pending,pending,
jansi.src.main.org.fusesource.jansi.internal.Kernel32,315-358:Kernel32_MOUSE_EVENT_RECORD,349-349:eventFlags,field,pending,pending,
jansi.src.main.org.fusesource.jansi.internal.Kernel32,315-358:Kernel32_MOUSE_EVENT_RECORD,322-322:init_,method,pending,pending,
jansi.src.main.org.fusesource.jansi.internal.Kernel32,315-358:Kernel32_MOUSE_EVENT_RECORD,351-357:toString,method,pending,pending,
jansi.src.main.org.fusesource.jansi.internal.Kernel32,315-358:Kernel32_MOUSE_EVENT_RECORD,317-320:run_static_init,static_initializer,pending,pending,
jansi.src.main.org.fusesource.jansi.internal.Kernel32,363-379:Kernel32_WINDOW_BUFFER_SIZE_RECORD,372-372:SIZEOF,field,pending,pending,
jansi.src.main.org.fusesource.jansi.internal.Kernel32,363-379:Kernel32_WINDOW_BUFFER_SIZE_RECORD,374-374:size,field,pending,pending,
jansi.src.main.org.fusesource.jansi.internal.Kernel32,363-379:Kernel32_WINDOW_BUFFER_SIZE_RECORD,370-370:init_,method,pending,pending,
jansi.src.main.org.fusesource.jansi.internal.Kernel32,363-379:Kernel32_WINDOW_BUFFER_SIZE_RECORD,376-378:toString,method,pending,pending,
jansi.src.main.org.fusesource.jansi.internal.Kernel32,363-379:Kernel32_WINDOW_BUFFER_SIZE_RECORD,365-368:run_static_init,static_initializer,pending,pending,
jansi.src.main.org.fusesource.jansi.internal.Kernel32,384-394:Kernel32_FOCUS_EVENT_RECORD,392-392:SIZEOF,field,pending,pending,
jansi.src.main.org.fusesource.jansi.internal.Kernel32,384-394:Kernel32_FOCUS_EVENT_RECORD,393-393:setFocus,field,pending,pending,
jansi.src.main.org.fusesource.jansi.internal.Kernel32,384-394:Kernel32_FOCUS_EVENT_RECORD,390-390:init_,method,pending,pending,
jansi.src.main.org.fusesource.jansi.internal.Kernel32,384-394:Kernel32_FOCUS_EVENT_RECORD,385-388:run_static_init,static_initializer,pending,pending,
jansi.src.main.org.fusesource.jansi.internal.Kernel32,399-409:Kernel32_MENU_EVENT_RECORD,407-407:SIZEOF,field,pending,pending,
jansi.src.main.org.fusesource.jansi.internal.Kernel32,399-409:Kernel32_MENU_EVENT_RECORD,408-408:commandId,field,pending,pending,
jansi.src.main.org.fusesource.jansi.internal.Kernel32,399-409:Kernel32_MENU_EVENT_RECORD,405-405:init_,method,pending,pending,
jansi.src.main.org.fusesource.jansi.internal.Kernel32,399-409:Kernel32_MENU_EVENT_RECORD,400-403:run_static_init,static_initializer,pending,pending,
jansi.src.main.org.fusesource.jansi.internal.Kernel32,414-437:Kernel32_INPUT_RECORD,423-423:SIZEOF,field,pending,pending,
jansi.src.main.org.fusesource.jansi.internal.Kernel32,414-437:Kernel32_INPUT_RECORD,424-424:KEY_EVENT,field,pending,pending,
jansi.src.main.org.fusesource.jansi.internal.Kernel32,414-437:Kernel32_INPUT_RECORD,425-425:MOUSE_EVENT,field,pending,pending,
jansi.src.main.org.fusesource.jansi.internal.Kernel32,414-437:Kernel32_INPUT_RECORD,426-426:WINDOW_BUFFER_SIZE_EVENT,field,pending,pending,
jansi.src.main.org.fusesource.jansi.internal.Kernel32,414-437:Kernel32_INPUT_RECORD,427-427:FOCUS_EVENT,field,pending,pending,
jansi.src.main.org.fusesource.jansi.internal.Kernel32,414-437:Kernel32_INPUT_RECORD,428-428:MENU_EVENT,field,pending,pending,
jansi.src.main.org.fusesource.jansi.internal.Kernel32,414-437:Kernel32_INPUT_RECORD,429-429:eventType,field,pending,pending,
jansi.src.main.org.fusesource.jansi.internal.Kernel32,414-437:Kernel32_INPUT_RECORD,430-430:keyEvent,field,pending,pending,
jansi.src.main.org.fusesource.jansi.internal.Kernel32,414-437:Kernel32_INPUT_RECORD,431-431:mouseEvent,field,pending,pending,
jansi.src.main.org.fusesource.jansi.internal.Kernel32,414-437:Kernel32_INPUT_RECORD,432-432:windowBufferSizeEvent,field,pending,pending,
jansi.src.main.org.fusesource.jansi.internal.Kernel32,414-437:Kernel32_INPUT_RECORD,433-433:menuEvent,field,pending,pending,
jansi.src.main.org.fusesource.jansi.internal.Kernel32,414-437:Kernel32_INPUT_RECORD,434-434:focusEvent,field,pending,pending,
jansi.src.main.org.fusesource.jansi.internal.Kernel32,414-437:Kernel32_INPUT_RECORD,421-421:init_,method,pending,pending,
jansi.src.main.org.fusesource.jansi.internal.Kernel32,414-437:Kernel32_INPUT_RECORD,436-436:memmove,method,pending,pending,
jansi.src.main.org.fusesource.jansi.internal.Kernel32,414-437:Kernel32_INPUT_RECORD,416-419:run_static_init,static_initializer,pending,pending,
jansi.src.main.org.fusesource.jansi.internal.MingwSupport,34-137:MingwSupport,36-36:sttyCommand,field,completed,success,Compilation successful
jansi.src.main.org.fusesource.jansi.internal.MingwSupport,34-137:MingwSupport,37-37:ttyCommand,field,completed,success,Compilation successful
jansi.src.main.org.fusesource.jansi.internal.MingwSupport,34-137:MingwSupport,38-38:columnsPatterns,field,completed,success,Compilation successful
jansi.src.main.org.fusesource.jansi.internal.MingwSupport,34-137:MingwSupport,40-67:MingwSupport,method,attempted,error,Compilation failed: error: undeclared identifier 'System'
jansi.src.main.org.fusesource.jansi.internal.MingwSupport,34-137:MingwSupport,69-86:getConsoleName,method,attempted,error,Compilation failed: error: 'out' is not a member of struct 'FileDescriptor'
jansi.src.main.org.fusesource.jansi.internal.MingwSupport,34-137:MingwSupport,88-103:getTerminalWidth,method,attempted,error,Compilation failed: error: undeclared identifier 'ProcessBuilder'
jansi.src.main.org.fusesource.jansi.internal.MingwSupport,34-137:MingwSupport,105-119:waitAndCapture,method,attempted,error,Compilation failed: error: undeclared identifier 'ByteArrayOutputStream'
jansi.src.main.org.fusesource.jansi.internal.MingwSupport,34-137:MingwSupport,124-136:getRedirect,method,attempted,error,Compilation failed: error: undeclared identifier 'java'
jansi.src.main.org.fusesource.jansi.internal.OSInfo,46-229:OSInfo,48-48:X86,field,completed,success,Compilation successful
jansi.src.main.org.fusesource.jansi.internal.OSInfo,46-229:OSInfo,49-49:X86_64,field,completed,success,Compilation successful
jansi.src.main.org.fusesource.jansi.internal.OSInfo,46-229:OSInfo,50-50:IA64_32,field,completed,success,Compilation successful
jansi.src.main.org.fusesource.jansi.internal.OSInfo,46-229:OSInfo,51-51:IA64,field,completed,success,Compilation successful
jansi.src.main.org.fusesource.jansi.internal.OSInfo,46-229:OSInfo,52-52:PPC,field,completed,success,Compilation successful
jansi.src.main.org.fusesource.jansi.internal.OSInfo,46-229:OSInfo,53-53:PPC64,field,completed,success,Compilation successful
jansi.src.main.org.fusesource.jansi.internal.OSInfo,46-229:OSInfo,54-54:ARM64,field,completed,success,Compilation successful
jansi.src.main.org.fusesource.jansi.internal.OSInfo,46-229:OSInfo,56-56:archMapping,field,completed,success,Compilation successful
jansi.src.main.org.fusesource.jansi.internal.OSInfo,46-229:OSInfo,99-111:main,method,attempted,error,Compilation failed: --- cjc stderr ---
jansi.src.main.org.fusesource.jansi.internal.OSInfo,46-229:OSInfo,113-115:getNativeLibFolderPathForCurrentOS,method,completed,success,Compilation successful
jansi.src.main.org.fusesource.jansi.internal.OSInfo,46-229:OSInfo,117-119:getOSName,method,attempted,error,Compilation failed: error: undeclared identifier 'getProperty'
jansi.src.main.org.fusesource.jansi.internal.OSInfo,46-229:OSInfo,121-123:isAndroid,method,attempted,error,Compilation failed: error: undeclared identifier 'System'
jansi.src.main.org.fusesource.jansi.internal.OSInfo,46-229:OSInfo,125-136:isAlpine,method,attempted,error,Compilation failed: error: undeclared identifier 'std'
jansi.src.main.org.fusesource.jansi.internal.OSInfo,46-229:OSInfo,138-153:getHardwareName,method,attempted,error,Compilation failed: error: undeclared identifier 'Runtime'
jansi.src.main.org.fusesource.jansi.internal.OSInfo,46-229:OSInfo,155-163:readFully,method,attempted,error,Compilation failed: error: undeclared identifier 'ByteArray'
jansi.src.main.org.fusesource.jansi.internal.OSInfo,46-229:OSInfo,165-192:resolveArmArchType,method,attempted,error,Compilation failed: error: undeclared identifier 'System'
jansi.src.main.org.fusesource.jansi.internal.OSInfo,46-229:OSInfo,194-208:getArchName,method,attempted,error,Compilation failed: error: undeclared identifier 'getProperty'
jansi.src.main.org.fusesource.jansi.internal.OSInfo,46-229:OSInfo,210-224:translateOSNameToFolderName,method,attempted,error,Compilation failed: error: 'replaceAll' is not a member of struct 'String'
jansi.src.main.org.fusesource.jansi.internal.OSInfo,46-229:OSInfo,226-228:translateArchNameToFolderName,method,attempted,error,Compilation failed: error: undeclared identifier 'Regex'
jansi.src.main.org.fusesource.jansi.internal.OSInfo,46-229:OSInfo,58-97:run_static_init,static_initializer,attempted,error,"Compilation failed: error: 'put' is not a member of class 'HashMap<Struct-String, Struct-String>'"
jansi.src.main.org.fusesource.jansi.io.AnsiOutputStream,41-359:AnsiOutputStream,43-43:RESET_CODE,field,attempted,error,"Compilation failed: error: expected '{' in unicode escape, found '0'"
jansi.src.main.org.fusesource.jansi.io.AnsiOutputStream,41-359:AnsiOutputStream,62-62:LOOKING_FOR_FIRST_ESC_CHAR,field,completed,success,Compilation successful
jansi.src.main.org.fusesource.jansi.io.AnsiOutputStream,41-359:AnsiOutputStream,63-63:LOOKING_FOR_SECOND_ESC_CHAR,field,completed,success,Compilation successful
jansi.src.main.org.fusesource.jansi.io.AnsiOutputStream,41-359:AnsiOutputStream,64-64:LOOKING_FOR_NEXT_ARG,field,completed,success,Compilation successful
jansi.src.main.org.fusesource.jansi.io.AnsiOutputStream,41-359:AnsiOutputStream,65-65:LOOKING_FOR_STR_ARG_END,field,completed,success,Compilation successful
jansi.src.main.org.fusesource.jansi.io.AnsiOutputStream,41-359:AnsiOutputStream,66-66:LOOKING_FOR_INT_ARG_END,field,completed,success,Compilation successful
jansi.src.main.org.fusesource.jansi.io.AnsiOutputStream,41-359:AnsiOutputStream,67-67:LOOKING_FOR_OSC_COMMAND,field,completed,success,Compilation successful
jansi.src.main.org.fusesource.jansi.io.AnsiOutputStream,41-359:AnsiOutputStream,68-68:LOOKING_FOR_OSC_COMMAND_END,field,completed,success,Compilation successful
jansi.src.main.org.fusesource.jansi.io.AnsiOutputStream,41-359:AnsiOutputStream,69-69:LOOKING_FOR_OSC_PARAM,field,completed,success,Compilation successful
jansi.src.main.org.fusesource.jansi.io.AnsiOutputStream,41-359:AnsiOutputStream,70-70:LOOKING_FOR_ST,field,completed,success,Compilation successful
jansi.src.main.org.fusesource.jansi.io.AnsiOutputStream,41-359:AnsiOutputStream,71-71:LOOKING_FOR_CHARSET,field,completed,success,Compilation successful
jansi.src.main.org.fusesource.jansi.io.AnsiOutputStream,41-359:AnsiOutputStream,73-73:FIRST_ESC_CHAR,field,completed,success,Compilation successful
jansi.src.main.org.fusesource.jansi.io.AnsiOutputStream,41-359:AnsiOutputStream,74-74:SECOND_ESC_CHAR,field,attempted,error,Compilation failed: error: the expression for numeric type conversion must have a numeric type
jansi.src.main.org.fusesource.jansi.io.AnsiOutputStream,41-359:AnsiOutputStream,75-75:SECOND_OSC_CHAR,field,completed,success,Compilation successful
jansi.src.main.org.fusesource.jansi.io.AnsiOutputStream,41-359:AnsiOutputStream,76-76:BEL,field,completed,success,Compilation successful
jansi.src.main.org.fusesource.jansi.io.AnsiOutputStream,41-359:AnsiOutputStream,77-77:SECOND_ST_CHAR,field,attempted,error,Compilation failed: error: the expression for numeric type conversion must have a numeric type
jansi.src.main.org.fusesource.jansi.io.AnsiOutputStream,41-359:AnsiOutputStream,78-78:SECOND_CHARSET0_CHAR,field,completed,success,Compilation successful
jansi.src.main.org.fusesource.jansi.io.AnsiOutputStream,41-359:AnsiOutputStream,79-79:SECOND_CHARSET1_CHAR,field,completed,success,Compilation successful
jansi.src.main.org.fusesource.jansi.io.AnsiOutputStream,41-359:AnsiOutputStream,81-81:ap,field,completed,success,Compilation successful
jansi.src.main.org.fusesource.jansi.io.AnsiOutputStream,41-359:AnsiOutputStream,82-82:MAX_ESCAPE_SEQUENCE_LENGTH,field,completed,success,Compilation successful
jansi.src.main.org.fusesource.jansi.io.AnsiOutputStream,41-359:AnsiOutputStream,83-83:buffer,field,attempted,error,Compilation failed: error: mismatched types
jansi.src.main.org.fusesource.jansi.io.AnsiOutputStream,41-359:AnsiOutputStream,84-84:pos,field,completed,success,Compilation successful
jansi.src.main.org.fusesource.jansi.io.AnsiOutputStream,41-359:AnsiOutputStream,85-85:startOfValue,field,completed,success,Compilation successful
jansi.src.main.org.fusesource.jansi.io.AnsiOutputStream,41-359:AnsiOutputStream,86-86:options,field,completed,success,Compilation successful
jansi.src.main.org.fusesource.jansi.io.AnsiOutputStream,41-359:AnsiOutputStream,87-87:state,field,completed,success,Compilation successful
jansi.src.main.org.fusesource.jansi.io.AnsiOutputStream,41-359:AnsiOutputStream,88-88:cs,field,completed,success,Compilation successful
jansi.src.main.org.fusesource.jansi.io.AnsiOutputStream,41-359:AnsiOutputStream,90-90:width,field,completed,success,Compilation successful
jansi.src.main.org.fusesource.jansi.io.AnsiOutputStream,41-359:AnsiOutputStream,91-91:processor,field,completed,success,Compilation successful
jansi.src.main.org.fusesource.jansi.io.AnsiOutputStream,41-359:AnsiOutputStream,92-92:type__,field,completed,success,Compilation successful
jansi.src.main.org.fusesource.jansi.io.AnsiOutputStream,41-359:AnsiOutputStream,93-93:colors,field,completed,success,Compilation successful
jansi.src.main.org.fusesource.jansi.io.AnsiOutputStream,41-359:AnsiOutputStream,94-94:installer,field,completed,success,Compilation successful
jansi.src.main.org.fusesource.jansi.io.AnsiOutputStream,41-359:AnsiOutputStream,95-95:uninstaller,field,completed,success,Compilation successful
jansi.src.main.org.fusesource.jansi.io.AnsiOutputStream,41-359:AnsiOutputStream,96-96:mode,field,completed,success,Compilation successful
jansi.src.main.org.fusesource.jansi.io.AnsiOutputStream,41-359:AnsiOutputStream,97-97:resetAtUninstall,field,completed,success,Compilation successful
jansi.src.main.org.fusesource.jansi.io.AnsiOutputStream,41-359:AnsiOutputStream,99-120:AnsiOutputStream,method,completed,success,Compilation successful
jansi.src.main.org.fusesource.jansi.io.AnsiOutputStream,41-359:AnsiOutputStream,122-124:getTerminalWidth,method,completed,success,Compilation successful
jansi.src.main.org.fusesource.jansi.io.AnsiOutputStream,41-359:AnsiOutputStream,126-128:getType,method,completed,success,Compilation successful
jansi.src.main.org.fusesource.jansi.io.AnsiOutputStream,41-359:AnsiOutputStream,130-132:getColors,method,completed,success,Compilation successful
jansi.src.main.org.fusesource.jansi.io.AnsiOutputStream,41-359:AnsiOutputStream,134-136:getMode,method,completed,success,Compilation successful
jansi.src.main.org.fusesource.jansi.io.AnsiOutputStream,41-359:AnsiOutputStream,138-143:setMode,method,attempted,error,"Compilation failed: error: 'Strip' is non-static member, cannot access by type name"
jansi.src.main.org.fusesource.jansi.io.AnsiOutputStream,41-359:AnsiOutputStream,145-147:isResetAtUninstall,method,completed,success,Compilation successful
jansi.src.main.org.fusesource.jansi.io.AnsiOutputStream,41-359:AnsiOutputStream,149-151:setResetAtUninstall,method,completed,success,Compilation successful
jansi.src.main.org.fusesource.jansi.io.AnsiOutputStream,41-359:AnsiOutputStream,156-293:write,method,attempted,error,Compilation failed: error: match case cannot be empty
jansi.src.main.org.fusesource.jansi.io.AnsiOutputStream,41-359:AnsiOutputStream,295-302:processCharsetSelect,method,attempted,error,Compilation failed: error: undeclared identifier 'null'
jansi.src.main.org.fusesource.jansi.io.AnsiOutputStream,41-359:AnsiOutputStream,304-311:processOperatingSystemCommand,method,attempted,error,Compilation failed: error: undeclared identifier 'null'
jansi.src.main.org.fusesource.jansi.io.AnsiOutputStream,41-359:AnsiOutputStream,313-320:processEscapeCommand,method,attempted,error,Compilation failed: error: undeclared identifier 'null'
jansi.src.main.org.fusesource.jansi.io.AnsiOutputStream,41-359:AnsiOutputStream,327-335:reset,method,completed,success,Compilation successful
jansi.src.main.org.fusesource.jansi.io.AnsiOutputStream,41-359:AnsiOutputStream,337-341:install,method,attempted,error,Compilation failed: error: undeclared identifier 'null'
jansi.src.main.org.fusesource.jansi.io.AnsiOutputStream,41-359:AnsiOutputStream,343-352:uninstall,method,attempted,error,"Compilation failed: error: 'Redirected' is non-static member, cannot access by type name"
jansi.src.main.org.fusesource.jansi.io.AnsiOutputStream,41-359:AnsiOutputStream,354-358:close,method,attempted,error,Compilation failed: error: 'close' is not a member of class 'Object'
jansi.src.main.org.fusesource.jansi.io.AnsiOutputStream,45-48:AnsiOutputStream_IoRunnable,47-47:run,method,pending,pending,
jansi.src.main.org.fusesource.jansi.io.AnsiOutputStream,50-53:AnsiOutputStream_WidthSupplier,52-52:getTerminalWidth,method,pending,pending,
jansi.src.main.org.fusesource.jansi.io.AnsiOutputStream,55-60:AnsiOutputStream_ZeroWidthSupplier,56-59:getTerminalWidth,method,pending,pending,
jansi.src.main.org.fusesource.jansi.io.AnsiProcessor,33-559:AnsiProcessor,35-35:os,field,completed,success,Compilation successful
jansi.src.main.org.fusesource.jansi.io.AnsiProcessor,33-559:AnsiProcessor,302-302:ERASE_SCREEN_TO_END,field,completed,success,Compilation successful
jansi.src.main.org.fusesource.jansi.io.AnsiProcessor,33-559:AnsiProcessor,303-303:ERASE_SCREEN_TO_BEGINING,field,completed,success,Compilation successful
jansi.src.main.org.fusesource.jansi.io.AnsiProcessor,33-559:AnsiProcessor,304-304:ERASE_SCREEN,field,completed,success,Compilation successful
jansi.src.main.org.fusesource.jansi.io.AnsiProcessor,33-559:AnsiProcessor,313-313:ERASE_LINE_TO_END,field,completed,success,Compilation successful
jansi.src.main.org.fusesource.jansi.io.AnsiProcessor,33-559:AnsiProcessor,314-314:ERASE_LINE_TO_BEGINING,field,completed,success,Compilation successful
jansi.src.main.org.fusesource.jansi.io.AnsiProcessor,33-559:AnsiProcessor,315-315:ERASE_LINE,field,completed,success,Compilation successful
jansi.src.main.org.fusesource.jansi.io.AnsiProcessor,33-559:AnsiProcessor,324-324:ATTRIBUTE_INTENSITY_BOLD,field,completed,success,Compilation successful
jansi.src.main.org.fusesource.jansi.io.AnsiProcessor,33-559:AnsiProcessor,325-325:ATTRIBUTE_INTENSITY_FAINT,field,completed,success,Compilation successful
jansi.src.main.org.fusesource.jansi.io.AnsiProcessor,33-559:AnsiProcessor,326-326:ATTRIBUTE_ITALIC,field,completed,success,Compilation successful
jansi.src.main.org.fusesource.jansi.io.AnsiProcessor,33-559:AnsiProcessor,327-327:ATTRIBUTE_UNDERLINE,field,completed,success,Compilation successful
jansi.src.main.org.fusesource.jansi.io.AnsiProcessor,33-559:AnsiProcessor,328-328:ATTRIBUTE_BLINK_SLOW,field,completed,success,Compilation successful
jansi.src.main.org.fusesource.jansi.io.AnsiProcessor,33-559:AnsiProcessor,329-329:ATTRIBUTE_BLINK_FAST,field,completed,success,Compilation successful
jansi.src.main.org.fusesource.jansi.io.AnsiProcessor,33-559:AnsiProcessor,330-331:ATTRIBUTE_NEGATIVE_ON,field,completed,success,Compilation successful
jansi.src.main.org.fusesource.jansi.io.AnsiProcessor,33-559:AnsiProcessor,332-332:ATTRIBUTE_CONCEAL_ON,field,completed,success,Compilation successful
jansi.src.main.org.fusesource.jansi.io.AnsiProcessor,33-559:AnsiProcessor,333-333:ATTRIBUTE_UNDERLINE_DOUBLE,field,completed,success,Compilation successful
jansi.src.main.org.fusesource.jansi.io.AnsiProcessor,33-559:AnsiProcessor,334-334:ATTRIBUTE_INTENSITY_NORMAL,field,completed,success,Compilation successful
jansi.src.main.org.fusesource.jansi.io.AnsiProcessor,33-559:AnsiProcessor,335-335:ATTRIBUTE_UNDERLINE_OFF,field,completed,success,Compilation successful
jansi.src.main.org.fusesource.jansi.io.AnsiProcessor,33-559:AnsiProcessor,336-336:ATTRIBUTE_BLINK_OFF,field,completed,success,Compilation successful
jansi.src.main.org.fusesource.jansi.io.AnsiProcessor,33-559:AnsiProcessor,337-337:ATTRIBUTE_NEGATIVE_OFF,field,completed,success,Compilation successful
jansi.src.main.org.fusesource.jansi.io.AnsiProcessor,33-559:AnsiProcessor,338-338:ATTRIBUTE_CONCEAL_OFF,field,completed,success,Compilation successful
jansi.src.main.org.fusesource.jansi.io.AnsiProcessor,33-559:AnsiProcessor,356-356:BLACK,field,completed,success,Compilation successful
jansi.src.main.org.fusesource.jansi.io.AnsiProcessor,33-559:AnsiProcessor,357-357:RED,field,completed,success,Compilation successful
jansi.src.main.org.fusesource.jansi.io.AnsiProcessor,33-559:AnsiProcessor,358-358:GREEN,field,completed,success,Compilation successful
jansi.src.main.org.fusesource.jansi.io.AnsiProcessor,33-559:AnsiProcessor,359-359:YELLOW,field,completed,success,Compilation successful
jansi.src.main.org.fusesource.jansi.io.AnsiProcessor,33-559:AnsiProcessor,360-360:BLUE,field,completed,success,Compilation successful
jansi.src.main.org.fusesource.jansi.io.AnsiProcessor,33-559:AnsiProcessor,361-361:MAGENTA,field,completed,success,Compilation successful
jansi.src.main.org.fusesource.jansi.io.AnsiProcessor,33-559:AnsiProcessor,362-362:CYAN,field,completed,success,Compilation successful
jansi.src.main.org.fusesource.jansi.io.AnsiProcessor,33-559:AnsiProcessor,363-363:WHITE,field,completed,success,Compilation successful
jansi.src.main.org.fusesource.jansi.io.AnsiProcessor,33-559:AnsiProcessor,37-39:AnsiProcessor,method,completed,success,Compilation successful
jansi.src.main.org.fusesource.jansi.io.AnsiProcessor,33-559:AnsiProcessor,46-52:getNextOptionInt,method,attempted,error,Compilation failed: --- cjc stderr ---
jansi.src.main.org.fusesource.jansi.io.AnsiProcessor,33-559:AnsiProcessor,57-197:processEscapeCommand,method,attempted,error,Compilation failed: --- cjc stderr ---
jansi.src.main.org.fusesource.jansi.io.AnsiProcessor,33-559:AnsiProcessor,202-227:processOperatingSystemCommand,method,attempted,error,Compilation failed: --- cjc stderr ---
jansi.src.main.org.fusesource.jansi.io.AnsiProcessor,33-559:AnsiProcessor,234-239:processCharsetSelect,method,attempted,error,Compilation failed: error: redefinition of declaration 'set'
jansi.src.main.org.fusesource.jansi.io.AnsiProcessor,33-559:AnsiProcessor,241-247:optionInt,method,attempted,error,Compilation failed: --- cjc stderr ---
jansi.src.main.org.fusesource.jansi.io.AnsiProcessor,33-559:AnsiProcessor,249-258:optionInt,method,attempted,error,Compilation failed: --- cjc stderr ---
jansi.src.main.org.fusesource.jansi.io.AnsiProcessor,33-559:AnsiProcessor,264-264:processRestoreCursorPosition,method,completed,success,Compilation successful
jansi.src.main.org.fusesource.jansi.io.AnsiProcessor,33-559:AnsiProcessor,270-270:processSaveCursorPosition,method,completed,success,Compilation successful
jansi.src.main.org.fusesource.jansi.io.AnsiProcessor,33-559:AnsiProcessor,278-278:processInsertLine,method,completed,success,Compilation successful
jansi.src.main.org.fusesource.jansi.io.AnsiProcessor,33-559:AnsiProcessor,286-286:processDeleteLine,method,completed,success,Compilation successful
jansi.src.main.org.fusesource.jansi.io.AnsiProcessor,33-559:AnsiProcessor,293-293:processScrollDown,method,completed,success,Compilation successful
jansi.src.main.org.fusesource.jansi.io.AnsiProcessor,33-559:AnsiProcessor,300-300:processScrollUp,method,completed,success,Compilation successful
jansi.src.main.org.fusesource.jansi.io.AnsiProcessor,33-559:AnsiProcessor,311-311:processEraseScreen,method,completed,success,Compilation successful
jansi.src.main.org.fusesource.jansi.io.AnsiProcessor,33-559:AnsiProcessor,322-322:processEraseLine,method,completed,success,Compilation successful
jansi.src.main.org.fusesource.jansi.io.AnsiProcessor,33-559:AnsiProcessor,354-354:processSetAttribute,method,completed,success,Compilation successful
jansi.src.main.org.fusesource.jansi.io.AnsiProcessor,33-559:AnsiProcessor,370-372:processSetForegroundColor,method,completed,success,Compilation successful
jansi.src.main.org.fusesource.jansi.io.AnsiProcessor,33-559:AnsiProcessor,381-381:processSetForegroundColor,method,completed,success,Compilation successful
jansi.src.main.org.fusesource.jansi.io.AnsiProcessor,33-559:AnsiProcessor,389-389:processSetForegroundColorExt,method,completed,success,Compilation successful
jansi.src.main.org.fusesource.jansi.io.AnsiProcessor,33-559:AnsiProcessor,399-399:processSetForegroundColorExt,method,completed,success,Compilation successful
jansi.src.main.org.fusesource.jansi.io.AnsiProcessor,33-559:AnsiProcessor,406-408:processSetBackgroundColor,method,completed,success,Compilation successful
jansi.src.main.org.fusesource.jansi.io.AnsiProcessor,33-559:AnsiProcessor,417-417:processSetBackgroundColor,method,completed,success,Compilation successful
jansi.src.main.org.fusesource.jansi.io.AnsiProcessor,33-559:AnsiProcessor,425-425:processSetBackgroundColorExt,method,completed,success,Compilation successful
jansi.src.main.org.fusesource.jansi.io.AnsiProcessor,33-559:AnsiProcessor,435-435:processSetBackgroundColorExt,method,completed,success,Compilation successful
jansi.src.main.org.fusesource.jansi.io.AnsiProcessor,33-559:AnsiProcessor,441-441:processDefaultTextColor,method,completed,success,Compilation successful
jansi.src.main.org.fusesource.jansi.io.AnsiProcessor,33-559:AnsiProcessor,447-447:processDefaultBackgroundColor,method,completed,success,Compilation successful
jansi.src.main.org.fusesource.jansi.io.AnsiProcessor,33-559:AnsiProcessor,453-453:processAttributeReset,method,completed,success,Compilation successful
jansi.src.main.org.fusesource.jansi.io.AnsiProcessor,33-559:AnsiProcessor,462-462:processCursorTo,method,completed,success,Compilation successful
jansi.src.main.org.fusesource.jansi.io.AnsiProcessor,33-559:AnsiProcessor,469-469:processCursorToColumn,method,completed,success,Compilation successful
jansi.src.main.org.fusesource.jansi.io.AnsiProcessor,33-559:AnsiProcessor,476-476:processCursorUpLine,method,completed,success,Compilation successful
jansi.src.main.org.fusesource.jansi.io.AnsiProcessor,33-559:AnsiProcessor,483-488:processCursorDownLine,method,attempted,error,Compilation failed: error: 'writeByte' is not a member of interface 'OutputStream'
jansi.src.main.org.fusesource.jansi.io.AnsiProcessor,33-559:AnsiProcessor,495-495:processCursorLeft,method,completed,success,Compilation successful
jansi.src.main.org.fusesource.jansi.io.AnsiProcessor,33-559:AnsiProcessor,502-507:processCursorRight,method,completed,success,Compilation successful
jansi.src.main.org.fusesource.jansi.io.AnsiProcessor,33-559:AnsiProcessor,514-514:processCursorDown,method,completed,success,Compilation successful
jansi.src.main.org.fusesource.jansi.io.AnsiProcessor,33-559:AnsiProcessor,521-521:processCursorUp,method,completed,success,Compilation successful
jansi.src.main.org.fusesource.jansi.io.AnsiProcessor,33-559:AnsiProcessor,528-528:processUnknownExtension,method,attempted,error,Compilation failed: --- cjc stderr ---
jansi.src.main.org.fusesource.jansi.io.AnsiProcessor,33-559:AnsiProcessor,534-537:processChangeIconNameAndWindowTitle,method,completed,success,Compilation successful
jansi.src.main.org.fusesource.jansi.io.AnsiProcessor,33-559:AnsiProcessor,543-543:processChangeIconName,method,completed,success,Compilation successful
jansi.src.main.org.fusesource.jansi.io.AnsiProcessor,33-559:AnsiProcessor,549-549:processChangeWindowTitle,method,completed,success,Compilation successful
jansi.src.main.org.fusesource.jansi.io.AnsiProcessor,33-559:AnsiProcessor,556-556:processUnknownOperatingSystemCommand,method,completed,success,Compilation successful
jansi.src.main.org.fusesource.jansi.io.AnsiProcessor,33-559:AnsiProcessor,558-558:processCharsetSelect,method,completed,success,Compilation successful
jansi.src.main.org.fusesource.jansi.io.Colors,23-167:Colors,29-81:DEFAULT_COLORS_256,field,completed,success,Compilation successful
jansi.src.main.org.fusesource.jansi.io.Colors,23-167:Colors,157-157:epsilon,field,completed,success,Compilation successful
jansi.src.main.org.fusesource.jansi.io.Colors,23-167:Colors,158-158:kappa,field,completed,success,Compilation successful
jansi.src.main.org.fusesource.jansi.io.Colors,23-167:Colors,84-90:roundColor,method,completed,success,Compilation successful
jansi.src.main.org.fusesource.jansi.io.Colors,23-167:Colors,92-94:roundRgbColor,method,completed,success,Compilation successful
jansi.src.main.org.fusesource.jansi.io.Colors,23-167:Colors,96-107:roundColor,method,completed,success,Compilation successful
jansi.src.main.org.fusesource.jansi.io.Colors,23-167:Colors,109-111:cie76,method,completed,success,Compilation successful
jansi.src.main.org.fusesource.jansi.io.Colors,23-167:Colors,113-115:scalar,method,completed,success,Compilation successful
jansi.src.main.org.fusesource.jansi.io.Colors,23-167:Colors,117-122:rgb,method,completed,success,Compilation successful
jansi.src.main.org.fusesource.jansi.io.Colors,23-167:Colors,124-126:rgb2cielab,method,completed,success,Compilation successful
jansi.src.main.org.fusesource.jansi.io.Colors,23-167:Colors,128-130:rgb2cielab,method,completed,success,Compilation successful
jansi.src.main.org.fusesource.jansi.io.Colors,23-167:Colors,132-141:rgb2xyz,method,completed,success,Compilation successful
jansi.src.main.org.fusesource.jansi.io.Colors,23-167:Colors,143-145:pivotRgb,method,attempted,error,Compilation failed: error: undeclared identifier 'pow'
jansi.src.main.org.fusesource.jansi.io.Colors,23-167:Colors,147-155:xyz2lab,method,completed,success,Compilation successful
jansi.src.main.org.fusesource.jansi.io.Colors,23-167:Colors,160-162:pivotXyz,method,attempted,error,Compilation failed: error: undeclared identifier 'pow'
jansi.src.main.org.fusesource.jansi.io.Colors,23-167:Colors,164-166:sqr,method,completed,success,Compilation successful
jansi.src.main.org.fusesource.jansi.io.ColorsAnsiProcessor,28-145:ColorsAnsiProcessor,30-30:colors,field,completed,success,Compilation successful
jansi.src.main.org.fusesource.jansi.io.ColorsAnsiProcessor,28-145:ColorsAnsiProcessor,32-35:ColorsAnsiProcessor,method,attempted,error,Compilation failed: error: call to 'super' must be first expression in constructor of class 'ColorsAnsiProcessor'
jansi.src.main.org.fusesource.jansi.io.ColorsAnsiProcessor,28-145:ColorsAnsiProcessor,37-134:processEscapeCommand,method,attempted,error,Compilation failed: --- cjc stderr ---
jansi.src.main.org.fusesource.jansi.io.ColorsAnsiProcessor,28-145:ColorsAnsiProcessor,136-139:processOperatingSystemCommand,method,attempted,error,Compilation failed: --- cjc stderr ---
jansi.src.main.org.fusesource.jansi.io.ColorsAnsiProcessor,28-145:ColorsAnsiProcessor,141-144:processCharsetSelect,method,attempted,error,Compilation failed: --- cjc stderr ---
jansi.src.main.org.fusesource.jansi.io.FastBufferedOutputStream,25-68:FastBufferedOutputStream,27-27:buf,field,pending,pending,
jansi.src.main.org.fusesource.jansi.io.FastBufferedOutputStream,25-68:FastBufferedOutputStream,28-28:count,field,pending,pending,
jansi.src.main.org.fusesource.jansi.io.FastBufferedOutputStream,25-68:FastBufferedOutputStream,30-32:FastBufferedOutputStream,method,pending,pending,
jansi.src.main.org.fusesource.jansi.io.FastBufferedOutputStream,25-68:FastBufferedOutputStream,34-40:write,method,pending,pending,
jansi.src.main.org.fusesource.jansi.io.FastBufferedOutputStream,25-68:FastBufferedOutputStream,42-54:write,method,pending,pending,
jansi.src.main.org.fusesource.jansi.io.FastBufferedOutputStream,25-68:FastBufferedOutputStream,56-61:flushBuffer,method,pending,pending,
jansi.src.main.org.fusesource.jansi.io.FastBufferedOutputStream,25-68:FastBufferedOutputStream,63-67:flush,method,pending,pending,
jansi.src.main.org.fusesource.jansi.io.WindowsAnsiProcessor,55-424:WindowsAnsiProcessor,57-57:console,field,pending,pending,
jansi.src.main.org.fusesource.jansi.io.WindowsAnsiProcessor,55-424:WindowsAnsiProcessor,59-59:FOREGROUND_BLACK,field,pending,pending,
jansi.src.main.org.fusesource.jansi.io.WindowsAnsiProcessor,55-424:WindowsAnsiProcessor,60-60:FOREGROUND_YELLOW,field,pending,pending,
jansi.src.main.org.fusesource.jansi.io.WindowsAnsiProcessor,55-424:WindowsAnsiProcessor,61-61:FOREGROUND_MAGENTA,field,pending,pending,
jansi.src.main.org.fusesource.jansi.io.WindowsAnsiProcessor,55-424:WindowsAnsiProcessor,62-62:FOREGROUND_CYAN,field,pending,pending,
jansi.src.main.org.fusesource.jansi.io.WindowsAnsiProcessor,55-424:WindowsAnsiProcessor,63-63:FOREGROUND_WHITE,field,pending,pending,
jansi.src.main.org.fusesource.jansi.io.WindowsAnsiProcessor,55-424:WindowsAnsiProcessor,65-65:BACKGROUND_BLACK,field,pending,pending,
jansi.src.main.org.fusesource.jansi.io.WindowsAnsiProcessor,55-424:WindowsAnsiProcessor,66-66:BACKGROUND_YELLOW,field,pending,pending,
jansi.src.main.org.fusesource.jansi.io.WindowsAnsiProcessor,55-424:WindowsAnsiProcessor,67-67:BACKGROUND_MAGENTA,field,pending,pending,
jansi.src.main.org.fusesource.jansi.io.WindowsAnsiProcessor,55-424:WindowsAnsiProcessor,68-68:BACKGROUND_CYAN,field,pending,pending,
jansi.src.main.org.fusesource.jansi.io.WindowsAnsiProcessor,55-424:WindowsAnsiProcessor,69-69:BACKGROUND_WHITE,field,pending,pending,
jansi.src.main.org.fusesource.jansi.io.WindowsAnsiProcessor,55-424:WindowsAnsiProcessor,71-80:ANSI_FOREGROUND_COLOR_MAP,field,pending,pending,
jansi.src.main.org.fusesource.jansi.io.WindowsAnsiProcessor,55-424:WindowsAnsiProcessor,82-91:ANSI_BACKGROUND_COLOR_MAP,field,pending,pending,
jansi.src.main.org.fusesource.jansi.io.WindowsAnsiProcessor,55-424:WindowsAnsiProcessor,93-93:info,field,pending,pending,
jansi.src.main.org.fusesource.jansi.io.WindowsAnsiProcessor,55-424:WindowsAnsiProcessor,94-94:originalColors,field,pending,pending,
jansi.src.main.org.fusesource.jansi.io.WindowsAnsiProcessor,55-424:WindowsAnsiProcessor,96-96:negative,field,pending,pending,
jansi.src.main.org.fusesource.jansi.io.WindowsAnsiProcessor,55-424:WindowsAnsiProcessor,97-97:savedX,field,pending,pending,
jansi.src.main.org.fusesource.jansi.io.WindowsAnsiProcessor,55-424:WindowsAnsiProcessor,98-98:savedY,field,pending,pending,
jansi.src.main.org.fusesource.jansi.io.WindowsAnsiProcessor,55-424:WindowsAnsiProcessor,100-105:WindowsAnsiProcessor,method,pending,pending,
jansi.src.main.org.fusesource.jansi.io.WindowsAnsiProcessor,55-424:WindowsAnsiProcessor,107-109:WindowsAnsiProcessor,method,pending,pending,
jansi.src.main.org.fusesource.jansi.io.WindowsAnsiProcessor,55-424:WindowsAnsiProcessor,111-113:WindowsAnsiProcessor,method,pending,pending,
jansi.src.main.org.fusesource.jansi.io.WindowsAnsiProcessor,55-424:WindowsAnsiProcessor,115-123:getConsoleInfo,method,pending,pending,
jansi.src.main.org.fusesource.jansi.io.WindowsAnsiProcessor,55-424:WindowsAnsiProcessor,125-134:applyAttribute,method,pending,pending,
jansi.src.main.org.fusesource.jansi.io.WindowsAnsiProcessor,55-424:WindowsAnsiProcessor,136-144:invertAttributeColors,method,pending,pending,
jansi.src.main.org.fusesource.jansi.io.WindowsAnsiProcessor,55-424:WindowsAnsiProcessor,146-150:applyCursorPosition,method,pending,pending,
jansi.src.main.org.fusesource.jansi.io.WindowsAnsiProcessor,55-424:WindowsAnsiProcessor,152-182:processEraseScreen,method,pending,pending,
jansi.src.main.org.fusesource.jansi.io.WindowsAnsiProcessor,55-424:WindowsAnsiProcessor,184-210:processEraseLine,method,pending,pending,
jansi.src.main.org.fusesource.jansi.io.WindowsAnsiProcessor,55-424:WindowsAnsiProcessor,212-217:processCursorLeft,method,pending,pending,
jansi.src.main.org.fusesource.jansi.io.WindowsAnsiProcessor,55-424:WindowsAnsiProcessor,219-224:processCursorRight,method,pending,pending,
jansi.src.main.org.fusesource.jansi.io.WindowsAnsiProcessor,55-424:WindowsAnsiProcessor,226-231:processCursorDown,method,pending,pending,
jansi.src.main.org.fusesource.jansi.io.WindowsAnsiProcessor,55-424:WindowsAnsiProcessor,233-238:processCursorUp,method,pending,pending,
jansi.src.main.org.fusesource.jansi.io.WindowsAnsiProcessor,55-424:WindowsAnsiProcessor,240-246:processCursorTo,method,pending,pending,
jansi.src.main.org.fusesource.jansi.io.WindowsAnsiProcessor,55-424:WindowsAnsiProcessor,248-253:processCursorToColumn,method,pending,pending,
jansi.src.main.org.fusesource.jansi.io.WindowsAnsiProcessor,55-424:WindowsAnsiProcessor,255-261:processCursorUpLine,method,pending,pending,
jansi.src.main.org.fusesource.jansi.io.WindowsAnsiProcessor,55-424:WindowsAnsiProcessor,263-269:processCursorDownLine,method,pending,pending,
jansi.src.main.org.fusesource.jansi.io.WindowsAnsiProcessor,55-424:WindowsAnsiProcessor,271-278:processSetForegroundColor,method,pending,pending,
jansi.src.main.org.fusesource.jansi.io.WindowsAnsiProcessor,55-424:WindowsAnsiProcessor,280-284:processSetForegroundColorExt,method,pending,pending,
jansi.src.main.org.fusesource.jansi.io.WindowsAnsiProcessor,55-424:WindowsAnsiProcessor,286-290:processSetForegroundColorExt,method,pending,pending,
jansi.src.main.org.fusesource.jansi.io.WindowsAnsiProcessor,55-424:WindowsAnsiProcessor,292-299:processSetBackgroundColor,method,pending,pending,
jansi.src.main.org.fusesource.jansi.io.WindowsAnsiProcessor,55-424:WindowsAnsiProcessor,301-305:processSetBackgroundColorExt,method,pending,pending,
jansi.src.main.org.fusesource.jansi.io.WindowsAnsiProcessor,55-424:WindowsAnsiProcessor,307-311:processSetBackgroundColorExt,method,pending,pending,
jansi.src.main.org.fusesource.jansi.io.WindowsAnsiProcessor,55-424:WindowsAnsiProcessor,313-318:processDefaultTextColor,method,pending,pending,
jansi.src.main.org.fusesource.jansi.io.WindowsAnsiProcessor,55-424:WindowsAnsiProcessor,320-325:processDefaultBackgroundColor,method,pending,pending,
jansi.src.main.org.fusesource.jansi.io.WindowsAnsiProcessor,55-424:WindowsAnsiProcessor,327-332:processAttributeReset,method,pending,pending,
jansi.src.main.org.fusesource.jansi.io.WindowsAnsiProcessor,55-424:WindowsAnsiProcessor,334-368:processSetAttribute,method,pending,pending,
jansi.src.main.org.fusesource.jansi.io.WindowsAnsiProcessor,55-424:WindowsAnsiProcessor,370-375:processSaveCursorPosition,method,pending,pending,
jansi.src.main.org.fusesource.jansi.io.WindowsAnsiProcessor,55-424:WindowsAnsiProcessor,377-386:processRestoreCursorPosition,method,pending,pending,
jansi.src.main.org.fusesource.jansi.io.WindowsAnsiProcessor,55-424:WindowsAnsiProcessor,388-402:processInsertLine,method,pending,pending,
jansi.src.main.org.fusesource.jansi.io.WindowsAnsiProcessor,55-424:WindowsAnsiProcessor,404-418:processDeleteLine,method,pending,pending,
jansi.src.main.org.fusesource.jansi.io.WindowsAnsiProcessor,55-424:WindowsAnsiProcessor,420-423:processChangeWindowTitle,method,pending,pending,
jansi.src.test.org.fusesource.jansi.AnsiConsoleExample,24-44:AnsiConsoleExample,26-26:AnsiConsoleExample,method,pending,pending,
jansi.src.test.org.fusesource.jansi.AnsiConsoleExample,24-44:AnsiConsoleExample,28-43:main,method,pending,pending,
jansi.src.test.org.fusesource.jansi.AnsiConsoleExample2,26-49:AnsiConsoleExample2,28-28:AnsiConsoleExample2,method,pending,pending,
jansi.src.test.org.fusesource.jansi.AnsiConsoleExample2,26-49:AnsiConsoleExample2,30-48:main,method,pending,pending,
jansi.src.test.org.fusesource.jansi.AnsiRendererTest,34-125:AnsiRendererTest,35-38:setUp,method,pending,pending,
jansi.src.test.org.fusesource.jansi.AnsiRendererTest,34-125:AnsiRendererTest,40-45:testTest,method,pending,pending,
jansi.src.test.org.fusesource.jansi.AnsiRendererTest,34-125:AnsiRendererTest,47-53:testRender,method,pending,pending,
jansi.src.test.org.fusesource.jansi.AnsiRendererTest,34-125:AnsiRendererTest,55-60:testRenderCodes,method,pending,pending,
jansi.src.test.org.fusesource.jansi.AnsiRendererTest,34-125:AnsiRendererTest,62-68:testRender2,method,pending,pending,
jansi.src.test.org.fusesource.jansi.AnsiRendererTest,34-125:AnsiRendererTest,70-76:testRender3,method,pending,pending,
jansi.src.test.org.fusesource.jansi.AnsiRendererTest,34-125:AnsiRendererTest,78-94:testRender4,method,pending,pending,
jansi.src.test.org.fusesource.jansi.AnsiRendererTest,34-125:AnsiRendererTest,96-102:testRender5,method,pending,pending,
jansi.src.test.org.fusesource.jansi.AnsiRendererTest,34-125:AnsiRendererTest,104-107:testRenderNothing,method,pending,pending,
jansi.src.test.org.fusesource.jansi.AnsiRendererTest,34-125:AnsiRendererTest,109-113:testRenderInvalidMissingEnd,method,pending,pending,
jansi.src.test.org.fusesource.jansi.AnsiRendererTest,34-125:AnsiRendererTest,115-118:testRenderInvalidEndBeforeStart,method,pending,pending,
jansi.src.test.org.fusesource.jansi.AnsiRendererTest,34-125:AnsiRendererTest,120-124:testRenderInvalidMissingText,method,pending,pending,
jansi.src.test.org.fusesource.jansi.AnsiStringTest,24-31:AnsiStringTest,26-30:testCursorPosition,method,pending,pending,
jansi.src.test.org.fusesource.jansi.AnsiTest,39-207:AnsiTest,40-47:testSetEnabled,method,pending,pending,
jansi.src.test.org.fusesource.jansi.AnsiTest,39-207:AnsiTest,49-55:testClone,method,pending,pending,
jansi.src.test.org.fusesource.jansi.AnsiTest,39-207:AnsiTest,57-60:testApply,method,pending,pending,
jansi.src.test.org.fusesource.jansi.AnsiTest,39-207:AnsiTest,62-69:testScrollUp,method,pending,pending,
jansi.src.test.org.fusesource.jansi.AnsiTest,39-207:AnsiTest,71-78:testScrollDown,method,pending,pending,
jansi.src.test.org.fusesource.jansi.AnsiTest,39-207:AnsiTest,80-89:testCursor,method,pending,pending,
jansi.src.test.org.fusesource.jansi.AnsiTest,39-207:AnsiTest,91-95:testCursorToColumn,method,pending,pending,
jansi.src.test.org.fusesource.jansi.AnsiTest,39-207:AnsiTest,97-101:testCursorUp,method,pending,pending,
jansi.src.test.org.fusesource.jansi.AnsiTest,39-207:AnsiTest,103-107:testCursorDown,method,pending,pending,
jansi.src.test.org.fusesource.jansi.AnsiTest,39-207:AnsiTest,109-113:testCursorRight,method,pending,pending,
jansi.src.test.org.fusesource.jansi.AnsiTest,39-207:AnsiTest,115-119:testCursorLeft,method,pending,pending,
jansi.src.test.org.fusesource.jansi.AnsiTest,39-207:AnsiTest,121-131:testCursorMove,method,pending,pending,
jansi.src.test.org.fusesource.jansi.AnsiTest,39-207:AnsiTest,133-136:testCursorDownLine,method,pending,pending,
jansi.src.test.org.fusesource.jansi.AnsiTest,39-207:AnsiTest,138-142:testCursorDownLine,method,pending,pending,
jansi.src.test.org.fusesource.jansi.AnsiTest,39-207:AnsiTest,144-147:testCursorUpLine,method,pending,pending,
jansi.src.test.org.fusesource.jansi.AnsiTest,39-207:AnsiTest,149-153:testCursorUpLine,method,pending,pending,
jansi.src.test.org.fusesource.jansi.AnsiTest,39-207:AnsiTest,155-174:testColorDisabled,method,pending,pending,
jansi.src.test.org.fusesource.jansi.AnsiTest,39-207:AnsiTest,176-202:testAnsiMainWithNoConsole,method,pending,pending,
jansi.src.test.org.fusesource.jansi.AnsiTest,39-207:AnsiTest,204-206:assertAnsi,method,pending,pending,
jansi.src.test.org.fusesource.jansi.EncodingTest,30-89:EncodingTest,32-59:testEncoding8859,method,pending,pending,
jansi.src.test.org.fusesource.jansi.EncodingTest,30-89:EncodingTest,61-88:testEncodingUtf8,method,pending,pending,
jansi.src.test.org.fusesource.jansi.InstallUninstallTest,20-42:InstallUninstallTest,22-35:main,method,pending,pending,
jansi.src.test.org.fusesource.jansi.InstallUninstallTest,20-42:InstallUninstallTest,37-41:print,method,pending,pending,
jansi.src.test.org.fusesource.jansi.internal.JansiLoaderTest,20-26:JansiLoaderTest,22-25:testLoadJansi,method,pending,pending,
jansi.src.test.org.fusesource.jansi.internal.Kernel32Test,24-32:Kernel32Test,26-31:testErrorMessage,method,pending,pending,
jansi.src.test.org.fusesource.jansi.io.AnsiOutputStreamTest,29-49:AnsiOutputStreamTest,31-48:canHandleSgrsWithMultipleOptions,method,pending,pending,
